date,no2_ppb,no2_am_peak_ppb,no2_valid_hours,bg_no2_ppb,co_ppm,pm25_ugm3,wind_speed,wind_u,wind_v,temp_c,temp_min_c,humidity_pct,pressure_hpa,rain_mm,rain_source,year,month,day_of_week,day_of_year,t,post_covid,is_weekend,is_public_holiday,is_school_holiday,event,policy,split
2016-01-01,5.35,3.33,23,2.0,0.052,4.38,1.82,0.03,1.24,24.12,19.2,50.8,1010.6,,,2016,1,4,1,0,0,0,1,1,,0,train
2016-01-02,4.65,5.67,23,1.96,0.065,4.96,1.65,-0.49,0.4,24.16,18.6,53.9,1008.6,,,2016,1,5,2,1,0,1,0,1,,0,train
2016-01-03,6.22,7.67,23,2.65,0.113,3.44,1.62,-0.41,1.22,23.23,19.7,65.0,1009.2,,,2016,1,6,3,2,0,1,0,1,,0,train
2016-01-04,14.48,18.33,23,2.7,0.261,3.72,1.26,0.33,0.4,21.86,18.1,77.7,1009.7,,,2016,1,0,4,3,0,0,0,1,,0,train
2016-01-05,11.35,13.67,23,2.78,0.235,2.07,1.15,-0.3,0.3,21.17,20.4,86.0,1007.5,,,2016,1,1,5,4,0,0,0,1,,0,train
2016-01-06,13.04,14.33,23,3.57,0.2,3.67,2.01,1.51,0.51,26.4,20.7,64.0,1004.4,,,2016,1,2,6,5,0,0,0,1,,0,train
2016-01-07,9.39,17.67,23,3.0,0.148,4.23,1.63,-0.93,0.15,25.99,21.6,60.7,1009.1,,,2016,1,3,7,6,0,0,0,1,,0,train
2016-01-08,10.61,13.33,23,2.23,0.087,5.53,1.47,-0.7,0.59,25.08,21.4,51.5,1016.2,,,2016,1,4,8,7,0,0,0,1,,0,train
2016-01-09,7.91,9.33,23,2.96,0.096,5.82,1.48,-0.46,0.25,24.76,19.5,60.6,1017.7,,,2016,1,5,9,8,0,1,0,1,,0,train
2016-01-10,6.13,6.67,23,2.17,0.087,6.87,1.28,-0.52,0.37,25.56,20.8,61.5,1016.3,,,2016,1,6,10,9,0,1,0,1,,0,train
2016-01-11,9.7,17.0,23,3.17,0.126,5.39,1.56,-0.86,-0.31,26.17,21.1,60.9,1014.1,,,2016,1,0,11,10,0,0,0,1,,0,train
2016-01-12,7.78,10.67,23,3.22,0.117,2.8,1.62,-0.6,-1.11,27.12,22.7,61.9,1013.8,,,2016,1,1,12,11,0,0,0,1,,0,train
2016-01-13,7.65,11.0,23,2.17,0.091,4.1,1.7,-1.45,-0.78,26.91,23.1,60.6,1015.8,,,2016,1,2,13,12,0,0,0,1,,0,train
2016-01-14,8.39,15.33,23,2.7,0.13,4.0,1.62,-0.94,-0.71,26.47,21.0,63.2,1015.4,,,2016,1,3,14,13,0,0,0,1,,0,train
2016-01-15,10.35,12.0,23,2.83,0.096,4.95,2.15,-0.66,1.1,26.28,22.0,61.4,1014.3,,,2016,1,4,15,14,0,0,0,1,,0,train
2016-01-16,9.17,10.33,23,1.87,0.065,2.59,2.57,-0.19,2.19,21.77,18.5,62.5,1018.6,,,2016,1,5,16,15,0,1,0,1,,0,train
2016-01-17,5.39,5.0,23,1.96,0.0,2.87,2.53,-0.95,1.89,23.07,17.9,53.7,1017.6,,,2016,1,6,17,16,0,1,0,1,,0,train
2016-01-18,10.0,17.67,23,2.26,0.039,2.52,1.72,-0.69,0.79,23.94,19.9,50.9,1016.0,,,2016,1,0,18,17,0,0,0,1,,0,train
2016-01-19,11.57,18.33,23,3.65,0.074,3.43,1.62,-0.78,-0.13,24.98,19.8,58.4,1015.7,,,2016,1,1,19,18,0,0,0,1,,0,train
2016-01-20,10.52,16.33,23,4.13,0.083,3.16,1.64,-0.77,-0.85,25.75,20.2,58.7,1014.7,,,2016,1,2,20,19,0,0,0,1,,0,train
2016-01-21,9.0,17.0,23,3.17,0.057,4.15,1.96,-1.09,-1.39,26.5,22.1,55.0,1013.4,,,2016,1,3,21,20,0,0,0,1,,0,train
2016-01-22,9.48,17.33,23,3.7,0.087,5.37,1.83,-1.1,-1.23,27.16,22.4,57.2,1010.7,,,2016,1,4,22,21,0,0,0,1,,0,train
2016-01-23,10.65,10.33,23,4.3,0.104,5.11,1.42,-0.77,-0.59,26.45,22.8,64.4,1006.6,,,2016,1,5,23,22,0,1,0,1,,0,train
2016-01-24,6.43,9.0,23,3.0,0.052,5.57,1.59,-0.84,0.69,25.96,21.3,66.2,1008.5,,,2016,1,6,24,23,0,1,0,1,,0,train
2016-01-25,8.43,19.33,23,3.09,0.148,13.38,1.65,-1.27,0.06,26.09,22.5,67.1,1010.6,,,2016,1,0,25,24,0,0,0,0,,0,train
2016-01-26,6.96,13.0,23,2.04,0.135,12.55,1.37,-0.84,0.71,24.79,22.8,70.3,1012.4,,,2016,1,1,26,25,0,0,1,0,,0,train
2016-01-27,8.35,14.33,23,2.74,0.1,3.91,1.55,-0.87,0.29,24.96,20.6,63.3,1012.0,,,2016,1,2,27,26,0,0,0,0,,0,train
2016-01-28,12.83,20.0,23,5.0,0.209,5.16,1.2,-0.55,-0.9,25.35,23.3,74.1,1006.8,,,2016,1,3,28,27,0,0,0,0,,0,train
2016-01-29,13.35,20.0,23,5.91,0.196,7.39,1.37,-0.33,-0.72,27.59,23.1,73.0,1002.4,,,2016,1,4,29,28,0,0,0,0,,0,train
2016-01-30,11.39,10.33,23,4.74,0.152,4.07,1.37,-0.53,-0.87,26.45,23.1,76.6,1005.3,,,2016,1,5,30,29,0,1,0,0,,0,train
2016-01-31,6.35,7.0,23,3.65,0.091,2.97,1.6,-1.02,-1.14,28.45,23.7,67.9,1006.1,,,2016,1,6,31,30,0,1,0,0,,0,train
2016-02-01,9.0,13.0,23,3.96,0.13,6.45,1.79,-1.24,-1.08,28.87,24.5,67.9,1003.9,,,2016,2,0,32,31,0,0,0,0,,0,train
2016-02-02,22.17,21.33,23,10.3,0.23,7.29,1.29,0.38,-0.37,30.16,23.7,58.2,1002.2,,,2016,2,1,33,32,0,0,0,0,,0,train
2016-02-03,16.83,21.33,23,5.17,0.174,6.48,1.4,-0.38,-0.17,27.88,24.3,68.8,1001.7,,,2016,2,2,34,33,0,0,0,0,,0,train
2016-02-04,17.0,27.33,23,5.43,0.178,5.39,1.88,-0.67,1.49,24.86,21.7,75.8,1004.1,,,2016,2,3,35,34,0,0,0,0,,0,train
2016-02-05,15.87,23.33,23,5.17,0.217,4.72,1.97,-0.04,1.67,24.4,21.3,71.5,1007.0,,,2016,2,4,36,35,0,0,0,0,,0,train
2016-02-06,6.78,8.0,23,2.04,0.126,2.95,2.47,-1.03,2.13,24.51,22.3,71.4,1009.2,,,2016,2,5,37,36,0,1,0,0,,0,train
2016-02-07,7.87,4.67,23,2.13,0.104,2.8,2.02,-0.23,1.72,24.27,21.1,64.9,1011.7,,,2016,2,6,38,37,0,1,0,0,,0,train
2016-02-08,11.0,16.33,23,3.52,0.104,4.92,2.08,-0.38,1.57,25.18,19.9,58.9,1013.0,,,2016,2,0,39,38,0,0,0,0,,0,train
2016-02-09,10.74,18.0,23,4.09,0.078,5.2,2.65,-0.93,2.09,25.46,20.2,54.5,1013.1,,,2016,2,1,40,39,0,0,0,0,,0,train
2016-02-10,8.83,16.67,23,3.09,0.078,3.33,2.35,-0.89,1.76,25.58,21.5,57.5,1011.2,,,2016,2,2,41,40,0,0,0,0,,0,train
2016-02-11,8.57,15.67,23,3.48,0.109,5.58,2.0,-0.74,1.24,25.73,20.6,60.2,1010.8,,,2016,2,3,42,41,0,0,0,0,,0,train
2016-02-12,9.26,16.67,23,3.04,0.187,4.77,2.63,-0.83,2.02,25.48,20.9,59.0,1011.0,,,2016,2,4,43,42,0,0,0,0,,0,train
2016-02-13,8.04,8.0,23,3.09,0.152,4.09,2.71,-0.19,2.16,24.01,20.4,62.3,1009.1,,,2016,2,5,44,43,0,1,0,0,,0,train
2016-02-14,5.35,4.67,23,1.83,0.143,,1.84,-0.06,1.12,26.21,20.3,60.6,1006.5,,,2016,2,6,45,44,0,1,0,0,,0,train
2016-02-15,8.04,13.67,23,2.35,0.148,,1.77,-0.33,0.94,27.13,20.8,63.6,1007.2,,,2016,2,0,46,45,0,0,0,0,,0,train
2016-02-16,12.09,13.0,23,2.09,0.204,,1.62,-0.46,-0.19,27.57,21.8,65.1,1005.8,,,2016,2,1,47,46,0,0,0,0,,0,train
2016-02-17,8.96,15.33,23,1.71,0.183,,1.78,-1.43,-0.24,27.8,24.8,65.2,1005.4,,,2016,2,2,48,47,0,0,0,0,,0,train
2016-02-18,7.61,13.0,23,2.48,0.157,,2.05,-1.5,-1.3,28.27,24.8,64.9,1005.9,,,2016,2,3,49,48,0,0,0,0,,0,train
2016-02-19,6.78,12.67,23,1.14,0.239,,2.67,-2.11,-0.9,27.53,21.9,70.6,1010.7,,,2016,2,4,50,49,0,0,0,0,,0,train
2016-02-20,7.17,12.0,23,1.43,0.235,,1.65,-1.04,-0.18,26.71,22.1,67.1,1014.6,,,2016,2,5,51,50,0,1,0,0,,0,train
2016-02-21,5.35,5.0,23,1.35,0.152,,2.55,-1.27,2.01,26.6,22.8,59.3,1018.6,,,2016,2,6,52,51,0,1,0,0,,0,train
2016-02-22,9.48,17.0,23,2.61,0.187,,2.62,-1.02,2.04,25.89,21.3,59.9,1019.3,,,2016,2,0,53,52,0,0,0,0,,0,train
2016-02-23,8.78,16.33,23,2.83,0.109,,2.17,-1.06,1.44,25.53,20.4,60.6,1016.7,,,2016,2,1,54,53,0,0,0,0,,0,train
2016-02-24,10.65,19.67,23,3.57,0.03,,1.59,-0.85,0.4,25.72,20.4,60.6,1014.8,,,2016,2,2,55,54,0,0,0,0,,0,train
2016-02-25,11.65,16.33,23,3.13,0.048,,1.4,-0.78,-0.11,26.13,21.4,60.4,1013.5,,,2016,2,3,56,55,0,0,0,0,,0,train
2016-02-26,12.35,15.67,23,4.52,0.109,,1.52,-0.59,0.43,26.48,21.0,67.0,1008.8,,,2016,2,4,57,56,0,0,0,0,,0,train
2016-02-27,9.91,13.33,23,1.68,0.096,,2.1,-0.51,1.68,28.15,22.2,59.0,1009.5,,,2016,2,5,58,57,0,1,0,0,,0,train
2016-02-28,5.0,5.0,23,1.22,0.057,,2.31,-0.47,1.86,26.95,22.9,69.0,1011.3,,,2016,2,6,59,58,0,1,0,0,,0,train
2016-02-29,10.09,18.33,23,3.43,0.096,,2.48,-0.75,1.98,26.37,23.2,67.4,1013.3,,,2016,2,0,60,59,0,0,0,0,,0,train
2016-03-01,11.78,18.33,23,5.39,0.178,3.39,2.01,-0.19,1.84,23.88,21.5,85.5,1015.2,,,2016,3,1,61,60,0,0,0,0,,0,train
2016-03-02,8.48,16.67,23,3.3,0.139,6.31,1.6,-0.81,0.23,24.92,20.6,80.0,1016.6,,,2016,3,2,62,61,0,0,0,0,,0,train
2016-03-03,7.39,12.33,23,2.26,0.074,5.36,1.72,-1.4,0.16,25.63,21.8,74.0,1017.3,,,2016,3,3,63,62,0,0,0,0,,0,train
2016-03-04,10.13,17.67,23,3.17,0.1,4.19,1.45,-0.88,0.64,24.78,20.9,68.8,1017.1,,,2016,3,4,64,63,0,0,0,0,,0,train
2016-03-05,9.57,11.0,23,4.35,0.052,3.19,1.58,-0.34,1.13,23.41,20.1,75.0,1017.2,,,2016,3,5,65,64,0,1,0,0,,0,train
2016-03-06,5.74,6.67,23,2.96,0.035,3.5,1.51,-0.63,0.6,24.4,19.1,75.1,1017.3,,,2016,3,6,66,65,0,1,0,0,,0,train
2016-03-07,9.96,19.0,23,3.52,0.1,4.28,1.5,-0.61,0.72,24.25,20.3,78.4,1017.2,,,2016,3,0,67,66,0,0,0,0,,0,train
2016-03-08,9.52,17.33,23,3.09,0.109,6.74,1.35,-0.44,0.4,24.43,20.8,78.0,1016.8,,,2016,3,1,68,67,0,0,0,0,,0,train
2016-03-09,8.43,15.0,23,1.43,0.13,4.29,1.25,-0.89,0.4,23.82,21.9,87.1,1017.6,,,2016,3,2,69,68,0,0,0,0,,0,train
2016-03-10,9.57,13.0,23,3.61,0.104,5.17,1.56,-0.47,0.74,24.44,20.0,80.3,1016.9,,,2016,3,3,70,69,0,0,0,0,,0,train
2016-03-11,13.04,13.33,23,3.87,0.217,6.68,1.17,-0.06,0.49,24.44,22.0,82.9,1015.6,,,2016,3,4,71,70,0,0,0,0,,0,train
2016-03-12,9.26,11.0,23,4.22,0.091,5.6,1.92,-0.69,1.4,25.0,21.1,73.4,1015.4,,,2016,3,5,72,71,0,1,0,0,,0,train
2016-03-13,6.57,6.0,23,1.61,0.096,3.69,1.34,-0.41,0.63,24.01,21.8,88.5,1014.0,,,2016,3,6,73,72,0,1,0,0,,0,train
2016-03-14,9.65,15.67,23,3.26,0.091,5.4,1.3,-0.54,0.54,24.98,21.0,78.5,1012.4,,,2016,3,0,74,73,0,0,0,0,,0,train
2016-03-15,12.57,17.33,23,4.57,0.052,5.54,2.16,-0.54,1.72,24.75,20.0,75.4,1010.8,,,2016,3,1,75,74,0,0,0,0,,0,train
2016-03-16,11.26,17.0,23,3.87,0.139,3.65,2.25,-0.33,1.75,24.45,21.0,79.1,1010.5,,,2016,3,2,76,75,0,0,0,0,,0,train
2016-03-17,12.26,18.33,23,4.17,0.143,3.87,1.9,-0.6,1.45,24.73,21.3,75.3,1008.5,,,2016,3,3,77,76,0,0,0,0,,0,train
2016-03-18,11.48,18.0,23,4.52,0.23,5.52,1.59,-0.35,-0.29,25.52,20.9,75.4,1004.8,,,2016,3,4,78,77,0,0,0,0,,0,train
2016-03-19,9.91,11.0,23,3.26,0.157,6.63,1.57,-0.06,0.73,25.83,21.5,78.2,1004.7,,,2016,3,5,79,78,0,1,0,0,,0,train
2016-03-20,7.57,7.33,23,1.87,0.07,6.31,2.15,-0.26,1.68,24.29,20.6,73.2,1008.4,,,2016,3,6,80,79,0,1,0,0,,0,train
2016-03-21,12.09,20.33,23,4.0,0.074,3.87,2.0,-0.54,1.38,23.81,20.7,70.5,1008.4,,,2016,3,0,81,80,0,0,0,0,,0,train
2016-03-22,13.74,19.67,23,4.26,0.078,3.8,1.62,-0.19,1.04,23.03,18.6,69.9,1009.8,,,2016,3,1,82,81,0,0,0,0,,0,train
2016-03-23,16.52,19.67,23,5.87,0.139,6.66,1.3,-0.36,0.03,23.67,18.7,69.4,1013.5,,,2016,3,2,83,82,0,0,0,0,,0,train
2016-03-24,15.17,25.0,23,6.74,0.178,6.69,1.11,-0.43,0.18,24.25,20.2,70.9,1016.3,,,2016,3,3,84,83,0,0,0,0,,0,train
2016-03-25,9.35,8.33,23,3.17,0.065,3.62,1.33,-0.28,-0.2,24.12,19.2,68.8,1015.3,,,2016,3,4,85,84,0,0,1,1,,0,train
2016-03-26,9.78,7.67,23,4.04,0.104,5.97,1.28,-0.21,-0.16,24.12,19.0,70.9,1013.7,,,2016,3,5,86,85,0,1,1,1,,0,train
2016-03-27,9.74,6.33,23,4.17,0.109,7.45,1.24,0.49,0.76,21.81,19.0,85.8,1014.0,,,2016,3,6,87,86,0,1,0,1,,0,train
2016-03-28,9.61,7.67,23,2.65,0.113,7.19,1.27,-0.19,0.18,23.07,18.9,79.8,1015.0,,,2016,3,0,88,87,0,0,1,1,,0,train
2016-03-29,13.39,18.0,23,5.91,0.143,7.76,1.32,-0.3,-0.13,24.4,19.1,73.0,1015.0,,,2016,3,1,89,88,0,0,0,1,,0,train
2016-03-30,17.74,17.0,23,6.13,0.217,6.78,0.78,0.24,-0.21,24.32,20.7,76.6,1013.3,,,2016,3,2,90,89,0,0,0,1,,0,train
2016-03-31,15.78,18.67,23,6.74,0.122,7.12,1.21,0.26,0.71,24.52,19.5,73.6,1013.0,,,2016,3,3,91,90,0,0,0,1,,0,train
2016-04-01,15.7,27.33,23,5.22,0.096,7.22,1.3,-0.43,0.05,24.31,19.3,70.8,1015.2,,,2016,4,4,92,91,0,0,0,1,,0,train
2016-04-02,12.3,11.33,23,4.57,0.087,,1.37,-0.17,-0.21,,,73.3,1015.4,,,2016,4,5,93,92,0,1,0,1,,0,train
2016-04-03,9.57,11.0,23,3.65,0.057,,1.35,-0.43,0.53,,,72.4,1016.0,,,2016,4,6,94,93,0,1,0,1,,0,train
2016-04-04,13.95,28.67,22,4.04,0.055,,2.37,-0.93,1.78,,,64.5,1015.8,,,2016,4,0,95,94,0,0,0,1,,0,train
2016-04-05,15.09,24.67,23,5.48,0.052,9.65,1.94,-0.38,1.41,24.58,19.9,64.6,1015.7,,,2016,4,1,96,95,0,0,0,1,,0,train
2016-04-06,15.74,23.67,23,5.61,0.091,9.08,1.48,-0.41,0.02,24.73,19.1,69.2,1016.3,,,2016,4,2,97,96,0,0,0,1,,0,train
2016-04-07,19.17,21.33,23,7.57,0.117,11.84,1.13,-0.16,-0.14,25.27,19.7,72.0,1016.3,,,2016,4,3,98,97,0,0,0,1,,0,train
2016-04-08,19.91,24.33,22,6.3,0.145,10.21,1.08,-0.3,-0.25,25.53,21.5,74.6,1017.3,,,2016,4,4,99,98,0,0,0,1,,0,train
2016-04-09,14.0,17.33,23,4.96,0.091,10.42,1.3,-0.51,-0.35,25.5,21.0,74.6,1017.3,,,2016,4,5,100,99,0,1,0,1,,0,train
2016-04-10,7.7,8.33,23,3.87,0.013,8.33,1.41,-0.62,-0.58,25.81,20.8,74.2,1015.9,,,2016,4,6,101,100,0,1,0,1,,0,train
2016-04-11,22.91,22.0,23,10.74,0.152,10.38,1.03,0.35,-0.21,26.56,23.1,74.9,1013.6,,,2016,4,0,102,101,0,0,0,0,,0,train
2016-04-12,20.0,22.0,23,6.61,0.078,10.17,1.46,-0.42,1.07,24.25,21.4,78.4,1014.8,,,2016,4,1,103,102,0,0,0,0,,0,train
2016-04-13,18.48,28.0,23,8.57,0.07,10.52,2.15,-0.57,1.68,23.86,19.6,70.5,1018.3,,,2016,4,2,104,103,0,0,0,0,,0,train
2016-04-14,16.96,27.33,23,4.48,0.057,7.94,2.26,-0.42,1.7,22.75,19.7,75.2,1020.8,,,2016,4,3,105,104,0,0,0,0,,0,train
2016-04-15,19.52,24.0,23,7.52,0.087,6.79,1.56,0.3,1.08,21.68,17.8,74.0,1019.8,,,2016,4,4,106,105,0,0,0,0,,0,train
2016-04-16,11.48,14.0,23,3.7,0.017,4.87,1.5,-0.15,0.73,22.34,16.8,74.8,1016.2,,,2016,4,5,107,106,0,1,0,0,,0,train
2016-04-17,11.57,10.0,23,4.13,0.009,5.84,1.21,-0.04,0.44,23.07,18.3,71.3,1014.6,,,2016,4,6,108,107,0,1,0,0,,0,train
2016-04-18,15.87,24.67,23,4.65,0.013,6.92,1.25,-0.04,0.48,23.36,18.7,71.9,1014.2,,,2016,4,0,109,108,0,0,0,0,,0,train
2016-04-19,19.65,22.33,23,7.04,0.035,7.85,1.14,-0.04,0.25,23.34,18.7,75.0,1016.0,,,2016,4,1,110,109,0,0,0,0,,0,train
2016-04-20,18.43,24.0,23,8.7,0.039,7.93,1.32,-0.02,0.82,23.4,18.1,74.8,1018.0,,,2016,4,2,111,110,0,0,0,0,,0,train
2016-04-21,18.13,22.33,23,6.65,0.057,7.44,0.97,0.04,0.48,23.18,19.0,76.6,1017.3,,,2016,4,3,112,111,0,0,0,0,,0,train
2016-04-22,19.61,22.33,23,5.48,0.078,9.52,1.12,0.09,0.15,24.4,19.3,73.8,1015.0,,,2016,4,4,113,112,0,0,0,0,,0,train
2016-04-23,14.35,16.0,23,4.91,0.022,10.69,1.3,0.1,0.71,24.01,20.0,69.6,1014.1,,,2016,4,5,114,113,0,1,0,0,,0,train
2016-04-24,9.3,8.33,23,2.96,0.0,6.82,2.66,0.51,2.27,22.75,19.3,58.2,1017.7,,,2016,4,6,115,114,0,1,0,0,,0,train
2016-04-25,7.83,5.33,23,2.39,0.0,5.96,2.89,-0.13,2.3,21.68,17.9,68.3,1020.2,,,2016,4,0,116,115,0,0,1,0,,0,train
2016-04-26,14.74,25.67,23,5.43,0.013,6.64,2.3,-0.49,1.79,21.93,18.0,72.7,1020.2,,,2016,4,1,117,116,0,0,0,0,,0,train
2016-04-27,15.57,23.33,23,7.91,0.03,6.01,1.92,0.03,1.36,21.6,18.8,79.9,1019.8,,,2016,4,2,118,117,0,0,0,0,,0,train
2016-04-28,15.78,21.0,23,4.61,0.087,8.08,1.29,-0.23,0.3,22.45,17.9,78.6,1019.6,,,2016,4,3,119,118,0,0,0,0,,0,train
2016-04-29,18.57,20.0,23,6.43,0.083,9.62,1.06,0.12,0.43,21.74,18.1,84.5,1019.0,,,2016,4,4,120,119,0,0,0,0,,0,train
2016-04-30,10.87,14.67,23,5.35,0.009,9.05,1.42,-0.51,-0.19,24.61,20.7,81.8,1017.0,,,2016,4,5,121,120,0,1,0,0,,0,train
2016-05-01,11.57,6.33,23,5.87,0.091,6.96,0.72,-0.02,0.07,22.98,21.7,93.3,1014.5,,,2016,5,6,122,121,0,1,0,0,,0,train
2016-05-02,10.13,9.67,23,4.91,0.004,8.8,0.91,-0.07,0.23,23.77,20.7,86.8,1012.6,,,2016,5,0,123,122,0,0,1,0,,0,train
2016-05-03,18.83,15.33,23,11.7,0.061,9.02,1.43,1.24,0.36,24.71,19.8,74.2,1009.9,,,2016,5,1,124,123,0,0,0,0,,0,train
2016-05-04,21.48,29.0,23,9.83,0.057,8.8,1.12,0.18,0.44,23.57,19.7,68.7,1012.8,,,2016,5,2,125,124,0,0,0,0,,0,train
2016-05-05,21.0,25.33,23,9.26,0.087,10.92,1.1,0.0,0.32,22.17,16.8,74.3,1015.8,,,2016,5,3,126,125,0,0,0,0,,0,train
2016-05-06,22.61,26.33,23,8.22,0.135,10.76,1.16,0.02,0.14,22.37,17.2,77.0,1015.5,,,2016,5,4,127,126,0,0,0,0,,0,train
2016-05-07,14.26,17.0,23,6.04,0.017,9.08,1.14,0.01,0.57,22.33,17.9,75.1,1016.0,,,2016,5,5,128,127,0,1,0,0,,0,train
2016-05-08,11.0,9.33,23,4.91,0.026,8.15,1.15,-0.04,0.16,22.22,16.7,79.0,1014.6,,,2016,5,6,129,128,0,1,0,0,,0,train
2016-05-09,12.52,17.67,23,7.3,0.03,9.32,1.36,-0.38,-0.57,23.4,19.1,82.0,1011.2,,,2016,5,0,130,129,0,0,0,0,,0,train
2016-05-10,15.39,22.67,23,7.91,0.048,7.48,1.81,1.41,-0.24,24.54,21.5,66.7,1008.7,,,2016,5,1,131,130,0,0,0,0,,0,train
2016-05-11,22.13,21.33,23,11.22,0.13,8.36,1.61,1.01,0.63,21.3,15.3,54.0,1013.2,,,2016,5,2,132,131,0,0,0,0,,0,train
2016-05-12,21.74,23.67,23,16.48,0.017,8.6,2.01,1.84,0.57,20.28,13.0,45.3,1015.0,,,2016,5,3,133,132,0,0,0,0,,0,train
2016-05-13,22.39,27.0,23,10.04,0.039,9.74,1.1,0.15,0.32,20.5,14.8,62.1,1018.1,,,2016,5,4,134,133,0,0,0,0,,0,train
2016-05-14,18.39,20.33,23,6.39,0.07,11.62,1.12,0.17,0.33,20.67,15.2,75.2,1018.9,,,2016,5,5,135,134,0,1,0,0,,0,train
2016-05-15,13.04,11.0,23,6.57,0.0,8.89,1.06,0.15,-0.08,21.03,14.9,73.7,1016.7,,,2016,5,6,136,135,0,1,0,0,,0,train
2016-05-16,23.61,24.67,23,11.78,0.065,11.02,1.03,0.04,0.06,20.77,14.1,72.1,1016.4,,,2016,5,0,137,136,0,0,0,0,,0,train
2016-05-17,20.3,24.0,23,12.7,0.03,11.13,1.09,-0.08,-0.06,21.66,15.7,76.2,1016.0,,,2016,5,1,138,137,0,0,0,0,,0,train
2016-05-18,21.65,26.0,23,12.26,0.035,12.65,1.1,-0.21,-0.2,21.81,16.1,76.3,1014.4,,,2016,5,2,139,138,0,0,0,0,,0,train
2016-05-19,32.65,25.0,23,13.39,0.17,19.07,1.05,0.6,0.51,21.8,16.7,78.3,1013.2,,,2016,5,3,140,139,0,0,0,0,,0,train
2016-05-20,29.35,36.33,23,14.35,0.126,15.06,1.17,0.38,0.44,21.6,15.4,63.7,1015.6,,,2016,5,4,141,140,0,0,0,0,,0,train
2016-05-21,14.57,15.33,23,6.48,0.0,12.45,1.58,-0.07,0.98,21.37,16.1,68.1,1020.0,,,2016,5,5,142,141,0,1,0,0,,0,train
2016-05-22,14.13,15.33,23,4.48,0.061,11.82,1.19,-0.14,0.17,21.73,18.3,75.6,1019.3,,,2016,5,6,143,142,0,1,0,0,,0,train
2016-05-23,19.57,24.0,23,10.48,0.017,11.53,1.05,0.02,-0.13,21.42,15.4,71.9,1015.0,,,2016,5,0,144,143,0,0,0,0,,0,train
2016-05-24,27.05,30.0,20,11.78,0.064,13.52,1.15,0.07,0.25,21.31,16.5,67.2,1013.3,,,2016,5,1,145,144,0,0,0,0,,0,train
2016-05-25,27.26,30.67,23,11.26,0.039,11.52,1.34,0.14,0.12,19.34,13.6,50.5,1014.0,,,2016,5,2,146,145,0,0,0,0,,0,train
2016-05-26,28.96,35.0,23,15.0,0.035,17.17,1.35,-0.22,-0.41,20.43,10.9,65.3,1008.4,,,2016,5,3,147,146,0,0,0,0,,0,train
2016-05-27,16.04,19.33,23,6.74,0.0,9.2,2.85,2.8,0.27,22.33,17.9,57.5,1004.5,,,2016,5,4,148,147,0,0,0,0,,0,train
2016-05-28,12.8,17.67,20,6.96,0.0,5.48,2.59,2.5,0.45,19.52,14.9,49.6,1008.9,,,2016,5,5,149,148,0,1,0,0,,0,train
2016-05-29,15.48,7.33,23,5.43,0.004,7.18,1.45,1.03,0.29,17.79,13.2,53.0,1014.4,,,2016,5,6,150,149,0,1,0,0,,0,train
2016-05-30,25.61,29.67,23,12.09,0.03,9.54,1.12,0.15,0.25,16.77,10.4,64.2,1019.0,,,2016,5,0,151,150,0,0,0,0,,0,train
2016-05-31,22.65,31.33,23,9.78,0.0,10.01,1.31,0.16,0.74,17.92,12.1,68.6,1021.2,,,2016,5,1,152,151,0,0,0,0,,0,train
2016-06-01,23.3,32.33,23,9.96,0.0,11.7,1.41,0.12,1.07,19.13,16.5,68.1,1020.6,,,2016,6,2,153,152,0,0,0,0,,0,train
2016-06-02,21.13,31.0,23,11.52,0.3,10.95,1.32,-0.08,1.05,18.32,16.3,88.1,1019.2,,,2016,6,3,154,153,0,0,0,0,,0,train
2016-06-03,18.17,24.0,23,7.0,0.383,8.48,1.12,0.1,0.5,18.67,16.0,87.0,1016.7,,,2016,6,4,155,154,0,0,0,0,,0,train
2016-06-04,7.52,2.33,23,3.3,0.161,6.33,2.05,-0.92,-0.53,19.8,17.8,93.6,1005.2,,,2016,6,5,156,155,0,1,0,0,,0,train
2016-06-05,2.39,1.33,23,2.91,0.087,3.0,4.02,4.0,-0.05,16.95,15.5,72.3,997.8,,,2016,6,6,157,156,0,1,0,0,,0,train
2016-06-06,11.26,16.33,23,7.87,0.152,5.08,3.31,3.24,-0.03,17.03,15.0,60.0,1002.2,,,2016,6,0,158,157,0,0,0,0,,0,train
2016-06-07,18.3,30.67,23,9.04,0.239,5.36,1.87,1.81,0.14,18.23,13.5,57.1,1007.2,,,2016,6,1,159,158,0,0,0,0,,0,train
2016-06-08,23.04,28.67,23,14.3,0.357,6.34,1.7,1.59,0.15,19.49,15.2,57.5,1010.6,,,2016,6,2,160,159,0,0,0,0,,0,train
2016-06-09,31.13,29.0,23,14.7,0.413,13.75,0.95,0.13,-0.0,20.31,13.8,61.6,1010.9,,,2016,6,3,161,160,0,0,0,0,,0,train
2016-06-10,19.09,20.33,23,13.26,0.239,6.77,2.23,2.11,0.52,21.35,15.8,59.2,1015.1,,,2016,6,4,162,161,0,0,0,0,,0,train
2016-06-11,19.48,20.33,23,10.13,0.226,6.96,1.4,1.18,0.67,18.66,13.3,64.9,1019.0,,,2016,6,5,163,162,0,1,0,0,,0,train
2016-06-12,11.96,11.67,23,4.78,0.148,6.4,1.85,0.71,1.39,17.04,14.3,71.3,1025.6,,,2016,6,6,164,163,0,1,0,0,,0,train
2016-06-13,19.0,28.67,23,5.04,0.152,5.98,1.9,-0.01,1.66,17.26,14.4,83.3,1029.0,,,2016,6,0,165,164,0,0,0,0,,0,train
2016-06-14,19.61,27.0,23,10.39,0.213,6.91,1.7,0.17,1.18,18.22,14.9,86.3,1028.0,,,2016,6,1,166,165,0,0,0,0,,0,train
2016-06-15,20.26,27.67,23,10.43,0.2,7.66,1.6,-0.02,1.19,17.91,14.6,81.2,1024.8,,,2016,6,2,167,166,0,0,0,0,,0,train
2016-06-16,21.52,26.33,23,11.17,0.291,9.67,1.13,0.06,0.39,18.74,15.4,74.6,1020.2,,,2016,6,3,168,167,0,0,0,0,,0,train
2016-06-17,28.0,28.67,23,12.13,0.387,11.35,0.92,0.22,0.03,18.0,12.5,80.1,1017.2,,,2016,6,4,169,168,0,0,0,0,,0,train
2016-06-18,21.17,18.33,23,9.65,0.322,13.47,0.89,0.19,0.24,19.2,15.1,85.6,1015.7,,,2016,6,5,170,169,0,1,0,0,,0,train
2016-06-19,9.74,9.0,23,1.96,0.048,8.11,1.43,-0.98,-0.47,20.07,18.1,91.9,1009.2,,,2016,6,6,171,170,0,1,0,0,,0,train
2016-06-20,12.61,18.0,23,6.0,0.039,4.43,2.13,2.04,-0.38,18.5,16.7,70.8,1005.2,,,2016,6,0,172,171,0,0,0,0,,0,train
2016-06-21,14.17,15.67,23,8.09,0.1,5.52,2.34,2.29,-0.28,17.92,15.6,59.5,1008.3,,,2016,6,1,173,172,0,0,0,0,,0,train
2016-06-22,17.65,28.0,23,10.91,0.135,6.1,1.56,1.49,0.11,18.0,14.0,64.0,1009.1,,,2016,6,2,174,173,0,0,0,0,,0,train
2016-06-23,21.3,27.67,23,16.91,0.196,6.55,1.27,1.15,0.02,17.62,14.6,80.1,1010.7,,,2016,6,3,175,174,0,0,0,0,,0,train
2016-06-24,13.78,33.33,23,8.74,0.091,5.85,3.0,2.87,0.39,19.44,16.0,65.9,1008.0,,,2016,6,4,176,175,0,0,0,0,,0,train
2016-06-25,14.91,17.67,23,7.78,0.148,4.38,2.2,1.96,0.74,14.41,9.6,53.4,1013.9,,,2016,6,5,177,176,0,1,0,1,,0,train
2016-06-26,18.61,9.0,23,8.22,0.2,8.98,1.0,0.34,0.42,12.88,7.3,68.2,1015.4,,,2016,6,6,178,177,0,1,0,1,,0,train
2016-06-27,17.22,31.33,23,12.83,0.178,9.74,1.75,1.58,0.24,14.24,10.9,77.3,1013.0,,,2016,6,0,179,178,0,0,0,1,,0,train
2016-06-28,13.3,18.67,23,9.91,0.113,4.9,2.64,2.56,0.47,13.51,9.5,59.5,1017.2,,,2016,6,1,180,179,0,0,0,1,,0,train
2016-06-29,25.83,24.33,23,10.43,0.322,10.25,1.4,1.08,0.7,15.06,9.6,67.3,1020.9,,,2016,6,2,181,180,0,0,0,1,,0,train
2016-06-30,24.57,26.33,23,14.09,0.235,11.83,1.22,0.37,0.17,15.5,9.0,74.6,1018.5,,,2016,6,3,182,181,0,0,0,1,,0,train
2016-07-01,20.0,31.0,23,14.48,0.157,9.31,1.68,1.56,0.29,17.9,13.3,61.3,1015.9,,,2016,7,4,183,182,0,0,0,1,,0,train
2016-07-02,20.09,18.0,23,8.26,0.243,8.88,1.16,0.77,0.55,15.21,9.3,63.4,1019.6,,,2016,7,5,184,183,0,1,0,1,,0,train
2016-07-03,19.22,12.33,23,8.17,0.261,15.15,1.11,0.34,0.28,14.51,7.9,71.3,1021.1,,,2016,7,6,185,184,0,1,0,1,,0,train
2016-07-04,25.74,29.0,23,10.7,0.23,15.34,1.1,0.1,0.09,16.11,9.8,78.2,1017.3,,,2016,7,0,186,185,0,0,0,1,,0,train
2016-07-05,21.7,30.0,23,13.43,0.183,10.72,1.1,0.42,-0.34,18.0,15.5,89.0,1011.2,,,2016,7,1,187,186,0,0,0,1,,0,train
2016-07-06,9.13,18.33,23,7.39,0.004,3.57,3.79,3.67,0.7,14.58,12.1,64.2,1010.3,,,2016,7,2,188,187,0,0,0,1,,0,train
2016-07-07,12.35,24.67,23,8.3,0.043,4.19,2.77,2.66,0.57,16.27,13.2,63.5,1011.0,,,2016,7,3,189,188,0,0,0,1,,0,train
2016-07-08,16.96,26.0,23,11.48,0.109,6.97,1.71,1.46,0.75,16.97,12.4,68.1,1013.9,0.0,rocklea,2016,7,4,190,189,0,0,0,1,,0,train
2016-07-09,18.3,17.33,23,7.78,0.126,9.79,1.23,0.81,0.75,16.64,11.4,67.4,1016.2,0.0,rocklea,2016,7,5,191,190,0,1,0,1,,0,train
2016-07-10,15.65,14.33,23,7.22,0.143,9.87,1.22,0.43,0.5,16.83,11.2,74.3,1018.4,0.0,rocklea,2016,7,6,192,191,0,1,0,1,,0,train
2016-07-11,22.13,25.67,23,13.78,0.161,12.1,1.1,0.1,-0.08,17.41,13.0,86.3,1016.2,0.0,rocklea,2016,7,0,193,192,0,0,0,0,,0,train
2016-07-12,29.43,29.0,23,17.39,0.487,16.68,0.53,0.17,0.02,19.44,15.5,85.9,1013.8,0.0,rocklea,2016,7,1,194,193,0,0,0,0,,0,train
2016-07-13,14.61,24.0,23,12.74,0.043,5.98,2.29,2.2,0.2,18.78,15.2,46.5,1017.2,0.2,rocklea,2016,7,2,195,194,0,0,0,0,,0,train
2016-07-14,17.87,29.33,23,13.65,0.087,6.4,1.89,1.39,1.24,14.97,12.7,56.3,1022.6,0.0,rocklea,2016,7,3,196,195,0,0,0,0,,0,train
2016-07-15,19.17,23.33,23,11.22,0.083,9.39,1.85,0.32,1.41,15.79,12.6,71.8,1022.5,0.0,rocklea,2016,7,4,197,196,0,0,0,0,,0,train
2016-07-16,18.96,17.67,23,9.22,0.135,9.32,1.63,0.09,1.32,16.42,14.8,78.2,1023.0,2.3,rocklea,2016,7,5,198,197,0,1,0,0,,0,train
2016-07-17,10.61,9.0,23,4.3,0.009,6.34,1.51,-0.24,0.87,18.31,14.6,87.5,1022.1,0.0,rocklea,2016,7,6,199,198,0,1,0,0,,0,train
2016-07-18,20.35,23.67,23,6.7,0.126,7.43,1.08,0.18,0.14,19.35,16.3,87.7,1021.2,0.1,rocklea,2016,7,0,200,199,0,0,0,0,,0,train
2016-07-19,20.17,20.33,23,11.14,0.078,9.9,1.21,0.09,0.09,19.65,16.0,81.7,1019.0,0.0,rocklea,2016,7,1,201,200,0,0,0,0,,0,train
2016-07-20,20.36,20.67,22,12.22,0.095,15.86,0.94,0.01,-0.18,20.32,15.6,81.1,1016.9,0.0,rocklea,2016,7,2,202,201,0,0,0,0,,0,train
2016-07-21,22.74,27.67,23,7.61,0.152,13.37,0.79,-0.15,-0.05,21.59,16.9,79.4,1013.9,0.0,rocklea,2016,7,3,203,202,0,0,0,0,,0,train
2016-07-22,23.52,21.67,23,10.95,0.1,17.53,0.98,-0.16,-0.25,21.88,17.0,82.6,1010.2,0.0,rocklea,2016,7,4,204,203,0,0,0,0,,0,train
2016-07-23,13.91,21.0,23,6.52,0.009,9.41,1.93,1.67,0.09,24.41,18.9,61.0,1006.0,0.0,rocklea,2016,7,5,205,204,0,1,0,0,,0,train
2016-07-24,14.83,16.33,23,5.65,0.004,4.73,1.27,0.15,-0.03,18.69,14.4,55.2,1011.5,0.0,rocklea,2016,7,6,206,205,0,1,0,0,,0,train
2016-07-25,22.83,29.67,23,14.83,0.048,6.32,1.53,1.38,0.34,18.72,16.1,51.9,1013.3,0.0,rocklea,2016,7,0,207,206,0,0,0,0,,0,train
2016-07-26,25.26,36.33,23,17.91,0.087,8.62,1.22,0.96,-0.18,17.36,14.6,56.6,1014.4,0.0,rocklea,2016,7,1,208,207,0,0,0,0,,0,train
2016-07-27,23.26,28.0,23,15.74,0.083,10.1,1.8,1.72,0.08,17.68,13.5,53.5,1014.9,0.0,rocklea,2016,7,2,209,208,0,0,0,0,,0,train
2016-07-28,26.52,29.0,23,11.04,0.148,11.71,1.25,0.59,0.42,16.3,9.9,64.8,1018.9,0.0,rocklea,2016,7,3,210,209,0,0,0,0,,0,train
2016-07-29,27.48,33.67,23,,0.091,15.17,1.25,0.47,0.12,17.09,10.2,59.8,1019.9,0.0,rocklea,2016,7,4,211,210,0,0,0,0,,0,train
2016-07-30,25.43,21.33,23,,0.13,15.22,1.05,0.52,0.57,16.88,10.6,64.5,1016.4,0.0,rocklea,2016,7,5,212,211,0,1,0,0,,0,train
2016-07-31,23.96,20.0,23,,0.074,21.24,1.02,0.29,0.12,16.96,9.4,66.6,1015.4,0.0,rocklea,2016,7,6,213,212,0,1,0,0,,0,train
2016-08-01,28.96,29.33,23,,0.087,18.88,1.18,0.24,0.14,17.59,10.2,67.0,1013.4,0.0,rocklea,2016,8,0,214,213,0,0,0,0,,0,train
2016-08-02,30.83,45.0,23,,0.152,21.99,0.89,0.1,-0.25,18.64,14.0,82.5,1009.2,0.2,rocklea,2016,8,1,215,214,0,0,0,0,,0,train
2016-08-03,12.17,22.33,23,5.96,0.0,6.49,2.98,2.94,0.19,16.01,12.4,72.3,1004.7,5.4,rocklea,2016,8,2,216,215,0,0,0,0,,0,train
2016-08-04,16.65,20.33,23,7.52,0.013,5.67,3.18,2.08,2.19,16.74,12.6,72.0,1011.2,0.2,rocklea,2016,8,3,217,216,0,0,0,0,,0,train
2016-08-05,21.04,28.0,23,8.17,0.017,6.75,2.31,1.15,1.74,16.38,12.5,68.0,1019.6,0.0,rocklea,2016,8,4,218,217,0,0,0,0,,0,train
2016-08-06,12.78,13.33,23,4.65,0.004,5.49,1.69,0.44,1.13,16.19,11.6,75.8,1020.3,0.0,rocklea,2016,8,5,219,218,0,1,0,0,,0,train
2016-08-07,11.91,12.0,23,3.48,0.0,6.8,1.4,0.34,0.56,16.68,11.3,73.3,1020.4,0.0,rocklea,2016,8,6,220,219,0,1,0,0,,0,train
2016-08-08,19.3,27.33,23,6.87,0.035,8.26,1.2,0.36,0.57,17.47,13.3,71.6,1019.3,0.0,rocklea,2016,8,0,221,220,0,0,0,0,,0,train
2016-08-09,26.74,30.0,23,8.61,0.074,11.3,1.09,0.14,0.11,17.07,10.9,73.2,1018.9,0.0,rocklea,2016,8,1,222,221,0,0,0,0,,0,train
2016-08-10,17.96,24.0,23,11.22,0.004,10.84,1.23,-0.11,-0.38,18.28,12.0,74.5,1017.4,0.0,rocklea,2016,8,2,223,222,0,0,1,0,,0,train
2016-08-11,24.26,30.33,23,13.04,0.083,15.38,1.16,0.85,0.21,19.21,13.9,75.6,1016.2,5.0,rocklea,2016,8,3,224,223,0,0,0,0,,0,train
2016-08-12,20.48,22.67,23,7.17,0.078,9.65,1.27,0.29,0.66,18.22,14.1,79.0,1017.2,0.0,rocklea,2016,8,4,225,224,0,0,0,0,,0,train
2016-08-13,26.04,21.67,23,8.91,0.113,12.22,1.23,1.02,0.49,17.95,12.2,66.3,1017.8,0.0,rocklea,2016,8,5,226,225,0,1,0,0,,0,train
2016-08-14,14.0,15.33,23,3.83,0.0,10.31,1.35,0.16,0.84,17.33,10.7,60.5,1020.9,0.0,rocklea,2016,8,6,227,226,0,1,0,0,,0,train
2016-08-15,19.3,31.67,23,8.17,0.022,8.69,1.98,-0.28,1.35,17.45,12.8,72.8,1024.6,0.0,rocklea,2016,8,0,228,227,0,0,0,0,,0,train
2016-08-16,20.74,31.67,23,6.43,0.009,8.66,1.7,-0.16,1.03,17.63,12.7,66.1,1025.1,0.0,rocklea,2016,8,1,229,228,0,0,0,0,,0,train
2016-08-17,20.43,32.33,23,7.22,0.043,10.66,1.3,-0.11,0.65,17.32,11.3,73.9,1021.0,0.0,rocklea,2016,8,2,230,229,0,0,0,0,,0,train
2016-08-18,25.04,32.67,23,8.09,0.035,10.95,0.99,0.13,0.41,16.86,12.5,80.7,1019.4,0.0,rocklea,2016,8,3,231,230,0,0,0,0,,0,train
2016-08-19,22.13,29.33,23,5.7,0.043,9.74,1.36,-0.32,-0.43,18.52,13.1,76.3,1017.4,0.0,rocklea,2016,8,4,232,231,0,0,0,0,,0,train
2016-08-20,17.91,21.33,23,8.3,0.022,10.9,1.08,0.14,-0.37,19.75,13.9,80.4,1014.3,0.0,rocklea,2016,8,5,233,232,0,1,0,0,,0,train
2016-08-21,14.96,13.33,23,2.91,0.013,7.18,1.18,0.22,0.27,16.9,9.9,65.4,1015.1,0.0,rocklea,2016,8,6,234,233,0,1,0,0,,0,train
2016-08-22,19.4,31.0,20,6.52,0.035,10.77,1.51,-0.39,-0.47,18.7,12.2,77.5,1012.8,0.0,rocklea,2016,8,0,235,234,0,0,0,0,,0,train
2016-08-23,17.3,29.67,23,4.61,0.013,8.0,1.24,-0.69,-0.7,22.25,18.7,75.9,1009.7,0.0,rocklea,2016,8,1,236,235,0,0,0,0,,0,train
2016-08-24,21.52,28.33,23,11.22,0.048,6.77,1.22,-0.04,-0.13,19.03,17.2,94.1,1004.3,4.7,rocklea,2016,8,2,237,236,0,0,0,0,,0,train
2016-08-25,13.87,20.0,23,7.17,0.0,3.76,2.83,2.78,0.15,17.51,13.5,59.7,1007.5,0.0,rocklea,2016,8,3,238,237,0,0,0,0,,0,train
2016-08-26,18.35,25.0,23,7.78,0.074,4.82,1.89,1.49,0.76,15.98,10.3,58.7,1012.5,0.0,rocklea,2016,8,4,239,238,0,0,0,0,,0,train
2016-08-27,17.65,15.67,23,6.43,0.052,6.55,1.99,1.7,0.96,16.67,11.2,55.0,1015.6,0.0,rocklea,2016,8,5,240,239,0,1,0,0,,0,train
2016-08-28,16.61,14.0,23,5.3,0.03,8.97,1.28,0.38,0.31,17.22,10.1,65.2,1018.5,0.0,rocklea,2016,8,6,241,240,0,1,0,0,,0,train
2016-08-29,22.09,26.33,23,8.09,0.026,10.37,1.24,-0.26,0.04,18.21,11.9,73.4,1020.9,0.0,rocklea,2016,8,0,242,241,0,0,0,0,,0,train
2016-08-30,19.91,28.67,23,6.48,0.043,8.88,1.39,-0.47,0.05,19.09,14.8,73.6,1023.1,0.0,rocklea,2016,8,1,243,242,0,0,0,0,,0,train
2016-08-31,22.22,25.67,23,9.65,0.022,10.08,1.21,0.1,-0.22,18.6,13.0,77.4,1020.2,0.0,rocklea,2016,8,2,244,243,0,0,0,0,,0,train
2016-09-01,16.43,24.67,23,9.3,0.009,9.08,1.43,-0.53,-0.63,20.82,15.2,77.4,1015.5,0.0,rocklea,2016,9,3,245,244,0,0,0,0,,0,train
2016-09-02,13.09,25.33,23,3.78,0.0,6.35,1.76,-1.0,-1.35,22.4,19.5,80.8,1009.4,0.0,rocklea,2016,9,4,246,245,0,0,0,0,,0,train
2016-09-03,9.26,14.0,23,3.35,0.0,4.06,2.7,2.31,-0.12,20.11,17.5,63.5,1009.8,5.2,rocklea,2016,9,5,247,246,0,1,0,0,,0,train
2016-09-04,9.52,7.67,23,2.17,0.0,4.18,1.69,0.46,0.58,18.94,13.9,57.6,1017.8,0.0,rocklea,2016,9,6,248,247,0,1,0,0,,0,train
2016-09-05,16.61,24.0,23,4.96,0.004,6.18,1.78,-0.28,1.21,18.56,12.9,64.8,1023.3,0.0,rocklea,2016,9,0,249,248,0,0,0,0,,0,train
2016-09-06,19.3,32.33,23,4.26,0.004,7.18,1.56,-0.42,0.95,19.09,13.9,68.4,1024.1,0.0,rocklea,2016,9,1,250,249,0,0,0,0,,0,train
2016-09-07,18.35,28.33,23,4.3,0.009,7.52,1.54,-0.57,0.87,19.74,17.1,73.0,1024.2,0.3,rocklea,2016,9,2,251,250,0,0,0,0,,0,train
2016-09-08,16.13,31.33,23,6.04,0.017,8.97,1.58,-0.8,0.11,19.99,15.0,73.6,1022.6,0.0,rocklea,2016,9,3,252,251,0,0,0,0,,0,train
2016-09-09,12.91,21.33,23,3.09,0.0,10.34,2.28,-2.12,-0.54,20.21,17.2,81.1,1019.2,0.4,rocklea,2016,9,4,253,252,0,0,0,0,,0,train
2016-09-10,13.48,19.0,23,1.78,0.0,9.76,1.42,-0.73,-1.01,20.34,17.0,88.6,1014.6,6.4,rocklea,2016,9,5,254,253,0,1,0,0,,0,train
2016-09-11,12.35,10.67,23,2.43,0.017,5.35,1.19,0.21,0.12,19.9,13.8,72.2,1014.2,0.0,rocklea,2016,9,6,255,254,0,1,0,0,,0,train
2016-09-12,19.65,25.0,23,5.39,0.013,11.11,1.35,-0.39,-0.06,20.25,14.5,77.0,1016.0,0.0,rocklea,2016,9,0,256,255,0,0,0,0,,0,train
2016-09-13,18.61,31.0,23,7.22,0.013,8.96,1.35,-0.66,-0.56,21.87,17.1,78.1,1016.8,0.0,rocklea,2016,9,1,257,256,0,0,0,0,,0,train
2016-09-14,10.83,22.33,23,3.35,0.004,7.16,1.96,-1.21,-1.5,22.96,19.6,80.6,1014.0,0.0,rocklea,2016,9,2,258,257,0,0,0,0,,0,train
2016-09-15,18.91,26.0,23,9.7,0.0,8.6,1.23,0.47,-0.53,21.95,19.7,84.5,1012.7,1.8,rocklea,2016,9,3,259,258,0,0,0,0,,0,train
2016-09-16,16.35,25.0,23,7.55,0.0,7.21,2.16,1.87,0.2,21.37,16.5,71.8,1014.6,0.1,rocklea,2016,9,4,260,259,0,0,0,0,,0,train
2016-09-17,9.39,13.67,23,3.87,0.0,5.98,1.75,-0.67,-0.09,20.04,13.9,73.6,1017.0,0.0,rocklea,2016,9,5,261,260,0,1,0,1,,0,train
2016-09-18,11.04,14.0,23,5.48,0.0,8.65,1.16,-0.27,-0.7,21.48,19.1,89.1,1010.0,1.6,rocklea,2016,9,6,262,261,0,1,0,1,,0,train
2016-09-19,14.09,19.0,23,6.91,0.0,5.46,2.33,2.29,-0.37,20.55,18.7,61.0,1008.3,,,2016,9,0,263,262,0,0,0,1,,0,train
2016-09-20,17.96,23.33,23,5.57,0.0,6.22,1.26,-0.13,-0.04,20.57,14.0,59.2,1013.4,,,2016,9,1,264,263,0,0,0,1,,0,train
2016-09-21,24.7,30.33,23,14.39,0.022,13.54,0.73,0.41,0.22,19.5,18.4,90.5,1010.3,2.8,rocklea,2016,9,2,265,264,0,0,0,1,,0,train
2016-09-22,15.91,20.67,23,7.13,0.0,5.92,2.2,2.11,0.44,20.87,17.3,60.1,1007.2,0.0,rocklea,2016,9,3,266,265,0,0,0,1,,0,train
2016-09-23,15.78,18.67,23,7.09,0.0,5.8,2.17,2.02,0.24,20.54,15.1,58.2,1006.7,0.0,rocklea,2016,9,4,267,266,0,0,0,1,,0,train
2016-09-24,15.22,13.0,23,4.91,0.004,7.81,1.2,-0.19,0.08,20.92,14.4,62.4,1006.8,0.0,rocklea,2016,9,5,268,267,0,1,0,1,,0,train
2016-09-25,15.09,17.67,23,7.39,0.0,8.95,1.88,1.68,0.62,22.02,15.2,62.4,1004.5,0.0,rocklea,2016,9,6,269,268,0,1,0,1,,0,train
2016-09-26,16.35,19.67,23,5.65,0.0,5.68,1.74,0.88,0.35,22.1,16.1,53.6,1007.6,0.0,rocklea,2016,9,0,270,269,0,0,0,1,,0,train
2016-09-27,20.39,23.0,23,5.26,0.009,6.08,1.62,1.18,0.53,21.17,16.8,51.3,1008.5,0.0,rocklea,2016,9,1,271,270,0,0,0,1,,0,train
2016-09-28,17.74,28.67,23,4.87,0.013,9.35,1.42,-0.77,-0.12,21.44,14.8,59.5,1008.3,0.0,rocklea,2016,9,2,272,271,0,0,0,1,,0,train
2016-09-29,21.43,28.67,23,7.0,0.004,19.92,1.22,-0.37,-0.87,21.15,18.9,72.4,1004.4,0.1,rocklea,2016,9,3,273,272,0,0,0,1,,0,train
2016-09-30,16.7,18.0,23,6.17,0.004,7.99,2.4,2.26,-0.17,21.47,17.6,48.2,1002.9,9.5,rocklea,2016,9,4,274,273,0,0,0,1,,0,train
2016-10-01,16.09,14.33,23,6.13,0.0,5.81,2.24,2.15,-0.08,22.24,16.8,39.0,1007.9,0.0,rocklea,2016,10,5,275,274,0,1,0,1,,0,train
2016-10-02,13.04,11.0,23,3.87,0.0,8.06,1.62,-0.44,-0.26,21.73,13.5,52.3,1010.7,0.0,rocklea,2016,10,6,276,275,0,1,0,1,,0,train
2016-10-03,12.22,14.67,23,4.17,0.0,12.88,1.31,0.55,-0.35,21.78,18.1,81.2,1005.3,1.9,rocklea,2016,10,0,277,276,0,0,1,1,,0,train
2016-10-04,16.35,20.0,23,5.43,0.0,6.69,1.94,1.85,0.17,21.0,15.0,48.8,1009.5,0.0,rocklea,2016,10,1,278,277,0,0,0,0,,0,train
2016-10-05,21.7,27.0,23,4.83,0.035,6.83,1.66,1.11,0.19,22.65,15.4,48.0,1013.2,0.0,rocklea,2016,10,2,279,278,0,0,0,0,,0,train
2016-10-06,23.04,26.0,23,8.57,0.0,8.53,1.27,0.15,0.25,21.85,13.8,50.1,1017.5,0.0,rocklea,2016,10,3,280,279,0,0,0,0,,0,train
2016-10-07,24.7,29.67,23,9.22,0.0,14.51,1.49,-0.27,-0.41,22.2,14.0,56.3,1018.6,0.0,rocklea,2016,10,4,281,280,0,0,0,0,,0,train
2016-10-08,18.22,21.33,23,5.83,0.004,14.0,1.15,-0.33,-0.34,23.48,15.7,65.6,1015.3,0.0,rocklea,2016,10,5,282,281,0,1,0,0,,0,train
2016-10-09,9.39,10.33,23,2.17,0.0,10.47,1.87,-0.97,1.21,21.25,18.2,73.2,1015.5,0.0,rocklea,2016,10,6,283,282,0,1,0,0,,0,train
2016-10-10,14.48,26.0,23,5.96,0.004,9.39,1.64,-0.71,-0.7,22.4,18.5,66.3,1012.7,0.0,rocklea,2016,10,0,284,283,0,0,0,0,,0,train
2016-10-11,12.0,23.33,23,3.96,0.0,12.07,1.62,-0.8,0.41,22.44,18.3,69.2,1007.8,0.0,rocklea,2016,10,1,285,284,0,0,0,0,,0,train
2016-10-12,13.22,27.33,23,3.35,0.0,6.92,1.87,-0.99,0.03,21.43,18.0,62.8,1010.9,6.0,rocklea,2016,10,2,286,285,0,0,0,0,,0,train
2016-10-13,16.04,23.0,23,5.48,0.0,7.93,2.28,-0.22,1.75,20.71,16.2,68.0,1011.4,0.0,rocklea,2016,10,3,287,286,0,0,0,0,,0,train
2016-10-14,13.43,25.33,23,2.35,0.0,7.52,2.45,-0.57,1.6,18.88,14.6,60.6,1017.5,0.0,rocklea,2016,10,4,288,287,0,0,0,0,,0,train
2016-10-15,11.43,14.33,23,4.13,0.0,4.78,1.59,-0.81,0.05,19.45,13.9,59.0,1018.5,0.0,rocklea,2016,10,5,289,288,0,1,0,0,,0,train
2016-10-16,9.04,11.0,23,5.57,0.0,7.72,1.95,-0.67,-0.74,20.48,12.9,62.8,1015.6,0.0,rocklea,2016,10,6,290,289,0,1,0,0,,0,train
2016-10-17,11.57,20.67,23,5.09,0.0,13.44,2.17,-0.19,-1.23,22.55,17.6,71.3,1010.2,2.7,rocklea,2016,10,0,291,290,0,0,0,0,,0,train
2016-10-18,16.09,23.0,23,5.7,0.0,4.81,1.53,0.17,-0.17,20.78,13.1,59.6,1012.7,0.0,rocklea,2016,10,1,292,291,0,0,0,0,,0,train
2016-10-19,21.57,24.67,23,8.26,0.0,9.45,1.25,-0.03,0.24,22.62,14.8,62.0,1013.8,0.0,rocklea,2016,10,2,293,292,0,0,0,0,,0,train
2016-10-20,16.65,31.0,23,6.17,0.0,10.54,1.8,-0.73,0.02,22.43,16.9,70.2,1017.0,0.1,rocklea,2016,10,3,294,293,0,0,0,0,,0,train
2016-10-21,11.7,20.67,23,4.43,0.004,8.72,1.9,-1.43,-1.23,23.7,19.9,67.6,1017.0,0.0,rocklea,2016,10,4,295,294,0,0,0,0,,0,train
2016-10-22,9.83,11.0,23,3.35,0.0,7.95,1.85,-0.06,-0.82,23.4,20.1,72.6,1011.7,0.0,rocklea,2016,10,5,296,295,0,1,0,0,,0,train
2016-10-23,9.61,6.67,23,2.57,0.0,4.22,1.66,0.98,0.51,18.95,15.9,62.9,1011.8,0.0,rocklea,2016,10,6,297,296,0,1,0,0,,0,train
2016-10-24,13.74,21.33,23,6.26,0.0,6.87,1.7,-0.01,-0.24,20.47,13.2,59.7,1013.9,0.0,rocklea,2016,10,0,298,297,0,0,0,0,,0,train
2016-10-25,12.43,19.33,23,6.57,0.0,7.63,1.64,-0.51,-0.71,22.3,15.2,62.2,1014.8,0.0,rocklea,2016,10,1,299,298,0,0,0,0,,0,train
2016-10-26,13.26,23.67,23,6.17,0.0,8.85,1.94,-0.92,-1.21,23.64,17.7,64.5,1014.9,0.0,rocklea,2016,10,2,300,299,0,0,0,0,,0,train
2016-10-27,13.04,25.67,23,5.04,0.0,9.47,1.64,-0.87,-1.12,24.17,19.7,63.4,1012.9,0.0,rocklea,2016,10,3,301,300,0,0,0,0,,0,train
2016-10-28,12.48,18.67,21,4.35,0.0,8.29,1.64,-1.11,-0.8,24.4,19.5,67.5,1012.8,0.0,rocklea,2016,10,4,302,301,0,0,0,0,,0,train
2016-10-29,8.52,10.67,23,3.74,0.0,6.94,1.72,-1.31,-0.63,24.26,19.8,69.1,1014.5,0.0,rocklea,2016,10,5,303,302,0,1,0,0,,0,train
2016-10-30,6.65,8.67,23,3.17,0.0,6.19,2.05,-1.27,-1.13,24.23,18.7,69.3,1013.9,0.0,rocklea,2016,10,6,304,303,0,1,0,0,,0,train
2016-10-31,13.85,21.67,20,4.78,0.013,9.39,1.32,-0.52,-0.89,24.62,21.3,72.0,1008.1,4.0,rocklea,2016,10,0,305,304,0,0,0,0,,0,train
2016-11-01,19.87,21.67,23,4.0,0.022,17.02,1.01,-0.28,-0.14,23.74,21.6,83.0,1005.5,0.0,rocklea,2016,11,1,306,305,0,0,0,0,,0,train
2016-11-02,17.57,27.67,23,5.59,0.017,9.88,1.39,-0.53,0.44,23.63,16.2,61.3,1009.7,0.0,rocklea,2016,11,2,307,306,0,0,0,0,,0,train
2016-11-03,17.43,28.67,23,5.13,0.022,10.53,1.65,-0.66,-0.51,23.7,18.9,60.1,1013.7,0.0,rocklea,2016,11,3,308,307,0,0,0,0,,0,train
2016-11-04,12.26,21.0,23,4.52,0.013,7.4,1.76,-0.8,-1.29,25.39,21.6,62.5,1010.8,0.0,rocklea,2016,11,4,309,308,0,0,0,0,,0,train
2016-11-05,12.87,10.67,23,4.43,0.009,10.64,1.28,-0.29,-0.71,26.56,20.1,63.9,1005.8,0.0,rocklea,2016,11,5,310,309,0,1,0,0,,0,train
2016-11-06,9.13,10.0,23,2.26,0.0,14.22,1.57,-0.76,-0.23,26.22,20.7,57.8,1005.6,0.0,rocklea,2016,11,6,311,310,0,1,0,0,,0,train
2016-11-07,7.48,9.33,23,2.8,0.0,14.51,2.16,-1.9,-0.58,25.46,21.6,71.1,1010.0,0.0,rocklea,2016,11,0,312,311,0,0,0,0,,0,train
2016-11-08,12.83,16.67,23,4.35,0.013,10.68,1.68,-0.8,-1.2,27.16,23.7,71.4,1008.4,0.4,rocklea,2016,11,1,313,312,0,0,0,0,,0,train
2016-11-09,11.3,20.67,23,4.52,0.0,13.95,1.96,-1.02,-1.3,26.69,22.2,72.4,1007.0,2.6,rocklea,2016,11,2,314,313,0,0,0,0,,0,train
2016-11-10,12.96,17.0,23,4.76,0.004,13.41,1.42,-0.61,-0.06,27.13,22.2,73.7,1004.3,1.0,rocklea,2016,11,3,315,314,0,0,0,0,,0,train
2016-11-11,13.65,24.33,23,3.83,0.0,10.99,1.61,-1.16,-0.43,26.65,21.9,72.4,1006.5,0.0,rocklea,2016,11,4,316,315,0,0,0,0,,0,train
2016-11-12,11.43,10.0,23,5.09,0.0,9.43,1.39,-0.67,-0.86,26.04,22.6,83.6,1004.0,11.7,rocklea,2016,11,5,317,316,0,1,0,0,,0,train
2016-11-13,13.52,11.67,23,5.58,0.0,9.04,1.27,-0.11,-0.67,27.76,23.2,73.2,999.0,0.0,rocklea,2016,11,6,318,317,0,1,0,0,,0,train
2016-11-14,13.52,18.67,23,6.43,0.009,7.14,2.76,2.57,0.88,26.39,22.0,29.4,1001.7,0.0,rocklea,2016,11,0,319,318,0,0,0,0,,0,train
2016-11-15,10.87,17.33,23,3.83,0.0,6.34,1.71,-0.09,0.83,23.0,18.8,54.9,1009.8,0.0,rocklea,2016,11,1,320,319,0,0,0,0,,0,train
2016-11-16,14.22,17.0,23,,0.0,8.48,1.51,-0.64,-0.26,23.75,17.8,64.9,1015.3,0.0,rocklea,2016,11,2,321,320,0,0,0,0,,0,train
2016-11-17,10.87,15.0,23,3.86,0.0,7.88,2.07,-1.24,1.3,23.38,19.2,69.1,1017.9,0.0,rocklea,2016,11,3,322,321,0,0,0,0,,0,train
2016-11-18,8.96,11.33,23,3.48,0.0,8.59,1.79,-1.43,-0.08,23.7,19.7,64.6,1016.4,0.0,rocklea,2016,11,4,323,322,0,0,0,0,,0,train
2016-11-19,9.74,12.33,23,4.78,0.0,8.79,1.51,-0.64,-0.17,23.72,18.8,71.5,1015.0,0.0,rocklea,2016,11,5,324,323,0,1,0,0,,0,train
2016-11-20,5.87,5.33,23,3.61,0.0,7.76,1.59,-1.05,-0.02,24.43,19.1,70.6,1016.2,0.0,rocklea,2016,11,6,325,324,0,1,0,0,,0,train
2016-11-21,8.3,15.0,23,4.04,0.0,8.28,1.74,-1.0,0.26,24.62,18.9,66.5,1015.3,0.0,rocklea,2016,11,0,326,325,0,0,0,0,,0,train
2016-11-22,8.65,15.0,23,4.39,0.0,7.08,1.88,-1.09,0.92,24.15,18.7,68.3,1012.5,0.0,rocklea,2016,11,1,327,326,0,0,0,0,,0,train
2016-11-23,11.13,16.67,23,3.83,0.0,7.98,1.75,-0.5,0.01,25.7,20.5,68.6,1007.2,0.0,rocklea,2016,11,2,328,327,0,0,0,0,,0,train
2016-11-24,10.48,19.0,23,4.17,0.0,10.62,2.12,-0.91,1.01,26.62,21.4,68.6,1005.5,0.0,rocklea,2016,11,3,329,328,0,0,0,0,,0,train
2016-11-25,8.3,9.33,23,2.39,0.0,9.56,1.84,-1.49,-0.13,25.02,20.3,64.0,1009.4,0.0,rocklea,2016,11,4,330,329,0,0,0,0,,0,train
2016-11-26,6.22,7.0,23,3.04,0.0,7.5,1.9,-1.58,-0.11,24.35,22.6,77.9,1011.6,0.0,rocklea,2016,11,5,331,330,0,1,0,0,,0,train
2016-11-27,6.3,7.33,23,4.13,0.0,8.3,1.78,-0.9,-0.55,25.64,22.0,69.6,1012.0,0.0,rocklea,2016,11,6,332,331,0,1,0,0,,0,train
2016-11-28,8.87,15.67,23,4.26,0.0,7.2,1.77,-1.0,-0.87,25.92,21.4,65.9,1012.1,0.0,rocklea,2016,11,0,333,332,0,0,0,0,,0,train
2016-11-29,9.35,17.0,23,4.96,0.0,8.08,1.8,-0.84,-1.25,26.38,22.2,59.5,1007.9,0.0,rocklea,2016,11,1,334,333,0,0,0,0,,0,train
2016-11-30,11.65,13.67,23,5.78,0.0,8.98,1.49,-0.9,-0.65,25.67,21.7,70.8,1007.2,10.5,rocklea,2016,11,2,335,334,0,0,0,0,,0,train
2016-12-01,11.09,17.33,22,5.17,0.0,9.37,2.11,-1.06,-0.84,25.51,19.9,75.5,1006.5,0.1,rocklea,2016,12,3,336,335,0,0,0,0,,0,train
2016-12-02,9.7,16.67,23,3.48,0.009,10.19,1.91,-1.35,-1.16,27.0,21.8,73.3,1007.3,0.0,rocklea,2016,12,4,337,336,0,0,0,0,,0,train
2016-12-03,8.91,10.0,23,3.74,0.0,11.67,1.75,-1.06,-0.86,26.68,23.2,78.8,1010.3,16.9,rocklea,2016,12,5,338,337,0,1,0,0,,0,train
2016-12-04,4.91,5.33,23,2.13,0.0,9.83,2.05,-1.18,-0.87,26.84,21.2,76.6,1010.8,0.0,rocklea,2016,12,6,339,338,0,1,0,0,,0,train
2016-12-05,6.57,12.67,23,2.61,0.0,11.81,2.46,-1.81,-1.6,27.7,23.9,76.9,1009.9,0.0,rocklea,2016,12,0,340,339,0,0,0,0,,0,train
2016-12-06,6.19,10.67,21,2.26,0.0,15.0,2.21,-1.74,-1.14,28.4,24.0,76.6,1009.2,7.9,rocklea,2016,12,1,341,340,0,0,0,0,,0,train
2016-12-07,11.26,20.67,23,5.22,0.0,12.33,1.38,-0.8,-0.37,26.54,23.3,81.5,1008.9,5.2,rocklea,2016,12,2,342,341,0,0,0,0,,0,train
2016-12-08,10.48,7.67,23,4.57,0.004,14.73,1.18,-0.63,-0.41,25.81,23.3,86.7,1006.6,9.1,rocklea,2016,12,3,343,342,0,0,0,0,,0,train
2016-12-09,22.67,23.67,21,8.0,0.026,11.65,1.42,0.66,0.01,26.37,23.7,76.4,1006.2,0.3,rocklea,2016,12,4,344,343,0,0,0,0,,0,train
2016-12-10,5.17,6.33,23,0.83,0.0,9.28,2.52,-2.0,1.3,24.65,22.2,65.7,1015.6,0.0,rocklea,2016,12,5,345,344,0,1,0,1,,0,train
2016-12-11,7.87,7.67,23,2.39,0.0,7.28,1.68,-1.05,0.81,23.83,20.0,67.1,1017.2,0.0,rocklea,2016,12,6,346,345,0,1,0,1,,0,train
2016-12-12,9.43,15.0,23,3.52,0.0,7.62,1.68,-1.02,0.55,24.55,19.4,67.4,1018.0,0.0,rocklea,2016,12,0,347,346,0,0,0,1,,0,train
2016-12-13,9.74,15.0,23,3.09,0.0,7.45,1.79,-1.1,-0.34,25.11,18.8,67.2,1015.7,0.0,rocklea,2016,12,1,348,347,0,0,0,1,,0,train
2016-12-14,9.65,14.33,23,4.09,0.0,6.91,1.89,-0.87,-0.93,25.9,20.8,68.1,1011.2,0.0,rocklea,2016,12,2,349,348,0,0,0,1,,0,train
2016-12-15,9.83,15.67,23,3.57,0.0,8.99,2.07,-1.39,-1.29,26.93,21.6,68.0,1008.6,0.0,rocklea,2016,12,3,350,349,0,0,0,1,,0,train
2016-12-16,6.83,8.33,23,1.04,0.0,6.08,2.36,-1.81,-1.49,27.34,24.6,67.1,1009.8,0.0,rocklea,2016,12,4,351,350,0,0,0,1,,0,train
2016-12-17,5.78,6.0,23,2.09,0.0,7.7,2.15,-1.31,-1.56,27.55,23.5,69.2,1007.8,0.0,rocklea,2016,12,5,352,351,0,1,0,1,,0,train
2016-12-18,6.61,5.67,23,2.48,0.0,12.97,2.01,-0.9,0.88,26.57,23.7,70.9,1009.6,13.7,rocklea,2016,12,6,353,352,0,1,0,1,,0,train
2016-12-19,8.75,16.0,20,1.83,0.0,9.68,2.45,-1.53,1.71,24.65,22.3,62.8,1013.0,0.0,rocklea,2016,12,0,354,353,0,0,0,1,,0,train
2016-12-20,9.86,15.33,22,1.52,0.0,8.29,1.56,-1.07,-0.65,25.98,21.8,68.3,1009.5,0.0,rocklea,2016,12,1,355,354,0,0,0,1,,0,train
2016-12-21,18.35,20.33,23,6.26,0.0,9.75,1.28,0.45,-0.05,28.23,23.7,67.0,1007.3,2.1,rocklea,2016,12,2,356,355,0,0,0,1,,0,train
2016-12-22,12.3,26.0,23,3.22,0.0,12.62,2.32,-1.19,1.62,26.57,23.1,67.5,1011.1,0.0,rocklea,2016,12,3,357,356,0,0,0,1,,0,train
2016-12-23,7.57,11.33,23,1.43,0.0,9.06,1.93,-1.34,0.92,25.28,22.8,65.0,1013.7,0.0,rocklea,2016,12,4,358,357,0,0,0,1,,0,train
2016-12-24,5.35,8.0,23,1.96,0.0,8.39,1.88,-1.2,0.11,25.7,21.0,68.0,1012.3,0.0,rocklea,2016,12,5,359,358,0,1,0,1,,0,train
2016-12-25,5.09,6.33,23,2.3,0.0,5.98,1.42,-0.84,0.5,23.51,21.4,85.6,1012.7,0.0,rocklea,2016,12,6,360,359,0,1,1,1,,0,train
2016-12-26,5.17,4.67,23,2.26,0.0,5.9,1.65,-1.04,0.21,24.52,20.2,80.9,1012.3,0.3,rocklea,2016,12,0,361,360,0,0,1,1,,0,train
2016-12-27,4.22,4.0,23,1.96,0.0,6.72,1.84,-1.41,-0.06,25.65,20.2,74.1,1011.6,0.0,rocklea,2016,12,1,362,361,0,0,1,1,,0,train
2016-12-28,4.74,8.0,23,1.7,0.0,6.63,1.81,-1.57,-0.21,26.64,21.4,70.9,1010.7,0.0,rocklea,2016,12,2,363,362,0,0,0,1,,0,train
2016-12-29,5.78,10.67,23,2.26,0.0,6.56,1.83,-1.09,-0.97,27.24,22.6,73.6,1006.9,0.0,rocklea,2016,12,3,364,363,0,0,0,1,,0,train
2016-12-30,5.0,7.0,23,2.04,0.0,6.07,1.99,-1.28,-1.29,28.26,23.0,70.6,1003.6,0.0,rocklea,2016,12,4,365,364,0,0,0,1,,0,train
2016-12-31,3.17,3.0,23,1.87,0.0,7.21,2.1,-1.36,-1.45,29.74,25.4,72.5,1001.9,0.0,rocklea,2016,12,5,366,365,0,1,0,1,,0,train
2017-01-01,2.48,1.67,23,1.57,0.0,5.9,2.45,-1.74,-1.68,29.93,26.1,72.8,1002.3,0.0,rocklea,2017,1,6,1,366,0,1,1,1,,0,train
2017-01-02,2.83,1.67,23,1.39,0.0,6.56,2.25,-1.38,-1.12,28.49,22.8,76.2,1003.9,53.7,rocklea,2017,1,0,2,367,0,0,1,1,,0,train
2017-01-03,11.96,20.67,23,4.43,0.0,5.7,2.78,-0.92,2.54,24.2,23.0,88.5,1008.5,0.0,rocklea,2017,1,1,3,368,0,0,0,1,,0,train
2017-01-04,8.0,12.33,23,1.83,0.0,6.9,3.1,-1.59,2.5,26.33,23.2,67.2,1011.0,0.0,rocklea,2017,1,2,4,369,0,0,0,1,,0,train
2017-01-05,9.13,15.67,23,2.74,0.0,6.51,1.78,-0.56,1.19,26.01,22.1,72.4,1009.8,0.5,rocklea,2017,1,3,5,370,0,0,0,1,,0,train
2017-01-06,7.3,11.67,23,2.13,0.0,5.46,1.79,-0.88,0.86,25.52,21.9,77.2,1009.1,0.8,rocklea,2017,1,4,6,371,0,0,0,1,,0,train
2017-01-07,5.35,8.0,23,1.09,0.0,5.01,2.26,-1.52,1.52,25.47,22.3,72.6,1009.7,0.2,rocklea,2017,1,5,7,372,0,1,0,1,,0,train
2017-01-08,5.61,5.67,23,1.87,0.0,5.99,1.73,-0.89,0.79,25.4,20.2,67.9,1009.6,0.0,rocklea,2017,1,6,8,373,0,1,0,1,,0,train
2017-01-09,8.39,16.67,23,3.87,0.0,6.38,1.78,-0.79,-0.24,26.04,20.1,75.3,1009.4,0.0,rocklea,2017,1,0,9,374,0,0,0,1,,0,train
2017-01-10,7.65,14.67,23,2.96,0.0,7.47,1.74,-1.02,-1.26,27.91,24.0,76.1,1009.3,0.0,rocklea,2017,1,1,10,375,0,0,0,1,,0,train
2017-01-11,9.39,13.67,23,2.91,0.0,7.5,1.7,-0.8,-1.2,29.01,24.5,70.1,1007.7,0.0,rocklea,2017,1,2,11,376,0,0,0,1,,0,train
2017-01-12,11.39,13.67,23,2.96,0.0,8.28,1.52,-0.9,-0.31,30.18,24.9,68.7,1006.3,0.0,rocklea,2017,1,3,12,377,0,0,0,1,,0,train
2017-01-13,7.09,8.33,23,1.96,0.0,7.49,1.95,-1.49,-0.87,29.79,26.1,74.1,1006.7,0.0,rocklea,2017,1,4,13,378,0,0,0,1,,0,train
2017-01-14,4.61,5.67,23,2.43,0.0,6.16,2.03,-1.32,-1.43,30.7,26.1,73.6,1003.3,0.0,rocklea,2017,1,5,14,379,0,1,0,1,,0,train
2017-01-15,7.57,6.67,23,2.35,0.0,6.05,1.2,-0.77,0.16,27.61,24.4,85.5,1005.7,21.0,rocklea,2017,1,6,15,380,0,1,0,1,,0,train
2017-01-16,7.74,17.0,23,3.39,0.0,5.33,1.67,-1.04,0.06,27.96,23.3,77.1,1011.0,0.0,rocklea,2017,1,0,16,381,0,0,0,1,,0,train
2017-01-17,8.0,12.67,23,2.78,0.0,6.69,1.62,-0.91,-0.68,28.68,24.2,74.0,1012.1,0.0,rocklea,2017,1,1,17,382,0,0,0,1,,0,train
2017-01-18,10.68,16.0,22,4.52,0.0,7.03,1.56,-0.52,-0.91,30.22,24.4,68.7,1007.3,0.0,rocklea,2017,1,2,18,383,0,0,0,1,,0,train
2017-01-19,10.7,20.67,23,2.57,0.0,10.96,1.71,-1.27,0.94,28.62,26.0,74.3,1005.7,0.0,rocklea,2017,1,3,19,384,0,0,0,1,,0,train
2017-01-20,12.74,18.33,23,4.09,0.0,13.35,1.48,-0.78,-0.28,29.59,25.2,73.6,1002.8,0.0,rocklea,2017,1,4,20,385,0,0,0,1,,0,train
2017-01-21,9.96,16.67,23,4.65,0.0,10.45,1.96,-0.4,1.13,28.44,24.3,83.6,1004.1,2.5,rocklea,2017,1,5,21,386,0,1,0,1,,0,train
2017-01-22,4.39,6.33,23,1.35,0.0,6.69,2.23,-1.4,1.54,26.12,23.3,69.4,1011.6,0.0,rocklea,2017,1,6,22,387,0,1,0,1,,0,train
2017-01-23,11.7,19.0,23,4.52,0.0,6.43,1.42,-0.73,0.04,26.42,22.0,66.2,1012.2,0.0,rocklea,2017,1,0,23,388,0,0,0,0,,0,train
2017-01-24,13.3,19.33,23,5.91,0.0,7.04,1.63,-0.46,-0.63,27.64,21.1,63.8,1011.2,0.0,rocklea,2017,1,1,24,389,0,0,0,0,,0,train
2017-01-25,10.78,16.67,23,3.39,0.0,7.46,1.61,-1.31,-0.66,28.55,24.4,67.3,1011.3,0.0,rocklea,2017,1,2,25,390,0,0,0,0,,0,train
2017-01-26,5.39,7.0,23,3.35,0.0,6.36,1.56,-0.79,-0.64,28.68,24.7,70.8,1009.5,3.3,rocklea,2017,1,3,26,391,0,0,1,0,,0,train
2017-01-27,11.78,13.33,23,5.57,0.0,7.55,0.98,-0.4,0.21,26.25,24.2,86.8,1010.2,2.2,rocklea,2017,1,4,27,392,0,0,0,0,,0,train
2017-01-28,5.39,7.67,23,2.35,0.0,6.06,1.47,-1.02,-0.0,27.78,23.6,75.8,1012.2,0.4,rocklea,2017,1,5,28,393,0,1,0,0,,0,train
2017-01-29,4.0,5.67,23,2.17,0.0,4.91,1.66,-1.16,-0.24,28.3,23.2,73.3,1013.1,0.0,rocklea,2017,1,6,29,394,0,1,0,0,,0,train
2017-01-30,6.96,14.0,23,2.48,0.004,5.72,1.79,-1.28,-0.75,28.82,24.9,72.8,1012.1,0.0,rocklea,2017,1,0,30,395,0,0,0,0,,0,train
2017-01-31,7.78,12.67,23,3.17,0.0,6.92,1.72,-0.8,-0.98,29.02,23.7,68.7,1010.4,0.0,rocklea,2017,1,1,31,396,0,0,0,0,,0,train
2017-02-01,7.83,11.33,23,3.04,0.0,8.4,1.9,-1.1,-1.41,29.28,24.9,67.7,1010.4,0.0,rocklea,2017,2,2,32,397,0,0,0,0,,0,train
2017-02-02,8.09,12.33,23,2.87,0.0,9.82,1.92,-1.09,-1.34,29.65,25.6,69.0,1008.3,0.0,rocklea,2017,2,3,33,398,0,0,0,0,,0,train
2017-02-03,7.22,13.33,23,2.3,0.0,6.65,1.94,-1.36,-1.21,29.56,26.7,69.4,1010.5,0.0,rocklea,2017,2,4,34,399,0,0,0,0,,0,train
2017-02-04,5.13,9.0,23,2.3,0.0,5.36,1.71,-1.17,-1.04,29.41,25.5,70.9,1011.1,0.0,rocklea,2017,2,5,35,400,0,1,0,0,,0,train
2017-02-05,3.78,4.67,23,1.52,0.0,5.24,1.58,-0.92,-0.82,29.42,26.0,71.1,1010.4,0.0,rocklea,2017,2,6,36,401,0,1,0,0,,0,train
2017-02-06,7.83,15.33,23,2.27,0.0,6.98,1.69,-1.17,-0.81,29.43,25.1,71.2,1009.4,0.0,rocklea,2017,2,0,37,402,0,0,0,0,,0,train
2017-02-07,7.96,16.67,23,1.74,0.0,9.12,1.62,-1.23,0.1,29.4,25.4,70.1,1010.8,0.0,rocklea,2017,2,1,38,403,0,0,0,0,,0,train
2017-02-08,8.22,15.67,23,2.7,0.0,4.86,2.83,-1.55,2.27,28.71,24.6,67.4,1012.0,1.4,rocklea,2017,2,2,39,404,0,0,0,0,,0,train
2017-02-09,10.65,20.0,23,3.35,0.0,4.82,2.26,-1.05,1.63,27.82,23.9,78.4,1010.8,0.9,rocklea,2017,2,3,40,405,0,0,0,0,,0,train
2017-02-10,10.35,17.0,23,3.61,0.0,6.88,1.77,-0.56,0.03,28.13,23.6,73.7,1007.9,0.0,rocklea,2017,2,4,41,406,0,0,0,0,,0,train
2017-02-11,8.7,9.0,23,3.96,0.0,8.45,1.73,-0.51,-0.59,30.01,24.6,69.7,1004.7,0.0,rocklea,2017,2,5,42,407,0,1,0,0,,0,train
2017-02-12,8.17,8.33,23,3.22,0.0,9.94,1.6,-1.1,-0.83,31.22,24.8,68.8,999.5,0.0,rocklea,2017,2,6,43,408,0,1,0,0,,0,train
2017-02-13,11.17,20.33,23,2.57,0.0,11.62,1.65,-1.03,0.52,29.7,24.1,73.5,1000.6,10.9,rocklea,2017,2,0,44,409,0,0,0,0,,0,train
2017-02-14,10.05,19.0,21,2.22,0.038,7.89,2.35,-1.42,1.72,27.25,25.0,68.9,1007.2,0.0,rocklea,2017,2,1,45,410,0,0,0,0,,0,train
2017-02-15,10.26,17.33,23,4.35,0.113,6.52,1.41,-0.85,0.4,26.77,22.6,66.9,1009.8,0.0,rocklea,2017,2,2,46,411,0,0,0,0,,0,train
2017-02-16,12.22,22.67,23,3.96,0.1,8.21,1.5,-1.04,-0.3,27.1,22.8,68.4,1010.4,0.0,rocklea,2017,2,3,47,412,0,0,0,0,,0,train
2017-02-17,11.87,21.67,23,2.83,0.109,7.68,1.53,-0.89,-0.65,28.0,24.2,66.5,1010.2,0.0,rocklea,2017,2,4,48,413,0,0,0,0,,0,train
2017-02-18,5.3,9.67,23,2.48,0.043,5.92,2.18,-1.48,-1.25,28.18,24.3,65.4,1006.3,0.0,rocklea,2017,2,5,49,414,0,1,0,0,,0,train
2017-02-19,12.26,9.33,23,4.74,0.126,7.06,1.13,0.61,-0.21,27.4,23.1,73.4,1004.1,7.8,rocklea,2017,2,6,50,415,0,1,0,0,,0,train
2017-02-20,11.48,21.67,23,4.43,0.104,7.66,1.37,-0.25,0.56,27.23,22.5,70.6,1006.7,0.0,rocklea,2017,2,0,51,416,0,0,0,0,,0,train
2017-02-21,11.96,22.33,23,4.17,0.07,8.36,1.82,-0.88,1.09,27.52,23.0,66.6,1009.1,0.0,rocklea,2017,2,1,52,417,0,0,0,0,,0,train
2017-02-22,13.0,25.0,23,4.35,0.087,7.86,2.14,-0.97,1.41,26.47,23.2,63.4,1008.0,0.0,rocklea,2017,2,2,53,418,0,0,0,0,,0,train
2017-02-23,11.43,23.67,23,3.43,0.074,6.55,1.8,-0.79,1.15,26.63,22.2,60.9,1007.9,0.0,rocklea,2017,2,3,54,419,0,0,0,0,,0,train
2017-02-24,11.04,20.0,23,3.74,0.065,6.75,1.57,-0.69,0.7,26.63,21.0,65.3,1007.0,0.0,rocklea,2017,2,4,55,420,0,0,0,0,,0,train
2017-02-25,8.39,12.33,23,3.74,0.039,5.77,1.92,-0.61,1.35,26.58,20.9,64.4,1005.3,0.0,rocklea,2017,2,5,56,421,0,1,0,0,,0,train
2017-02-26,6.3,7.0,23,2.7,0.013,4.92,2.45,-0.81,1.82,26.26,21.9,63.6,1005.3,0.0,rocklea,2017,2,6,57,422,0,1,0,0,,0,train
2017-02-27,12.61,20.67,23,4.0,0.057,4.18,2.25,-0.52,1.78,25.1,21.8,67.9,1006.7,0.0,rocklea,2017,2,0,58,423,0,0,0,0,,0,train
2017-02-28,10.91,17.33,23,4.35,0.087,4.72,2.05,-0.1,1.35,25.35,20.6,71.2,1006.0,0.0,rocklea,2017,2,1,59,424,0,0,0,0,,0,train
2017-03-01,10.04,20.0,23,2.91,0.061,5.36,1.91,-0.76,0.95,26.63,21.6,71.4,1006.0,0.0,rocklea,2017,3,2,60,425,0,0,0,0,,0,train
2017-03-02,10.13,19.67,23,2.57,0.083,5.56,1.5,-0.63,0.48,27.4,23.2,72.8,1004.0,0.1,rocklea,2017,3,3,61,426,0,0,0,0,,0,train
2017-03-03,10.39,17.0,23,4.48,0.074,5.27,1.57,-0.37,0.57,27.31,22.5,77.0,1002.2,0.0,rocklea,2017,3,4,62,427,0,0,0,0,,0,train
2017-03-04,6.43,10.33,23,2.65,0.03,5.33,1.5,-0.91,-0.02,27.65,24.3,79.1,1001.5,0.2,rocklea,2017,3,5,63,428,0,1,0,0,,0,train
2017-03-05,9.91,7.0,23,3.09,0.048,6.5,1.29,-0.0,-0.11,27.93,23.2,77.0,997.5,0.0,rocklea,2017,3,6,64,429,0,1,0,0,,0,train
2017-03-06,11.65,24.0,23,3.39,0.048,6.97,1.47,-0.79,0.12,27.6,23.9,69.0,998.7,0.0,rocklea,2017,3,0,65,430,0,0,0,0,,0,train
2017-03-07,12.61,23.33,23,3.13,0.132,7.31,1.68,-0.5,0.98,27.15,23.5,58.2,1001.6,0.0,rocklea,2017,3,1,66,431,0,0,0,0,,0,train
2017-03-08,14.87,23.0,23,5.17,0.191,6.6,1.87,0.61,1.26,25.0,21.4,59.7,1001.9,0.0,rocklea,2017,3,2,67,432,0,0,0,0,,0,train
2017-03-09,12.91,19.33,23,2.96,0.196,6.85,1.69,0.08,0.97,25.4,20.7,58.6,1000.2,0.0,rocklea,2017,3,3,68,433,0,0,0,0,,0,train
2017-03-10,11.22,18.67,23,3.22,0.165,7.36,1.71,0.15,0.69,25.75,20.6,58.5,1000.6,0.0,rocklea,2017,3,4,69,434,0,0,0,0,,0,train
2017-03-11,7.43,11.33,23,2.3,0.122,7.83,1.72,-0.96,-0.1,26.09,22.0,60.9,1001.6,0.0,rocklea,2017,3,5,70,435,0,1,0,0,,0,train
2017-03-12,5.17,7.67,23,1.43,0.104,7.83,1.56,-1.05,-0.52,27.66,23.3,67.8,1000.9,0.0,rocklea,2017,3,6,71,436,0,1,0,0,,0,train
2017-03-13,11.39,21.33,23,2.64,0.174,7.89,1.62,-0.74,-0.21,26.29,23.8,79.6,1002.3,0.4,rocklea,2017,3,0,72,437,0,0,0,0,,0,train
2017-03-14,11.61,20.67,23,2.17,0.13,7.4,1.99,-0.95,1.41,26.11,22.7,77.9,1004.4,16.0,rocklea,2017,3,1,73,438,0,0,0,0,,0,train
2017-03-15,12.39,16.33,23,6.3,0.187,5.64,1.3,-0.05,0.45,25.42,22.3,88.2,1002.7,0.1,rocklea,2017,3,2,74,439,0,0,0,0,,0,train
2017-03-16,13.83,19.33,23,5.7,0.222,7.45,1.3,0.03,0.4,26.94,23.1,81.8,1000.2,0.0,rocklea,2017,3,3,75,440,0,0,0,0,,0,train
2017-03-17,22.43,27.0,21,9.74,0.305,10.8,1.51,0.82,0.83,26.25,22.5,79.6,1000.6,13.3,rocklea,2017,3,4,76,441,0,0,0,0,,0,train
2017-03-18,8.3,10.0,23,2.96,0.139,5.12,1.93,0.38,-0.24,27.84,23.7,72.6,1000.6,0.0,rocklea,2017,3,5,77,442,0,1,0,0,,0,train
2017-03-19,9.65,10.0,23,2.26,0.152,6.91,1.07,-0.47,0.24,26.07,23.9,86.5,1006.0,2.3,rocklea,2017,3,6,78,443,0,1,0,0,,0,train
2017-03-20,12.13,14.67,23,2.3,0.178,8.16,1.07,-0.58,-0.03,24.89,23.7,91.4,1005.8,55.0,rocklea,2017,3,0,79,444,0,0,0,0,,0,train
2017-03-21,8.65,18.67,23,1.22,0.113,6.67,1.3,-1.23,-0.14,26.19,23.3,86.9,1005.7,23.0,rocklea,2017,3,1,80,445,0,0,0,0,,0,train
2017-03-22,15.96,20.67,23,5.74,0.261,8.48,0.79,0.24,0.04,25.6,24.1,86.4,1004.8,2.5,rocklea,2017,3,2,81,446,0,0,0,0,,0,train
2017-03-23,13.0,16.0,23,4.78,0.183,9.26,1.08,-0.34,-0.11,26.65,23.6,84.1,1004.9,0.0,rocklea,2017,3,3,82,447,0,0,0,0,,0,train
2017-03-24,12.43,16.67,23,3.65,0.161,7.35,1.4,-0.46,0.55,25.57,22.9,84.7,1004.9,23.1,rocklea,2017,3,4,83,448,0,0,0,0,,0,train
2017-03-25,7.22,10.0,23,1.87,0.043,5.1,1.56,-0.55,0.84,25.36,22.1,78.9,1005.5,0.0,rocklea,2017,3,5,84,449,0,1,0,0,,0,train
2017-03-26,8.96,10.0,23,2.39,0.122,7.93,1.12,-0.37,-0.2,26.69,21.6,75.8,1004.0,0.0,rocklea,2017,3,6,85,450,0,1,0,0,,0,train
2017-03-27,9.61,19.0,23,2.39,0.1,6.9,1.38,-1.0,0.53,26.73,23.9,77.3,1004.4,0.0,rocklea,2017,3,0,86,451,0,0,0,0,,0,train
2017-03-28,14.17,18.0,23,4.04,0.135,9.36,1.12,-0.44,-0.2,26.88,22.2,76.2,1003.2,0.0,rocklea,2017,3,1,87,452,0,0,0,0,,0,train
2017-03-29,11.7,19.0,23,3.13,0.191,6.2,1.21,-0.67,-0.1,26.19,23.3,89.0,1002.9,6.5,rocklea,2017,3,2,88,453,0,0,0,0,,0,train
2017-03-30,4.96,10.33,23,1.9,0.07,4.52,2.8,-1.33,-1.08,25.25,23.5,94.7,995.9,135.6,rocklea,2017,3,3,89,454,0,0,0,0,,0,train
2017-03-31,9.78,10.67,23,3.45,0.096,4.92,3.37,2.24,2.21,25.62,22.8,64.7,997.4,0.0,rocklea,2017,3,4,90,455,0,0,0,0,,0,train
2017-04-01,9.61,8.33,23,2.26,0.096,5.63,2.11,0.57,1.62,24.69,20.7,62.0,1003.1,0.0,rocklea,2017,4,5,91,456,0,1,0,1,,0,train
2017-04-02,7.74,5.67,23,1.87,0.061,5.52,2.46,0.74,2.11,23.83,21.0,63.6,1006.8,0.0,rocklea,2017,4,6,92,457,0,1,0,1,,0,train
2017-04-03,12.7,14.0,23,2.83,0.148,4.45,2.58,0.82,2.24,22.2,19.3,66.6,1008.6,0.0,rocklea,2017,4,0,93,458,0,0,0,1,,0,train
2017-04-04,13.57,18.67,23,4.04,0.174,4.95,2.37,0.81,2.0,21.22,18.1,70.8,1009.2,0.2,rocklea,2017,4,1,94,459,0,0,0,1,,0,train
2017-04-05,12.83,21.0,23,4.74,0.152,5.3,2.49,0.18,1.91,21.23,17.7,72.6,1009.0,0.0,rocklea,2017,4,2,95,460,0,0,0,1,,0,train
2017-04-06,13.74,22.33,23,4.22,0.191,6.0,1.42,-0.01,0.7,20.33,17.4,80.5,1010.6,0.4,rocklea,2017,4,3,96,461,0,0,0,1,,0,train
2017-04-07,14.3,20.67,23,4.61,0.122,4.91,2.18,-0.05,1.67,21.83,17.4,69.3,1011.5,0.0,rocklea,2017,4,4,97,462,0,0,0,1,,0,train
2017-04-08,7.83,8.33,23,2.48,0.048,4.26,2.42,-0.05,1.5,22.01,17.7,71.7,1010.5,0.0,rocklea,2017,4,5,98,463,0,1,0,1,,0,train
2017-04-09,8.61,7.0,23,2.0,0.074,6.66,1.27,0.03,0.36,22.84,18.3,76.7,1005.5,0.0,rocklea,2017,4,6,99,464,0,1,0,1,,0,train
2017-04-10,15.57,17.33,23,8.3,0.17,8.86,1.95,1.78,0.6,23.29,18.3,58.6,1001.1,0.0,rocklea,2017,4,0,100,465,0,0,0,1,,0,train
2017-04-11,18.35,24.33,23,8.57,0.2,7.55,1.38,0.61,0.77,21.48,15.0,48.5,1004.9,0.0,rocklea,2017,4,1,101,466,0,0,0,1,,0,train
2017-04-12,16.35,24.0,23,8.0,0.148,7.1,1.7,0.13,1.11,22.6,16.9,70.0,1008.0,0.3,rocklea,2017,4,2,102,467,0,0,0,1,,0,train
2017-04-13,13.48,20.67,23,3.83,0.122,5.98,1.31,-0.27,0.69,22.61,18.7,74.1,1009.2,0.0,rocklea,2017,4,3,103,468,0,0,0,1,,0,train
2017-04-14,9.13,7.67,23,3.57,0.096,6.69,1.12,0.16,0.44,22.59,18.6,73.8,1009.0,0.0,rocklea,2017,4,4,104,469,0,0,1,1,,0,train
2017-04-15,9.83,9.0,23,3.13,0.122,7.41,1.09,-0.13,0.23,22.37,18.1,74.1,1008.7,0.0,rocklea,2017,4,5,105,470,0,1,1,1,,0,train
2017-04-16,10.35,6.67,23,2.48,0.139,6.57,1.15,-0.21,0.19,22.11,17.1,73.4,1009.2,0.0,rocklea,2017,4,6,106,471,0,1,1,1,,0,train
2017-04-17,11.3,9.33,23,2.74,0.109,7.69,1.05,-0.11,0.23,21.76,16.5,74.4,1010.8,0.0,rocklea,2017,4,0,107,472,0,0,1,1,,0,train
2017-04-18,16.52,24.0,23,5.04,0.152,10.35,1.4,-0.12,0.81,21.98,17.3,72.4,1012.8,0.0,rocklea,2017,4,1,108,473,0,0,0,0,,0,train
2017-04-19,15.39,24.67,23,4.26,0.117,7.39,2.03,-0.24,1.5,21.97,17.7,72.1,1014.3,0.0,rocklea,2017,4,2,109,474,0,0,0,0,,0,train
2017-04-20,,22.0,17,5.3,,,2.06,0.14,1.55,20.94,17.2,71.7,1014.5,0.0,rocklea,2017,4,3,110,475,0,0,0,0,,0,train
2017-04-21,18.38,23.0,21,5.3,0.09,5.39,1.72,-0.16,1.17,20.94,16.7,74.4,1013.4,0.0,rocklea,2017,4,4,111,476,0,0,0,0,,0,train
2017-04-22,13.39,14.33,23,4.26,0.065,5.24,1.57,-0.08,1.0,20.68,17.8,76.8,1012.5,0.0,rocklea,2017,4,5,112,477,0,1,0,0,,0,train
2017-04-23,8.96,8.33,23,2.26,0.022,5.33,1.28,-0.09,0.68,21.28,16.1,74.6,1011.1,0.0,rocklea,2017,4,6,113,478,0,1,0,0,,0,train
2017-04-24,17.7,22.33,23,4.57,0.143,7.6,1.09,0.11,0.41,21.4,17.1,77.8,1009.7,0.0,rocklea,2017,4,0,114,479,0,0,0,0,,0,train
2017-04-25,11.74,12.33,23,4.83,0.026,7.48,1.26,0.04,-0.18,21.94,16.5,76.6,1006.7,0.0,rocklea,2017,4,1,115,480,0,0,1,0,,0,train
2017-04-26,22.35,27.0,23,13.39,0.265,10.12,0.88,0.46,-0.18,21.89,18.2,87.9,1001.3,0.9,rocklea,2017,4,2,116,481,0,0,0,0,,0,train
2017-04-27,17.22,24.0,23,7.09,0.161,4.86,2.15,1.96,0.67,19.0,15.0,61.6,1002.9,0.0,rocklea,2017,4,3,117,482,0,0,0,0,,0,train
2017-04-28,15.17,24.0,23,6.35,0.13,4.14,2.26,1.51,1.62,19.18,13.7,63.2,1005.5,0.0,rocklea,2017,4,4,118,483,0,0,0,0,,0,train
2017-04-29,15.39,14.0,23,2.61,0.126,5.53,1.61,0.81,0.97,21.26,16.5,65.2,1007.7,0.0,rocklea,2017,4,5,119,484,0,1,0,0,,0,train
2017-04-30,12.3,9.0,23,3.09,0.122,9.01,1.31,0.27,0.73,20.12,14.1,71.9,1008.9,0.0,rocklea,2017,4,6,120,485,0,1,0,0,,0,train
2017-05-01,12.3,8.33,23,2.96,0.122,7.63,1.18,0.12,0.3,20.93,15.7,74.8,1009.5,0.0,rocklea,2017,5,0,121,486,0,0,1,0,,0,train
2017-05-02,22.74,28.67,23,8.48,0.23,7.91,1.08,0.19,-0.03,21.88,16.4,76.7,1008.2,0.0,rocklea,2017,5,1,122,487,0,0,0,0,,0,train
2017-05-03,19.65,22.67,23,7.57,0.148,9.45,1.76,-0.19,1.34,22.69,18.9,73.7,1010.3,0.0,rocklea,2017,5,2,123,488,0,0,0,0,,0,train
2017-05-04,19.61,28.33,23,5.09,0.117,7.39,2.15,0.07,1.72,20.8,18.1,72.6,1014.8,0.0,rocklea,2017,5,3,124,489,0,0,0,0,,0,train
2017-05-05,17.52,25.67,23,5.52,0.109,6.05,2.23,0.06,1.56,20.12,16.1,70.3,1016.3,0.0,rocklea,2017,5,4,125,490,0,0,0,0,,0,train
2017-05-06,11.7,14.0,23,,0.083,4.95,1.67,0.15,1.12,20.17,15.4,70.9,1013.8,0.0,rocklea,2017,5,5,126,491,0,1,0,0,,0,train
2017-05-07,10.74,7.67,23,,0.074,5.38,1.44,0.29,0.89,20.98,16.9,69.8,1011.7,0.0,rocklea,2017,5,6,127,492,0,1,0,0,,0,train
2017-05-08,18.87,27.0,23,,0.165,6.15,1.57,0.58,1.1,18.67,15.6,84.4,1011.2,5.3,rocklea,2017,5,0,128,493,0,0,0,0,,0,train
2017-05-09,19.26,29.67,23,,0.122,7.0,2.12,-0.27,1.68,20.14,17.1,74.7,1010.7,0.5,rocklea,2017,5,1,129,494,0,0,0,0,,0,train
2017-05-10,21.65,29.67,23,10.87,0.222,7.23,1.58,1.16,1.0,17.91,16.9,86.4,1009.2,0.0,rocklea,2017,5,2,130,495,0,0,0,0,,0,train
2017-05-11,21.87,26.33,23,9.7,0.248,7.69,1.79,1.13,1.2,19.55,15.1,72.6,1009.3,0.0,rocklea,2017,5,3,131,496,0,0,0,0,,0,train
2017-05-12,20.96,27.67,23,8.48,0.17,8.08,1.81,0.27,1.45,19.46,15.2,73.8,1011.3,0.0,rocklea,2017,5,4,132,497,0,0,0,0,,0,train
2017-05-13,15.57,17.0,23,4.0,0.109,5.17,1.58,0.35,1.05,19.5,16.9,82.3,1010.5,0.0,rocklea,2017,5,5,133,498,0,1,0,0,,0,train
2017-05-14,11.87,9.33,23,5.48,0.13,4.87,1.19,0.49,0.53,19.55,17.6,89.9,1006.6,0.0,rocklea,2017,5,6,134,499,0,1,0,0,,0,train
2017-05-15,22.67,20.33,21,10.52,0.286,8.88,1.34,1.2,0.36,21.44,17.0,75.3,1003.9,0.0,rocklea,2017,5,0,135,500,0,0,0,0,,0,train
2017-05-16,30.87,27.67,23,11.35,0.37,11.66,1.05,0.62,0.37,19.81,13.7,69.6,1006.8,0.0,rocklea,2017,5,1,136,501,0,0,0,0,,0,train
2017-05-17,23.83,29.33,23,8.39,0.257,11.41,1.3,0.04,0.45,19.79,13.6,73.6,1010.5,0.0,rocklea,2017,5,2,137,502,0,0,0,0,,0,train
2017-05-18,21.36,37.67,22,4.83,0.25,8.68,1.38,-0.47,0.91,20.74,17.3,75.1,1012.2,0.0,rocklea,2017,5,3,138,503,0,0,0,0,,0,train
2017-05-19,,26.33,12,6.61,,,,,,,,93.4,1010.5,2.2,rocklea,2017,5,4,139,504,0,0,0,0,,0,train
2017-05-20,,,0,4.78,,,,,,,,86.6,1007.1,0.0,rocklea,2017,5,5,140,505,0,1,0,0,,0,train
2017-05-21,,,0,4.14,,,,,,,,85.1,1008.2,0.0,rocklea,2017,5,6,141,506,0,1,0,0,,0,train
2017-05-22,,,13,6.04,,,,,,,,83.8,1010.0,0.0,rocklea,2017,5,0,142,507,0,0,0,0,,0,train
2017-05-23,23.26,25.33,23,6.22,0.109,7.18,0.97,0.38,0.3,21.08,16.1,80.5,1009.7,0.0,rocklea,2017,5,1,143,508,0,0,0,0,,0,train
2017-05-24,24.52,20.33,23,10.0,0.065,12.45,1.18,0.5,0.39,20.93,16.7,82.5,1007.0,0.0,rocklea,2017,5,2,144,509,0,0,0,0,,0,train
2017-05-25,21.7,29.67,23,7.62,0.039,9.69,1.26,0.12,0.71,19.96,15.7,76.0,1007.5,0.0,rocklea,2017,5,3,145,510,0,0,0,0,,0,train
2017-05-26,26.48,24.67,23,8.7,0.143,11.68,1.02,0.42,0.4,19.79,15.2,75.9,1009.0,0.0,rocklea,2017,5,4,146,511,0,0,0,0,,0,train
2017-05-27,21.04,22.0,23,6.52,0.109,10.8,1.02,0.08,0.17,19.16,14.1,82.1,1009.8,0.0,rocklea,2017,5,5,147,512,0,1,0,0,,0,train
2017-05-28,15.43,13.67,23,5.78,0.03,9.37,1.02,0.16,0.04,19.48,14.1,81.3,1007.5,0.0,rocklea,2017,5,6,148,513,0,1,0,0,,0,train
2017-05-29,23.22,26.33,23,12.57,0.122,8.38,1.23,1.05,0.57,20.73,15.9,68.1,1008.0,0.0,rocklea,2017,5,0,149,514,0,0,0,0,,0,train
2017-05-30,24.35,30.0,23,10.87,0.148,9.34,1.18,0.76,0.36,18.78,13.8,67.9,1010.7,0.0,rocklea,2017,5,1,150,515,0,0,0,0,,0,train
2017-05-31,23.0,24.0,23,11.61,0.126,6.8,2.0,1.68,0.91,17.51,14.3,52.9,1011.5,0.0,rocklea,2017,5,2,151,516,0,0,0,0,,0,train
2017-06-01,22.04,23.0,23,12.57,0.109,6.53,1.87,1.24,1.29,15.93,10.9,64.5,1016.0,0.0,rocklea,2017,6,3,152,517,0,0,0,0,,0,train
2017-06-02,22.04,28.33,23,10.39,0.096,5.55,1.82,1.09,1.28,16.97,12.0,65.8,1016.2,0.0,rocklea,2017,6,4,153,518,0,0,0,0,,0,train
2017-06-03,16.3,14.0,23,9.13,0.078,7.36,1.73,1.28,1.13,17.03,11.2,69.4,1013.7,0.0,rocklea,2017,6,5,154,519,0,1,0,0,,0,train
2017-06-04,14.26,10.0,23,4.3,0.048,4.91,1.41,0.62,0.97,17.16,12.2,72.1,1012.2,0.0,rocklea,2017,6,6,155,520,0,1,0,0,,0,train
2017-06-05,24.3,24.0,23,8.3,0.187,8.27,1.2,0.75,0.53,17.15,11.2,74.2,1011.2,0.0,rocklea,2017,6,0,156,521,0,0,0,0,,0,train
2017-06-06,22.74,28.0,23,14.13,0.096,8.19,1.63,1.48,0.36,17.27,11.8,57.3,1008.4,0.0,rocklea,2017,6,1,157,522,0,0,0,0,,0,train
2017-06-07,22.0,30.67,23,12.39,0.113,8.4,1.8,1.55,0.76,15.48,10.5,57.7,1006.9,0.0,rocklea,2017,6,2,158,523,0,0,0,0,,0,train
2017-06-08,24.83,27.33,23,16.3,0.217,9.84,1.52,1.29,0.78,15.62,10.1,64.0,1008.0,0.0,rocklea,2017,6,3,159,524,0,0,0,0,,0,train
2017-06-09,23.48,28.33,23,12.35,0.096,8.14,1.71,1.19,1.1,17.35,11.4,73.8,1009.6,0.0,rocklea,2017,6,4,160,525,0,0,0,0,,0,train
2017-06-10,13.26,15.67,23,3.57,0.004,2.2,2.04,0.59,1.61,18.54,15.9,79.1,1012.0,6.8,rocklea,2017,6,5,161,526,0,1,0,0,,0,train
2017-06-11,12.65,10.67,23,5.65,0.026,3.51,1.65,1.3,0.96,17.27,15.6,93.9,1011.2,22.2,rocklea,2017,6,6,162,527,0,1,0,0,,0,train
2017-06-12,14.43,24.67,23,8.04,0.048,3.79,2.16,1.64,1.3,17.97,15.1,88.3,1008.3,0.0,rocklea,2017,6,0,163,528,0,0,0,0,,0,train
2017-06-13,19.78,25.33,23,8.38,0.043,2.8,2.12,1.27,1.52,16.64,14.8,89.1,1008.9,3.6,rocklea,2017,6,1,164,529,0,0,0,0,,0,train
2017-06-14,20.35,25.0,23,5.52,0.048,3.71,1.79,0.68,1.51,17.96,16.2,87.6,1012.0,4.6,rocklea,2017,6,2,165,530,0,0,0,0,,0,train
2017-06-15,19.61,24.67,23,7.91,0.043,4.05,2.14,0.83,1.56,18.9,15.2,81.1,1012.1,0.0,rocklea,2017,6,3,166,531,0,0,0,0,,0,train
2017-06-16,20.26,27.0,23,9.0,0.083,5.02,1.53,0.63,1.2,19.32,15.6,82.9,1010.4,0.0,rocklea,2017,6,4,167,532,0,0,0,0,,0,train
2017-06-17,14.04,14.0,23,5.3,0.022,2.64,1.43,1.0,0.96,20.38,17.5,83.5,1008.3,0.0,rocklea,2017,6,5,168,533,0,1,0,0,,0,train
2017-06-18,12.7,9.33,23,6.7,0.026,3.91,1.8,1.15,1.31,18.95,14.9,76.1,1008.2,0.0,rocklea,2017,6,6,169,534,0,1,0,0,,0,train
2017-06-19,14.35,27.0,23,5.78,0.017,4.27,2.52,1.58,1.89,18.94,16.0,75.3,1010.1,0.0,rocklea,2017,6,0,170,535,0,0,0,0,,0,train
2017-06-20,17.78,25.67,23,6.61,0.017,3.82,2.04,1.27,1.55,18.49,16.4,76.2,1010.7,0.0,rocklea,2017,6,1,171,536,0,0,0,0,,0,train
2017-06-21,21.48,24.67,23,10.1,0.117,7.78,1.64,1.2,1.0,18.31,13.5,74.7,1011.5,0.0,rocklea,2017,6,2,172,537,0,0,0,0,,0,train
2017-06-22,21.78,23.33,23,9.26,0.117,8.51,1.48,0.72,0.9,17.93,13.7,72.9,1012.6,0.0,rocklea,2017,6,3,173,538,0,0,0,0,,0,train
2017-06-23,25.26,22.0,23,12.55,0.148,11.01,1.21,0.69,0.43,17.11,11.0,75.9,1009.7,0.0,rocklea,2017,6,4,174,539,0,0,0,0,,0,train
2017-06-24,26.74,19.67,23,8.22,0.287,15.61,0.87,0.47,0.29,17.48,11.2,71.5,1006.5,0.0,rocklea,2017,6,5,175,540,0,1,0,1,,0,train
2017-06-25,20.3,18.0,23,5.52,0.2,16.96,0.99,0.21,0.16,17.33,11.4,76.6,1008.0,0.0,rocklea,2017,6,6,176,541,0,1,0,1,,0,train
2017-06-26,24.04,25.0,23,9.26,0.148,13.51,1.09,0.56,0.55,18.19,13.0,74.5,1009.7,0.0,rocklea,2017,6,0,177,542,0,0,0,1,,0,train
2017-06-27,23.17,25.33,23,8.0,0.187,11.18,1.07,0.21,0.39,17.33,13.0,79.5,1012.7,0.0,rocklea,2017,6,1,178,543,0,0,0,1,,0,train
2017-06-28,22.0,24.33,23,9.22,0.126,10.78,1.12,-0.11,-0.32,18.88,14.2,81.3,1012.3,0.0,rocklea,2017,6,2,179,544,0,0,0,1,,0,train
2017-06-29,20.13,27.0,23,8.65,0.083,9.53,1.26,-0.03,-0.33,20.09,15.1,80.1,1009.2,0.0,rocklea,2017,6,3,180,545,0,0,0,1,,0,train
2017-06-30,16.04,24.67,23,5.52,0.048,4.89,1.52,0.57,0.86,18.23,14.0,76.4,1010.5,2.3,rocklea,2017,6,4,181,546,0,0,0,1,,0,train
2017-07-01,16.78,14.33,23,5.0,0.087,6.9,1.35,0.66,0.92,14.76,10.6,65.1,1015.2,0.0,rocklea,2017,7,5,182,547,0,1,0,1,,0,train
2017-07-02,17.0,12.33,23,5.52,0.178,12.21,1.3,0.74,0.55,14.43,7.9,73.2,1014.2,0.0,rocklea,2017,7,6,183,548,0,1,0,1,,0,train
2017-07-03,22.78,21.67,23,9.09,0.135,12.64,1.19,0.23,0.0,16.27,9.9,81.3,1010.8,0.0,rocklea,2017,7,0,184,549,0,0,0,1,,0,train
2017-07-04,25.26,23.0,23,11.78,0.252,12.59,0.81,-0.03,-0.12,19.48,15.1,82.2,1007.6,0.0,rocklea,2017,7,1,185,550,0,0,0,1,,0,train
2017-07-05,29.52,32.33,23,15.26,0.348,14.71,0.62,0.3,0.32,18.73,12.8,75.6,1006.4,1.7,rocklea,2017,7,2,186,551,0,0,0,1,,0,train
2017-07-06,27.33,29.0,21,8.48,0.05,9.53,1.17,0.82,0.27,18.95,14.5,73.5,1006.4,0.0,rocklea,2017,7,3,187,552,0,0,0,1,,0,train
2017-07-07,21.96,25.0,23,20.2,0.0,14.68,1.03,0.8,0.61,14.62,12.7,91.6,1004.6,4.3,rocklea,2017,7,4,188,553,0,0,0,1,,0,train
2017-07-08,21.57,24.0,23,9.7,0.0,8.62,1.0,0.83,0.25,16.88,11.3,68.2,1007.0,0.0,rocklea,2017,7,5,189,554,0,1,0,1,,0,train
2017-07-09,19.26,15.0,23,5.96,0.03,8.4,0.92,0.41,0.4,15.07,9.1,64.1,1010.1,0.0,rocklea,2017,7,6,190,555,0,1,0,1,,0,train
2017-07-10,24.43,27.0,23,15.3,0.017,10.58,1.02,0.59,0.76,16.67,12.7,65.7,1013.3,0.0,rocklea,2017,7,0,191,556,0,0,0,0,,0,train
2017-07-11,16.48,22.67,23,6.65,0.096,7.11,1.55,0.53,1.0,17.13,13.6,73.2,1015.4,0.0,rocklea,2017,7,1,192,557,0,0,0,0,,0,train
2017-07-12,21.09,25.67,23,10.74,0.065,6.4,1.87,1.01,1.27,15.8,11.0,70.5,1016.3,0.0,rocklea,2017,7,2,193,558,0,0,0,0,,0,train
2017-07-13,21.09,25.0,23,8.17,0.278,8.08,1.34,0.38,0.55,15.76,11.3,79.0,1014.3,0.0,rocklea,2017,7,3,194,559,0,0,0,0,,0,train
2017-07-14,24.61,28.67,23,11.17,0.365,11.78,1.18,0.08,-0.07,16.3,10.0,79.1,1011.2,0.0,rocklea,2017,7,4,195,560,0,0,0,0,,0,train
2017-07-15,19.48,19.33,23,10.39,0.391,11.44,1.04,0.27,-0.02,17.86,11.9,81.2,1009.1,20.6,rocklea,2017,7,5,196,561,0,1,0,0,,0,train
2017-07-16,15.35,12.33,23,4.87,0.426,6.92,0.91,0.29,0.34,17.97,15.3,83.9,1009.1,0.4,rocklea,2017,7,6,197,562,0,1,0,0,,0,train
2017-07-17,21.83,25.33,23,8.87,0.513,11.26,1.05,0.15,0.08,17.93,12.7,82.5,1009.7,0.0,rocklea,2017,7,0,198,563,0,0,0,0,,0,train
2017-07-18,18.35,21.67,23,7.4,0.443,9.25,1.13,-0.15,-0.45,20.03,14.7,80.0,1006.4,0.2,rocklea,2017,7,1,199,564,0,0,0,0,,0,train
2017-07-19,13.3,18.67,23,5.87,0.296,3.8,3.04,2.89,0.32,17.6,14.1,55.3,1001.0,1.1,rocklea,2017,7,2,200,565,0,0,0,0,,0,train
2017-07-20,16.65,24.67,23,9.3,0.37,3.4,2.22,2.11,0.33,16.36,12.0,52.1,1004.4,0.0,rocklea,2017,7,3,201,566,0,0,0,0,,0,train
2017-07-21,22.65,31.0,23,11.17,0.509,7.68,1.31,0.64,0.61,14.77,9.3,55.9,1007.3,0.0,rocklea,2017,7,4,202,567,0,0,0,0,,0,train
2017-07-22,22.22,15.33,23,8.61,0.657,13.78,1.18,0.58,0.48,14.7,7.7,66.1,1010.6,0.0,rocklea,2017,7,5,203,568,0,1,0,0,,0,train
2017-07-23,24.96,14.67,23,8.39,0.83,15.9,1.22,1.06,0.34,16.03,8.9,67.4,1009.1,0.0,rocklea,2017,7,6,204,569,0,1,0,0,,0,train
2017-07-24,32.22,31.33,23,16.22,0.809,12.27,1.18,0.91,0.57,16.45,8.8,56.8,1009.3,0.0,rocklea,2017,7,0,205,570,0,0,0,0,,0,train
2017-07-25,32.65,31.33,23,12.57,0.826,12.48,1.15,0.72,0.54,16.03,8.9,57.7,1010.9,0.0,rocklea,2017,7,1,206,571,0,0,0,0,,0,train
2017-07-26,30.87,26.0,23,15.13,0.77,13.33,1.18,0.78,0.44,16.55,8.6,60.4,1009.8,0.0,rocklea,2017,7,2,207,572,0,0,0,0,,0,train
2017-07-27,25.22,29.33,23,11.57,0.657,13.62,1.23,0.19,0.55,16.76,10.6,64.2,1011.2,0.0,rocklea,2017,7,3,208,573,0,0,0,0,,0,train
2017-07-28,27.09,32.33,23,13.13,0.665,16.29,1.04,0.31,0.11,17.58,10.6,72.9,1010.1,0.0,rocklea,2017,7,4,209,574,0,0,0,0,,0,train
2017-07-29,24.0,24.0,23,8.22,0.609,15.75,0.94,0.31,0.22,17.68,11.1,70.8,1009.0,0.0,rocklea,2017,7,5,210,575,0,1,0,0,,0,train
2017-07-30,17.35,15.33,23,6.26,0.483,21.66,1.21,0.21,0.06,16.69,8.5,71.7,1009.2,0.0,rocklea,2017,7,6,211,576,0,1,0,0,,0,train
2017-07-31,19.65,26.67,23,11.22,0.435,14.99,1.08,-0.15,-0.22,18.18,11.8,77.7,1009.0,0.0,rocklea,2017,7,0,212,577,0,0,0,0,,0,train
2017-08-01,19.3,31.67,23,8.87,0.187,6.26,1.43,0.45,0.66,17.67,13.0,63.5,1010.2,0.0,rocklea,2017,8,1,213,578,0,0,0,0,,0,train
2017-08-02,22.85,27.67,20,7.74,0.267,9.87,1.3,0.37,0.34,16.15,9.7,65.3,1010.1,0.0,rocklea,2017,8,2,214,579,0,0,0,0,,0,train
2017-08-03,24.7,29.0,23,9.43,0.313,13.1,1.22,-0.05,-0.01,17.29,11.5,70.6,1006.7,0.0,rocklea,2017,8,3,215,580,0,0,0,0,,0,train
2017-08-04,18.09,21.33,23,11.0,0.187,6.28,2.2,2.07,0.3,19.17,15.8,61.0,1003.8,0.0,rocklea,2017,8,4,216,581,0,0,0,0,,0,train
2017-08-05,23.74,21.67,23,7.87,0.339,9.79,1.49,1.32,0.31,17.65,10.9,58.9,1006.4,0.0,rocklea,2017,8,5,217,582,0,1,0,0,,0,train
2017-08-06,17.43,15.0,23,5.43,0.283,12.8,1.21,0.19,0.21,17.35,10.3,69.6,1006.3,0.0,rocklea,2017,8,6,218,583,0,1,0,0,,0,train
2017-08-07,21.57,29.67,23,12.87,0.296,7.04,1.32,1.03,-0.28,21.32,16.3,62.6,1004.2,0.9,rocklea,2017,8,0,219,584,0,0,0,0,,0,train
2017-08-08,19.78,29.33,23,15.17,0.243,4.04,2.22,2.04,0.72,17.72,13.2,44.2,1007.9,0.0,rocklea,2017,8,1,220,585,0,0,0,0,,0,train
2017-08-09,29.04,30.33,23,10.26,0.343,8.91,1.1,0.3,0.42,16.56,9.7,50.4,1010.4,0.0,rocklea,2017,8,2,221,586,0,0,0,0,,0,train
2017-08-10,26.13,31.0,23,11.78,0.383,12.55,1.31,-0.05,-0.19,16.79,9.0,67.2,1010.0,0.0,rocklea,2017,8,3,222,587,0,0,0,0,,0,train
2017-08-11,27.39,29.33,23,10.52,0.513,19.75,1.01,-0.25,-0.24,18.89,11.4,74.6,1007.8,0.0,rocklea,2017,8,4,223,588,0,0,0,0,,0,train
2017-08-12,26.13,25.0,23,9.14,0.509,21.05,1.1,0.39,0.34,19.76,12.0,70.4,1007.9,0.0,rocklea,2017,8,5,224,589,0,1,0,0,,0,train
2017-08-13,19.3,19.67,23,4.91,0.383,18.78,1.15,0.2,0.19,19.12,12.6,69.7,1009.6,0.0,rocklea,2017,8,6,225,590,0,1,0,0,,0,train
2017-08-14,24.35,27.33,23,8.96,0.37,11.85,1.0,0.32,0.12,19.49,13.1,73.2,1007.7,0.0,rocklea,2017,8,0,226,591,0,0,0,0,,0,train
2017-08-15,24.74,28.67,23,9.7,0.339,15.05,1.34,0.04,-0.02,19.78,12.5,67.5,1005.7,0.0,rocklea,2017,8,1,227,592,0,0,0,0,,0,train
2017-08-16,16.78,30.0,23,7.96,0.365,16.5,1.33,-0.73,-0.62,21.57,13.3,75.4,1000.9,0.0,rocklea,2017,8,2,228,593,0,0,1,0,,0,train
2017-08-17,25.17,38.67,23,8.96,0.422,14.33,1.42,1.25,0.15,25.4,17.2,62.5,999.6,0.0,rocklea,2017,8,3,229,594,0,0,0,0,,0,train
2017-08-18,18.87,32.33,23,7.78,0.2,10.65,2.56,2.42,0.54,21.28,15.7,30.1,1002.6,0.0,rocklea,2017,8,4,230,595,0,0,0,0,,0,train
2017-08-19,9.78,13.33,23,3.43,0.139,3.72,3.15,2.91,1.07,16.68,13.2,27.8,1004.8,0.0,rocklea,2017,8,5,231,596,0,1,0,0,,0,train
2017-08-20,11.83,10.67,23,4.61,0.278,9.31,1.63,0.71,0.85,15.55,9.4,50.3,1007.9,0.0,rocklea,2017,8,6,232,597,0,1,0,0,,0,train
2017-08-21,19.17,28.0,23,9.61,0.378,12.36,1.33,0.07,-0.07,16.05,9.0,69.9,1008.5,0.0,rocklea,2017,8,0,233,598,0,0,0,0,,0,train
2017-08-22,19.13,29.33,23,7.96,0.422,10.98,1.1,-0.4,-0.31,19.7,14.4,77.5,1007.4,0.0,rocklea,2017,8,1,234,599,0,0,0,0,,0,train
2017-08-23,20.61,27.67,23,8.09,0.426,14.98,1.06,0.02,-0.09,20.42,15.4,77.0,1007.5,0.0,rocklea,2017,8,2,235,600,0,0,0,0,,0,train
2017-08-24,24.7,28.67,23,9.61,0.496,14.24,1.1,-0.18,-0.49,19.52,16.7,84.4,1004.3,1.2,rocklea,2017,8,3,236,601,0,0,0,0,,0,train
2017-08-25,20.91,27.33,23,9.91,0.3,10.84,1.76,0.69,1.16,17.37,12.4,70.1,1006.3,0.0,rocklea,2017,8,4,237,602,0,0,0,0,,0,train
2017-08-26,11.13,10.67,23,3.04,0.135,5.8,1.71,0.68,0.86,17.83,13.1,61.2,1009.2,0.0,rocklea,2017,8,5,238,603,0,1,0,0,,0,train
2017-08-27,17.3,15.67,23,6.3,0.313,8.9,1.05,0.2,0.03,17.21,10.9,70.4,1006.0,0.0,rocklea,2017,8,6,239,604,0,1,0,0,,0,train
2017-08-28,23.04,34.67,23,6.96,0.257,,1.56,1.26,0.63,,,49.8,1005.3,0.0,rocklea,2017,8,0,240,605,0,0,0,0,,0,train
2017-08-29,23.22,27.67,23,9.61,0.335,,1.31,-0.04,0.11,,,60.8,1009.0,0.0,rocklea,2017,8,1,241,606,0,0,0,0,,0,train
2017-08-30,26.09,32.33,23,15.0,0.313,11.53,1.57,1.36,0.53,18.9,12.0,53.2,1008.8,0.0,rocklea,2017,8,2,242,607,0,0,0,0,,0,train
2017-08-31,18.3,32.67,23,6.87,0.243,11.08,1.48,-0.14,0.66,17.4,11.1,55.4,1010.9,0.0,rocklea,2017,8,3,243,608,0,0,0,0,,0,train
2017-09-01,20.26,27.67,23,6.09,0.296,12.13,1.3,0.23,0.54,17.93,12.5,62.2,1010.6,0.0,rocklea,2017,9,4,244,609,0,0,0,0,,0,train
2017-09-02,17.57,20.33,23,4.87,0.3,13.9,1.29,-0.14,-0.12,19.0,13.6,66.0,1009.9,0.0,rocklea,2017,9,5,245,610,0,1,0,0,,0,train
2017-09-03,12.39,12.0,23,5.67,0.283,22.6,1.48,-0.44,-0.52,20.41,13.7,72.8,1006.8,0.0,rocklea,2017,9,6,246,611,0,1,0,0,,0,train
2017-09-04,23.96,30.67,23,5.87,0.4,30.41,1.04,-0.74,-0.57,22.34,17.2,71.6,1001.8,0.0,rocklea,2017,9,0,247,612,0,0,0,0,,0,train
2017-09-05,20.09,27.67,23,11.3,0.178,9.38,2.2,2.02,0.63,22.18,17.2,35.1,1003.8,0.0,rocklea,2017,9,1,248,613,0,0,0,0,,0,train
2017-09-06,20.74,28.67,23,12.0,0.139,5.88,1.69,1.5,0.33,20.26,12.4,31.7,1006.0,0.0,rocklea,2017,9,2,249,614,0,0,0,0,,0,train
2017-09-07,21.23,27.0,22,8.22,0.3,9.19,1.8,1.32,0.85,19.75,12.6,42.5,1008.0,0.0,rocklea,2017,9,3,250,615,0,0,0,0,,0,train
2017-09-08,23.17,28.33,23,11.83,0.296,10.25,1.89,1.55,0.95,19.29,11.2,49.1,1007.2,0.0,rocklea,2017,9,4,251,616,0,0,0,0,,0,train
2017-09-09,12.17,17.67,23,5.26,0.13,4.75,1.58,0.08,0.93,18.18,11.5,49.2,1008.8,0.0,rocklea,2017,9,5,252,617,0,1,0,0,,0,train
2017-09-10,10.96,11.67,23,3.7,0.117,7.87,1.43,-0.28,-0.31,18.7,12.2,62.1,1010.0,0.0,rocklea,2017,9,6,253,618,0,1,0,0,,0,train
2017-09-11,14.35,24.33,23,7.26,0.139,10.96,1.55,-0.52,-0.51,20.09,13.4,71.3,1008.5,0.0,rocklea,2017,9,0,254,619,0,0,0,0,,0,train
2017-09-12,14.78,28.33,23,5.61,0.157,10.36,1.31,-0.7,-0.83,21.72,15.3,72.6,1006.5,0.0,rocklea,2017,9,1,255,620,0,0,0,0,,0,train
2017-09-13,12.3,22.0,23,6.43,0.143,12.35,1.7,-1.02,-0.94,22.13,16.7,74.4,1002.4,0.0,rocklea,2017,9,2,256,621,0,0,0,0,,0,train
2017-09-14,12.35,23.33,23,6.52,0.122,6.35,3.05,2.48,0.42,20.86,15.0,47.4,1001.6,0.0,rocklea,2017,9,3,257,622,0,0,0,0,,0,train
2017-09-15,19.09,28.33,23,9.04,0.191,9.07,1.56,0.25,0.21,17.67,10.2,44.2,1009.8,0.0,rocklea,2017,9,4,258,623,0,0,0,0,,0,train
2017-09-16,15.87,19.0,23,7.48,0.187,12.4,1.34,0.08,-0.33,19.38,10.7,56.6,1009.5,0.0,rocklea,2017,9,5,259,624,0,1,0,1,,0,train
2017-09-17,10.52,13.33,23,2.83,0.117,11.94,1.57,-0.65,0.85,19.38,14.7,69.2,1012.3,0.0,rocklea,2017,9,6,260,625,0,1,0,1,,0,train
2017-09-18,16.17,29.0,23,4.26,0.143,9.35,1.45,-0.45,-0.62,20.18,16.0,67.4,1013.5,0.0,rocklea,2017,9,0,261,626,0,0,0,1,,0,train
2017-09-19,15.48,22.67,23,8.26,0.148,10.98,1.45,-0.55,-0.57,21.44,13.9,70.2,1008.0,0.0,rocklea,2017,9,1,262,627,0,0,0,1,,0,train
2017-09-20,12.91,28.33,23,4.65,0.109,10.64,1.4,-0.69,0.2,21.62,17.8,69.4,1006.4,0.0,rocklea,2017,9,2,263,628,0,0,0,1,,0,train
2017-09-21,12.96,26.67,23,5.74,0.087,8.35,1.75,-1.02,-0.77,21.81,16.6,72.3,1006.9,0.0,rocklea,2017,9,3,264,629,0,0,0,1,,0,train
2017-09-22,15.7,21.0,23,4.52,0.157,7.43,1.48,-0.69,-1.03,23.19,18.9,71.3,1005.9,3.0,rocklea,2017,9,4,265,630,0,0,0,1,,0,train
2017-09-23,13.04,19.67,23,5.65,0.13,9.04,1.42,-0.7,-0.58,22.91,16.7,68.3,1003.8,0.0,rocklea,2017,9,5,266,631,0,1,0,1,,0,train
2017-09-24,7.22,7.33,23,2.35,0.074,10.64,1.85,-1.4,-1.15,24.28,19.0,70.8,1000.3,0.0,rocklea,2017,9,6,267,632,0,1,0,1,,0,train
2017-09-25,13.78,27.33,23,4.74,0.148,14.95,1.65,-1.27,-0.94,25.49,20.8,71.1,1000.0,0.0,rocklea,2017,9,0,268,633,0,0,0,1,,0,train
2017-09-26,12.78,25.67,23,,0.104,10.02,1.43,-1.2,0.43,23.97,20.6,70.1,1002.9,0.0,rocklea,2017,9,1,269,634,0,0,0,1,,0,train
2017-09-27,10.04,17.67,23,1.04,0.07,6.81,1.39,-1.2,-0.1,22.22,19.6,77.5,1005.4,0.0,rocklea,2017,9,2,270,635,0,0,0,1,,0,train
2017-09-28,13.96,17.0,23,4.39,0.139,12.34,1.5,-0.87,-0.67,25.51,19.9,73.5,1000.1,0.0,rocklea,2017,9,3,271,636,0,0,0,1,,0,train
2017-09-29,22.78,36.0,23,7.52,0.222,11.7,1.46,0.4,0.18,27.87,20.6,58.2,1002.5,0.0,rocklea,2017,9,4,272,637,0,0,0,1,,0,train
2017-09-30,16.04,19.67,23,4.78,0.165,9.35,1.58,0.27,0.64,25.88,19.8,53.8,1003.6,0.0,rocklea,2017,9,5,273,638,0,1,0,1,,0,train
2017-10-01,11.22,19.0,23,3.52,0.083,4.97,1.57,-0.74,0.98,20.71,16.5,69.6,1018.2,0.7,rocklea,2017,10,6,274,639,0,1,0,1,,0,train
2017-10-02,5.48,8.0,23,1.96,0.013,5.59,1.5,-1.37,-0.1,19.43,16.7,88.7,1020.1,9.8,rocklea,2017,10,0,275,640,0,0,1,1,,0,train
2017-10-03,15.7,27.67,23,3.52,0.126,5.45,1.4,0.02,0.23,20.96,16.8,83.0,1019.0,7.6,rocklea,2017,10,1,276,641,0,0,0,0,,0,train
2017-10-04,13.61,19.0,23,3.52,0.122,6.94,1.14,-0.41,0.57,23.21,19.5,81.5,1017.1,0.0,rocklea,2017,10,2,277,642,0,0,0,0,,0,train
2017-10-05,14.04,21.33,23,5.83,0.109,6.55,1.49,-0.4,-0.07,24.25,19.7,75.7,1015.6,0.0,rocklea,2017,10,3,278,643,0,0,0,0,,0,train
2017-10-06,16.78,18.33,23,7.57,0.187,11.42,1.12,-0.22,-0.16,25.4,20.5,78.7,1013.0,3.2,rocklea,2017,10,4,279,644,0,0,0,0,,0,train
2017-10-07,6.65,8.0,23,1.43,0.03,5.3,1.84,-1.23,1.26,22.3,20.9,74.0,1017.3,0.0,rocklea,2017,10,5,280,645,0,1,0,0,,0,train
2017-10-08,5.91,4.33,23,1.65,0.026,3.75,1.33,-0.76,-0.38,23.0,19.5,75.5,1016.8,0.0,rocklea,2017,10,6,281,646,0,1,0,0,,0,train
2017-10-09,14.0,22.0,23,5.74,0.135,8.51,1.16,-0.29,-0.76,24.94,21.0,78.6,1011.2,0.0,rocklea,2017,10,0,282,647,0,0,0,0,,0,train
2017-10-10,12.78,24.0,23,5.96,0.1,10.36,1.58,-0.7,0.67,26.8,22.1,73.8,1011.5,0.0,rocklea,2017,10,1,283,648,0,0,0,0,,0,train
2017-10-11,7.86,16.33,22,3.39,0.077,7.79,1.78,-1.32,-0.49,25.43,22.9,79.6,1014.7,0.0,rocklea,2017,10,2,284,649,0,0,0,0,,0,train
2017-10-12,16.7,20.0,23,6.65,0.217,8.83,1.12,-0.59,-0.89,24.13,23.0,87.7,1013.4,0.7,rocklea,2017,10,3,285,650,0,0,0,0,,0,train
2017-10-13,12.61,19.67,23,4.65,0.135,10.57,1.37,-0.61,0.29,25.1,21.4,80.5,1012.8,0.0,rocklea,2017,10,4,286,651,0,0,0,0,,0,train
2017-10-14,10.74,12.33,23,3.39,0.087,7.05,1.52,-0.83,0.84,22.68,19.0,84.9,1013.2,4.6,rocklea,2017,10,5,287,652,0,1,0,0,,0,train
2017-10-15,7.83,5.0,23,1.83,0.03,2.32,2.05,-1.07,1.56,19.5,18.5,92.2,1015.5,25.9,rocklea,2017,10,6,288,653,0,1,0,0,,0,train
2017-10-16,8.17,13.0,23,1.83,0.013,4.64,2.13,-1.55,1.36,20.7,18.5,86.4,1017.5,4.5,rocklea,2017,10,0,289,654,0,0,0,0,,0,train
2017-10-17,7.13,11.67,23,1.0,0.035,4.15,2.69,-2.11,1.65,20.56,19.2,86.9,1019.6,1.1,rocklea,2017,10,1,290,655,0,0,0,0,,0,train
2017-10-18,7.26,14.33,23,1.43,0.026,2.83,2.17,-1.76,1.17,20.5,18.6,87.0,1022.4,0.1,rocklea,2017,10,2,291,656,0,0,0,0,,0,train
2017-10-19,11.57,18.0,23,1.09,0.074,4.34,1.46,-1.16,0.29,21.88,18.7,75.9,1022.9,0.0,rocklea,2017,10,3,292,657,0,0,0,0,,0,train
2017-10-20,15.39,21.67,23,5.26,0.13,5.56,1.35,-0.54,-0.58,22.84,18.8,75.3,1017.7,0.0,rocklea,2017,10,4,293,658,0,0,0,0,,0,train
2017-10-21,14.3,18.33,23,6.35,0.143,4.8,1.27,0.58,0.72,18.33,15.5,90.7,1013.3,2.4,rocklea,2017,10,5,294,659,0,1,0,0,,0,train
2017-10-22,7.61,5.0,23,2.3,0.039,3.83,1.47,0.38,0.77,20.27,14.3,70.9,1011.1,0.0,rocklea,2017,10,6,295,660,0,1,0,0,,0,train
2017-10-23,15.48,17.0,23,7.74,0.113,3.99,1.34,0.18,0.59,19.86,16.5,81.0,1014.2,0.8,rocklea,2017,10,0,296,661,0,0,0,0,,0,train
2017-10-24,13.09,18.67,23,4.83,0.083,4.28,1.53,-0.47,-0.27,21.26,14.9,72.0,1017.9,0.0,rocklea,2017,10,1,297,662,0,0,0,0,,0,train
2017-10-25,13.09,20.0,23,5.96,0.087,4.53,1.61,-0.69,-0.71,23.04,16.4,72.6,1015.1,0.0,rocklea,2017,10,2,298,663,0,0,0,0,,0,train
2017-10-26,14.52,20.0,23,4.52,0.117,6.51,1.51,-0.87,-0.96,25.42,19.6,70.3,1007.5,5.2,rocklea,2017,10,3,299,664,0,0,0,0,,0,train
2017-10-27,14.22,20.33,23,4.0,0.078,5.28,2.34,1.65,0.24,26.12,21.8,57.4,1005.3,0.0,rocklea,2017,10,4,300,665,0,0,0,0,,0,train
2017-10-28,9.74,11.67,23,3.57,0.07,5.86,1.6,-0.84,-0.49,24.7,19.9,72.7,1010.0,0.0,rocklea,2017,10,5,301,666,0,1,0,0,,0,train
2017-10-29,7.35,9.0,23,3.0,0.078,6.72,1.48,-0.72,-0.59,26.33,22.6,75.5,1009.2,5.1,rocklea,2017,10,6,302,667,0,1,0,0,,0,train
2017-10-30,11.65,15.0,23,4.65,0.113,9.28,1.38,-0.68,-0.89,26.68,22.3,81.2,1006.3,2.3,rocklea,2017,10,0,303,668,0,0,0,0,,0,train
2017-10-31,11.52,24.0,23,3.87,0.061,6.04,2.1,0.56,0.24,25.4,20.6,59.2,1008.2,0.0,rocklea,2017,10,1,304,669,0,0,0,0,,0,train
2017-11-01,13.78,23.0,23,5.43,0.078,7.02,1.46,-0.42,-0.5,22.92,18.4,70.2,1000.9,0.0,rocklea,2017,11,2,305,670,0,0,0,0,,0,train
2017-11-02,11.96,20.0,23,4.52,0.078,7.21,1.64,-0.29,-0.02,23.68,17.1,69.6,1001.4,0.0,rocklea,2017,11,3,306,671,0,0,0,0,,0,train
2017-11-03,12.09,18.67,23,4.22,0.078,6.15,1.59,-0.65,-0.87,24.98,20.1,71.3,1003.4,0.0,rocklea,2017,11,4,307,672,0,0,0,0,,0,train
2017-11-04,7.57,9.0,23,3.96,0.057,5.98,1.51,-0.84,-0.36,25.36,19.3,72.1,1003.9,0.0,rocklea,2017,11,5,308,673,0,1,0,0,,0,train
2017-11-05,3.61,3.33,23,1.35,0.004,5.86,1.66,-1.4,-0.27,25.51,22.2,73.3,1005.9,0.0,rocklea,2017,11,6,309,674,0,1,0,0,,0,train
2017-11-06,8.52,17.0,23,4.09,0.065,4.82,1.92,-0.51,-0.54,24.28,20.2,80.1,1002.5,4.2,rocklea,2017,11,0,310,675,0,0,0,0,,0,train
2017-11-07,12.09,20.0,23,4.41,0.048,7.11,1.87,-0.82,1.17,23.0,19.8,77.9,1001.2,0.6,rocklea,2017,11,1,311,676,0,0,0,0,,0,train
2017-11-08,11.61,18.0,23,4.17,0.043,4.3,2.64,-1.13,2.16,20.9,17.1,73.1,1008.9,0.6,rocklea,2017,11,2,312,677,0,0,0,0,,0,train
2017-11-09,11.83,17.0,23,3.3,0.052,2.56,2.8,-0.54,2.17,20.48,15.9,65.8,1011.7,0.0,rocklea,2017,11,3,313,678,0,0,0,0,,0,train
2017-11-10,11.0,16.67,23,3.87,0.087,2.11,2.25,-0.5,1.76,20.36,16.9,76.4,1012.3,0.2,rocklea,2017,11,4,314,679,0,0,0,0,,0,train
2017-11-11,8.0,10.0,23,3.04,0.052,1.75,1.95,-0.22,1.43,20.09,16.8,78.3,1011.6,0.7,rocklea,2017,11,5,315,680,0,1,0,0,,0,train
2017-11-12,6.22,5.67,23,1.57,0.022,2.6,1.95,-0.64,1.25,20.73,15.8,68.8,1010.7,0.0,rocklea,2017,11,6,316,681,0,1,0,0,,0,train
2017-11-13,10.3,17.0,23,3.3,0.074,2.69,1.78,-0.8,0.89,21.54,16.1,65.1,1010.0,0.0,rocklea,2017,11,0,317,682,0,0,0,0,,0,train
2017-11-14,11.17,17.33,23,4.22,0.083,3.39,1.55,-0.69,0.5,21.94,15.7,66.1,1008.9,0.0,rocklea,2017,11,1,318,683,0,0,0,0,,0,train
2017-11-15,13.22,18.0,23,3.4,0.126,3.24,1.53,-0.52,-0.09,22.38,17.1,77.1,1007.3,1.0,rocklea,2017,11,2,319,684,0,0,0,0,,0,train
2017-11-16,12.04,16.0,23,4.57,0.1,5.5,1.6,-0.84,-0.27,23.39,17.8,71.0,1005.9,0.0,rocklea,2017,11,3,320,685,0,0,0,0,,0,train
2017-11-17,8.52,15.0,23,1.61,0.061,1.92,1.52,-1.31,-0.09,23.58,19.8,66.6,1006.6,0.0,rocklea,2017,11,4,321,686,0,0,0,0,,0,train
2017-11-18,14.0,13.33,23,5.35,0.157,3.24,1.13,0.23,0.49,19.19,17.6,88.8,1006.2,14.0,rocklea,2017,11,5,322,687,0,1,0,0,,0,train
2017-11-19,9.57,5.0,23,2.65,0.083,2.04,1.36,-0.02,0.92,20.17,16.5,79.7,1007.0,10.1,rocklea,2017,11,6,323,688,0,1,0,0,,0,train
2017-11-20,11.7,17.67,23,3.61,0.074,3.43,2.25,-0.56,1.7,21.7,17.2,72.6,1008.1,0.0,rocklea,2017,11,0,324,689,0,0,0,0,,0,train
2017-11-21,11.87,15.0,23,,0.087,2.93,2.29,-0.94,1.84,21.58,17.8,69.6,1007.7,0.8,rocklea,2017,11,1,325,690,0,0,0,0,,0,train
2017-11-22,13.68,22.67,22,2.91,0.082,4.08,1.78,-0.89,0.99,21.72,17.0,69.1,1005.8,0.0,rocklea,2017,11,2,326,691,0,0,0,0,,0,train
2017-11-23,14.48,19.67,23,4.09,0.109,4.7,1.41,-0.62,0.51,22.6,17.3,71.2,1005.0,0.3,rocklea,2017,11,3,327,692,0,0,0,0,,0,train
2017-11-24,10.74,16.0,23,3.78,0.087,5.21,1.6,-0.64,0.76,23.93,18.1,72.1,1005.2,0.0,rocklea,2017,11,4,328,693,0,0,0,0,,0,train
2017-11-25,6.96,8.0,23,2.43,0.078,4.65,1.78,-0.71,1.04,24.39,19.2,75.5,1004.5,0.0,rocklea,2017,11,5,329,694,0,1,0,0,,0,train
2017-11-26,5.0,4.33,23,1.78,0.039,3.35,1.86,-0.81,1.18,25.1,20.5,74.4,1004.4,0.0,rocklea,2017,11,6,330,695,0,1,0,0,,0,train
2017-11-27,6.91,12.67,23,2.17,0.052,3.66,1.68,-1.19,0.33,25.18,20.5,75.8,1004.0,0.0,rocklea,2017,11,0,331,696,0,0,0,0,,0,train
2017-11-28,7.61,11.67,23,2.39,0.065,5.11,1.64,-1.09,0.46,25.53,20.9,76.6,1005.6,0.0,rocklea,2017,11,1,332,697,0,0,0,0,,0,train
2017-11-29,12.39,13.0,23,2.17,0.117,5.42,1.26,-0.88,0.46,23.19,22.1,88.3,1005.1,19.9,rocklea,2017,11,2,333,698,0,0,0,0,,0,train
2017-11-30,8.61,9.33,23,2.3,0.091,5.42,1.82,-1.37,0.41,24.27,21.0,85.8,1004.7,7.0,rocklea,2017,11,3,334,699,0,0,0,0,,0,train
2017-12-01,6.09,8.0,23,1.13,0.065,5.22,2.03,-1.92,-0.39,25.65,22.4,79.5,1005.0,0.2,rocklea,2017,12,4,335,700,0,0,0,0,,0,train
2017-12-02,3.57,3.33,23,1.0,0.057,4.97,2.4,-1.85,-1.44,26.32,23.2,78.3,1000.9,0.0,rocklea,2017,12,5,336,701,0,1,0,0,,0,train
2017-12-03,6.7,5.0,23,2.96,0.074,4.38,1.28,-0.07,-0.5,26.85,23.4,76.2,996.8,6.9,rocklea,2017,12,6,337,702,0,1,0,0,,0,train
2017-12-04,18.78,17.67,23,6.91,0.17,5.4,1.03,0.08,0.37,23.17,20.4,85.6,995.3,44.5,rocklea,2017,12,0,338,703,0,0,0,0,,0,train
2017-12-05,14.96,17.0,23,4.17,0.13,5.38,1.63,0.52,0.51,24.68,19.9,76.7,992.6,0.0,rocklea,2017,12,1,339,704,0,0,0,0,,0,train
2017-12-06,17.35,20.67,23,6.39,0.148,5.89,1.45,0.83,-0.15,26.17,18.6,56.5,994.7,0.0,rocklea,2017,12,2,340,705,0,0,0,0,,0,train
2017-12-07,19.61,25.33,23,6.3,0.157,6.72,1.39,-0.2,-0.01,26.85,18.0,56.3,997.7,0.0,rocklea,2017,12,3,341,706,0,0,0,0,,0,train
2017-12-08,23.0,25.0,23,11.78,0.2,9.57,1.43,0.5,0.17,25.83,22.5,73.4,1001.0,0.0,rocklea,2017,12,4,342,707,0,0,0,0,,0,train
2017-12-09,10.43,13.67,23,3.26,0.109,7.15,1.83,-0.29,0.43,24.95,20.5,71.6,1004.2,3.7,rocklea,2017,12,5,343,708,0,1,0,1,,0,train
2017-12-10,7.78,6.33,23,2.48,0.087,3.44,2.25,-0.67,1.71,24.21,19.3,72.6,1007.3,0.0,rocklea,2017,12,6,344,709,0,1,0,1,,0,train
2017-12-11,11.87,20.67,23,3.0,0.096,5.06,2.11,-0.84,1.34,24.34,19.3,68.0,1006.2,0.0,rocklea,2017,12,0,345,710,0,0,0,1,,0,train
2017-12-12,10.83,15.67,23,3.57,0.096,4.79,2.35,-0.71,1.79,24.68,19.0,66.1,1005.8,0.0,rocklea,2017,12,1,346,711,0,0,0,1,,0,train
2017-12-13,8.83,14.0,23,3.17,0.109,4.89,1.6,-0.88,0.24,25.07,20.0,70.0,1004.2,0.0,rocklea,2017,12,2,347,712,0,0,0,1,,0,train
2017-12-14,10.65,15.33,23,3.13,0.13,5.27,1.51,-0.67,-0.36,25.72,19.7,71.1,1002.2,0.0,rocklea,2017,12,3,348,713,0,0,0,1,,0,train
2017-12-15,9.78,16.0,23,3.39,0.126,6.15,1.77,-1.1,-0.44,26.64,21.6,72.3,1002.4,0.0,rocklea,2017,12,4,349,714,0,0,0,1,,0,train
2017-12-16,5.35,10.0,23,2.17,0.109,3.76,1.85,-1.41,-0.51,26.91,23.3,71.8,1004.5,0.2,rocklea,2017,12,5,350,715,0,1,0,1,,0,train
2017-12-17,3.83,6.33,23,1.48,0.048,4.47,1.58,-1.21,-0.25,26.82,22.3,70.2,1005.0,0.0,rocklea,2017,12,6,351,716,0,1,0,1,,0,train
2017-12-18,6.91,9.67,23,1.52,0.083,6.82,1.6,-1.35,-0.45,26.6,22.6,69.0,1003.8,0.0,rocklea,2017,12,0,352,717,0,0,0,1,,0,train
2017-12-19,9.22,15.33,23,4.48,0.122,5.16,1.68,-0.67,-0.78,27.16,21.4,69.7,1001.7,0.0,rocklea,2017,12,1,353,718,0,0,0,1,,0,train
2017-12-20,7.78,13.67,23,2.83,0.091,4.62,2.06,-1.3,-1.39,28.17,23.7,69.1,1000.9,0.0,rocklea,2017,12,2,354,719,0,0,0,1,,0,train
2017-12-21,8.57,11.0,23,2.39,0.086,5.06,1.72,-1.1,-0.84,28.42,23.9,66.3,1002.8,1.3,rocklea,2017,12,3,355,720,0,0,0,1,,0,train
2017-12-22,10.3,14.33,23,3.48,0.122,5.51,1.37,0.0,0.25,26.73,22.8,76.5,1002.9,0.0,rocklea,2017,12,4,356,721,0,0,0,1,,0,train
2017-12-23,5.57,5.67,23,3.0,0.1,6.31,1.75,-0.26,-0.18,27.41,22.8,75.7,1001.5,0.0,rocklea,2017,12,5,357,722,0,1,0,1,,0,train
2017-12-24,3.91,4.33,23,2.52,0.083,4.38,1.67,-1.0,-1.04,28.32,23.1,69.3,1000.4,0.0,rocklea,2017,12,6,358,723,0,1,0,1,,0,train
2017-12-25,2.65,1.0,23,1.52,0.048,4.61,1.9,-0.89,-0.65,28.16,19.9,69.2,1000.7,36.1,rocklea,2017,12,0,359,724,0,0,1,1,,0,train
2017-12-26,4.22,5.67,23,2.61,0.065,5.48,1.63,-0.83,0.67,24.82,20.8,81.6,1003.2,2.2,rocklea,2017,12,1,360,725,0,0,1,1,,0,train
2017-12-27,8.74,12.33,23,2.22,0.087,3.35,1.51,-0.81,0.62,25.62,21.3,73.4,1003.5,2.3,rocklea,2017,12,2,361,726,0,0,0,1,,0,train
2017-12-28,8.83,11.67,23,2.48,0.091,3.28,1.25,-0.45,0.49,25.7,21.2,79.4,1004.9,0.0,rocklea,2017,12,3,362,727,0,0,0,1,,0,train
2017-12-29,6.22,11.33,23,2.17,0.1,3.83,1.48,-0.92,-0.48,27.29,22.6,76.1,1003.7,0.0,rocklea,2017,12,4,363,728,0,0,0,1,,0,train
2017-12-30,3.87,3.67,23,2.7,0.083,3.46,1.46,-0.36,-1.03,28.66,24.3,72.9,998.5,0.0,rocklea,2017,12,5,364,729,0,1,0,1,,0,train
2017-12-31,6.13,3.67,23,2.43,0.096,5.65,1.28,-0.72,0.28,28.18,25.3,76.7,996.5,0.0,rocklea,2017,12,6,365,730,0,1,0,1,,0,train
2018-01-01,9.39,7.0,23,3.3,0.135,7.23,1.2,-0.34,0.1,28.29,24.6,78.9,994.0,0.2,rocklea,2018,1,0,1,731,0,0,1,1,,0,train
2018-01-02,10.96,17.0,23,3.26,0.122,9.71,1.39,-0.35,0.64,26.43,23.0,82.7,993.2,6.6,rocklea,2018,1,1,2,732,0,0,0,1,,0,train
2018-01-03,9.57,16.0,23,3.22,0.109,2.66,1.67,-0.29,0.72,26.62,22.2,75.6,995.9,0.0,rocklea,2018,1,2,3,733,0,0,0,1,,0,train
2018-01-04,10.13,17.67,23,3.04,0.078,4.18,1.47,-0.73,0.75,26.16,21.9,71.0,1002.9,0.0,rocklea,2018,1,3,4,734,0,0,0,1,,0,train
2018-01-05,7.65,11.33,23,2.17,0.061,3.68,1.5,-1.09,0.33,26.65,23.2,70.2,1005.5,0.0,rocklea,2018,1,4,5,735,0,0,0,1,,0,train
2018-01-06,6.43,7.67,23,2.09,0.061,2.64,1.33,-0.98,-0.07,27.32,22.8,65.8,1007.3,0.0,rocklea,2018,1,5,6,736,0,1,0,1,,0,train
2018-01-07,5.74,6.0,23,2.61,0.061,3.66,1.54,-0.72,-0.64,27.42,21.4,68.7,1006.8,0.0,rocklea,2018,1,6,7,737,0,1,0,1,,0,train
2018-01-08,6.57,11.33,23,3.39,0.07,3.28,1.75,-0.49,-0.83,28.09,22.5,66.6,1005.8,0.0,rocklea,2018,1,0,8,738,0,0,0,1,,0,train
2018-01-09,7.3,11.67,23,2.74,0.087,2.81,1.73,-0.6,-1.15,28.4,24.2,64.4,1004.8,0.0,rocklea,2018,1,1,9,739,0,0,0,1,,0,train
2018-01-10,9.3,14.0,23,3.17,0.113,4.48,1.52,-0.65,-0.66,28.58,23.3,67.1,1005.0,0.0,rocklea,2018,1,2,10,740,0,0,0,1,,0,train
2018-01-11,8.17,15.33,23,1.52,0.096,4.22,1.38,-1.13,-0.44,28.72,25.3,67.7,1005.7,0.0,rocklea,2018,1,3,11,741,0,0,0,1,,0,train
2018-01-12,9.0,13.33,23,4.0,0.1,4.42,1.48,-0.78,-0.89,29.07,25.1,69.3,1002.3,0.0,rocklea,2018,1,4,12,742,0,0,0,1,,0,train
2018-01-13,8.22,6.67,23,3.39,0.109,8.65,1.6,-0.99,-1.05,30.12,25.0,72.4,995.7,1.9,rocklea,2018,1,5,13,743,0,1,0,1,,0,train
2018-01-14,9.52,11.67,23,3.35,0.091,7.33,2.48,0.56,1.0,29.99,23.0,58.5,992.2,0.0,rocklea,2018,1,6,14,744,0,1,0,1,,0,train
2018-01-15,10.74,18.33,23,3.96,0.083,6.31,1.79,-0.43,1.03,24.76,19.7,53.7,999.5,0.0,rocklea,2018,1,0,15,745,0,0,0,1,,0,train
2018-01-16,11.74,19.33,23,4.83,0.087,7.79,2.37,-0.42,1.8,24.91,18.7,55.0,1003.3,0.0,rocklea,2018,1,1,16,746,0,0,0,1,,0,train
2018-01-17,9.7,16.0,23,3.74,0.091,4.95,1.67,-0.51,0.6,24.89,19.1,56.1,1005.9,0.0,rocklea,2018,1,2,17,747,0,0,0,1,,0,train
2018-01-18,11.61,19.33,23,3.61,0.109,8.3,1.53,-0.47,0.2,25.59,20.2,61.8,1006.9,0.0,rocklea,2018,1,3,18,748,0,0,0,1,,0,train
2018-01-19,14.22,19.33,23,,0.117,6.77,1.4,-0.51,0.12,25.9,18.6,62.5,1003.9,0.0,rocklea,2018,1,4,19,749,0,0,0,1,,0,train
2018-01-20,8.26,13.33,23,3.3,0.078,3.63,1.74,-0.64,1.09,26.38,19.6,64.1,1002.0,0.0,rocklea,2018,1,5,20,750,0,1,0,1,,0,train
2018-01-21,4.13,5.0,23,1.78,0.043,1.44,1.68,-0.92,0.45,26.34,21.8,68.4,1001.8,0.0,rocklea,2018,1,6,21,751,0,1,0,1,,0,train
2018-01-22,8.96,16.33,23,2.78,0.109,3.12,1.42,-0.91,-0.05,27.02,22.4,70.5,1001.7,0.0,rocklea,2018,1,0,22,752,0,0,0,0,,0,train
2018-01-23,9.22,16.0,18,2.83,0.148,,1.56,-0.85,-0.23,27.31,22.0,69.1,1001.9,0.0,rocklea,2018,1,1,23,753,0,0,0,0,,0,train
2018-01-24,7.35,16.33,23,2.48,0.148,4.88,1.73,-1.22,-0.38,27.43,23.2,71.7,1001.0,2.2,rocklea,2018,1,2,24,754,0,0,0,0,,0,train
2018-01-25,7.13,13.0,23,1.43,0.165,5.15,1.69,-1.36,-0.66,28.23,24.6,73.3,1000.8,0.3,rocklea,2018,1,3,25,755,0,0,0,0,,0,train
2018-01-26,3.43,3.67,23,2.09,0.096,4.89,1.71,-1.29,-0.18,28.54,23.8,72.8,1001.0,0.0,rocklea,2018,1,4,26,756,0,0,1,0,,0,train
2018-01-27,2.39,2.67,23,1.57,0.096,3.43,1.85,-1.62,0.67,28.69,25.1,74.2,1000.6,0.4,rocklea,2018,1,5,27,757,0,1,0,0,,0,train
2018-01-28,4.65,3.0,23,2.09,0.104,3.58,1.78,-0.95,1.27,26.83,24.0,78.3,999.2,14.0,rocklea,2018,1,6,28,758,0,1,0,0,,0,train
2018-01-29,9.87,17.33,23,3.57,0.152,5.91,1.96,-0.81,1.33,26.68,22.4,77.1,997.1,0.0,rocklea,2018,1,0,29,759,0,0,0,0,,0,train
2018-01-30,9.04,16.33,23,3.61,0.139,4.2,1.93,-0.47,1.34,27.5,23.1,72.8,993.6,0.0,rocklea,2018,1,1,30,760,0,0,0,0,,0,train
2018-01-31,9.3,11.0,23,3.74,0.13,5.72,1.54,-0.5,0.43,28.27,23.1,73.4,992.5,3.7,rocklea,2018,1,2,31,761,0,0,0,0,,0,train
2018-02-01,13.09,17.33,23,3.78,0.126,3.78,2.48,-0.38,2.25,23.12,20.2,79.0,999.2,0.0,rocklea,2018,2,3,32,762,0,0,0,0,,0,train
2018-02-02,13.96,19.33,23,4.87,0.226,4.25,1.7,0.62,1.48,19.98,18.8,92.3,1001.8,1.0,rocklea,2018,2,4,33,763,0,0,0,0,,0,train
2018-02-03,9.7,8.67,23,5.0,0.187,3.59,1.55,1.01,1.13,19.92,19.1,92.6,1003.6,2.6,rocklea,2018,2,5,34,764,0,1,0,0,,0,train
2018-02-04,5.65,5.67,23,1.17,0.087,1.2,2.38,-0.73,1.83,23.13,18.2,77.8,1005.6,0.0,rocklea,2018,2,6,35,765,0,1,0,0,,0,train
2018-02-05,9.65,13.67,23,2.52,0.126,2.3,2.1,-0.47,1.65,24.58,18.9,67.1,1006.5,0.0,rocklea,2018,2,0,36,766,0,0,0,0,,0,train
2018-02-06,8.7,13.0,23,2.7,0.143,2.41,2.05,-0.51,1.35,24.62,19.5,66.9,1006.8,0.0,rocklea,2018,2,1,37,767,0,0,0,0,,0,train
2018-02-07,11.17,17.33,23,2.96,0.139,3.1,2.02,-0.61,1.5,24.8,19.2,60.3,1007.6,0.0,rocklea,2018,2,2,38,768,0,0,0,0,,0,train
2018-02-08,10.09,14.67,23,2.91,0.135,2.22,2.15,-0.68,1.66,24.53,19.3,66.9,1006.9,0.0,rocklea,2018,2,3,39,769,0,0,0,0,,0,train
2018-02-09,10.17,13.33,23,3.17,0.157,3.52,1.45,-0.11,0.19,25.32,18.9,66.7,1003.9,0.0,rocklea,2018,2,4,40,770,0,0,0,0,,0,train
2018-02-10,10.09,9.67,23,2.83,0.178,4.79,1.44,-0.29,-0.45,26.8,20.6,70.3,999.0,0.6,rocklea,2018,2,5,41,771,0,1,0,0,,0,train
2018-02-11,8.57,6.0,23,2.39,0.161,5.81,1.45,-0.32,-0.38,27.81,22.8,72.8,995.0,5.1,rocklea,2018,2,6,42,772,0,1,0,0,,0,train
2018-02-12,13.04,22.0,23,4.57,0.204,6.9,1.68,-0.71,-0.37,28.59,22.4,71.4,996.0,0.0,rocklea,2018,2,0,43,773,0,0,0,0,,0,train
2018-02-13,9.43,13.0,23,2.3,0.183,6.75,1.7,-1.28,-0.43,28.59,23.0,81.4,999.0,5.9,rocklea,2018,2,1,44,774,0,0,0,0,,0,train
2018-02-14,13.17,26.33,23,4.96,0.23,7.47,1.7,-0.73,-0.43,28.61,22.5,78.7,998.2,0.0,rocklea,2018,2,2,45,775,0,0,0,0,,0,train
2018-02-15,14.22,28.67,23,4.0,0.248,10.1,1.57,-0.51,0.63,30.11,25.9,78.2,999.0,0.0,rocklea,2018,2,3,46,776,0,0,0,0,,0,train
2018-02-16,11.57,13.0,23,3.52,0.217,7.39,1.53,-0.85,-0.72,28.95,25.1,81.6,998.3,0.7,rocklea,2018,2,4,47,777,0,0,0,0,,0,train
2018-02-17,6.74,10.33,23,2.78,0.139,5.33,1.55,-0.83,0.7,27.45,22.7,75.7,1000.4,9.1,rocklea,2018,2,5,48,778,0,1,0,0,,0,train
2018-02-18,6.22,6.33,23,1.87,0.122,5.1,1.46,-0.49,0.95,27.63,23.1,71.4,999.9,0.0,rocklea,2018,2,6,49,779,0,1,0,0,,0,train
2018-02-19,10.3,15.0,23,2.7,0.165,4.68,1.48,-0.12,0.44,27.59,22.1,66.3,997.8,0.1,rocklea,2018,2,0,50,780,0,0,0,0,,0,train
2018-02-20,10.39,19.0,23,2.35,0.161,3.3,2.42,-0.9,1.93,26.73,23.1,64.6,999.4,0.0,rocklea,2018,2,1,51,781,0,0,0,0,,0,train
2018-02-21,8.78,14.33,23,0.78,0.122,2.83,3.11,-1.77,2.45,24.96,23.0,72.3,1002.4,0.7,rocklea,2018,2,2,52,782,0,0,0,0,,0,train
2018-02-22,9.26,17.33,23,2.74,0.126,1.96,2.33,-1.24,1.79,23.93,21.1,83.0,1003.5,2.0,rocklea,2018,2,3,53,783,0,0,0,0,,0,train
2018-02-23,6.17,8.33,23,1.3,0.161,2.34,1.58,-1.47,-0.02,24.07,23.2,93.8,1002.6,114.1,rocklea,2018,2,4,54,784,0,0,0,0,,0,train
2018-02-24,6.52,9.0,23,1.96,0.187,3.68,1.07,-0.76,-0.32,25.3,22.6,90.8,1001.2,28.4,rocklea,2018,2,5,55,785,0,1,0,0,,0,train
2018-02-25,5.39,4.67,23,3.05,0.174,3.04,1.32,-0.72,-0.9,27.59,23.9,84.0,996.6,0.0,rocklea,2018,2,6,56,786,0,1,0,0,,0,train
2018-02-26,9.26,12.0,23,3.0,0.217,2.82,1.38,-0.47,-0.34,28.18,22.6,79.0,995.5,18.3,rocklea,2018,2,0,57,787,0,0,0,0,,0,train
2018-02-27,11.91,20.33,23,3.57,0.165,1.73,2.14,-0.34,1.76,24.79,22.0,78.9,1001.8,0.0,rocklea,2018,2,1,58,788,0,0,0,0,,0,train
2018-02-28,11.04,17.0,23,3.22,0.187,2.39,1.49,-0.25,-0.02,25.66,20.5,71.8,1002.2,0.0,rocklea,2018,2,2,59,789,0,0,0,0,,0,train
2018-03-01,15.1,14.67,21,4.83,0.171,5.43,1.45,0.06,0.43,28.54,21.5,72.0,998.7,0.0,rocklea,2018,3,3,60,790,0,0,0,0,,0,train
2018-03-02,9.35,15.67,23,0.7,0.039,3.49,1.68,-1.28,0.61,27.16,25.4,75.0,1000.7,0.0,rocklea,2018,3,4,61,791,0,0,0,0,,0,train
2018-03-03,9.35,14.0,23,1.61,0.083,5.6,1.19,-0.6,-0.62,27.63,24.5,81.4,1000.4,0.0,rocklea,2018,3,5,62,792,0,1,0,0,,0,train
2018-03-04,11.91,11.0,23,2.96,0.1,5.68,1.0,0.41,0.13,29.13,25.2,71.2,999.8,0.5,rocklea,2018,3,6,63,793,0,1,0,0,,0,train
2018-03-05,13.04,28.0,23,4.7,0.104,4.73,1.16,-0.46,0.32,26.49,24.0,87.1,1000.6,0.8,rocklea,2018,3,0,64,794,0,0,0,0,,0,train
2018-03-06,15.26,23.33,23,8.87,0.161,3.1,1.76,0.4,1.4,21.55,19.3,93.2,1003.7,14.8,rocklea,2018,3,1,65,795,0,0,0,0,,0,train
2018-03-07,11.39,21.0,23,3.39,0.061,2.98,2.63,-0.59,2.13,22.59,19.3,81.4,1006.5,1.5,rocklea,2018,3,2,66,796,0,0,0,0,,0,train
2018-03-08,12.48,21.67,23,1.91,0.065,2.18,2.62,-0.73,2.23,23.0,19.6,74.1,1007.5,0.0,rocklea,2018,3,3,67,797,0,0,0,0,,0,train
2018-03-09,12.13,20.33,23,3.57,0.07,2.08,2.67,-0.61,2.3,23.68,19.6,71.9,1008.5,0.0,rocklea,2018,3,4,68,798,0,0,0,0,,0,train
2018-03-10,9.43,13.33,23,2.0,0.048,2.42,2.15,-0.18,1.77,22.63,20.2,79.6,1009.2,2.9,rocklea,2018,3,5,69,799,0,1,0,0,,0,train
2018-03-11,9.57,6.33,23,2.39,0.061,1.16,1.77,0.41,1.54,21.88,19.3,84.8,1007.8,1.4,rocklea,2018,3,6,70,800,0,1,0,0,,0,train
2018-03-12,11.65,18.33,23,2.83,0.074,2.76,1.57,-0.02,1.09,23.86,18.7,73.6,1005.1,0.0,rocklea,2018,3,0,71,801,0,0,0,0,,0,train
2018-03-13,11.74,17.33,23,4.13,0.078,3.06,1.85,-0.42,1.36,23.82,19.8,79.1,1005.5,1.6,rocklea,2018,3,1,72,802,0,0,0,0,,0,train
2018-03-14,12.09,20.0,23,2.43,0.083,2.53,2.46,-0.84,2.02,24.63,20.9,75.5,1004.2,0.2,rocklea,2018,3,2,73,803,0,0,0,0,,0,train
2018-03-15,14.61,21.67,23,3.65,0.104,4.58,1.79,-0.27,1.35,24.95,20.8,73.2,1002.1,0.0,rocklea,2018,3,3,74,804,0,0,0,0,,0,train
2018-03-16,12.65,16.0,23,4.26,0.096,4.36,1.28,-0.15,0.75,25.24,19.0,73.6,1004.2,0.0,rocklea,2018,3,4,75,805,0,0,0,0,,0,train
2018-03-17,8.87,12.67,23,2.09,0.043,3.87,1.3,-0.33,0.67,26.37,21.2,74.7,1006.1,0.0,rocklea,2018,3,5,76,806,0,1,0,0,,0,train
2018-03-18,6.78,8.0,23,1.83,0.052,3.17,1.29,-0.38,0.23,26.45,21.6,79.6,1005.5,0.0,rocklea,2018,3,6,77,807,0,1,0,0,,0,train
2018-03-19,8.0,13.67,23,2.04,0.078,3.37,1.2,-0.41,0.24,27.12,22.5,78.0,1005.6,0.2,rocklea,2018,3,0,78,808,0,0,0,0,,0,train
2018-03-20,10.48,18.33,23,1.74,0.065,3.63,1.58,-1.0,1.07,26.46,22.9,74.3,1006.3,0.0,rocklea,2018,3,1,79,809,0,0,0,0,,0,train
2018-03-21,10.57,17.33,23,2.3,0.087,1.49,2.01,-0.82,1.59,23.86,21.9,83.9,1006.2,4.0,rocklea,2018,3,2,80,810,0,0,0,0,,0,train
2018-03-22,11.22,21.33,23,2.48,0.087,3.15,2.13,-0.82,1.78,23.92,21.1,85.0,1005.8,6.1,rocklea,2018,3,3,81,811,0,0,0,0,,0,train
2018-03-23,10.39,18.0,23,3.26,0.104,2.42,1.59,-0.46,0.85,24.29,20.2,82.5,1006.4,0.0,rocklea,2018,3,4,82,812,0,0,0,0,,0,train
2018-03-24,8.09,9.67,23,2.65,0.074,3.2,1.36,-0.52,0.41,24.7,21.1,78.9,1006.9,0.0,rocklea,2018,3,5,83,813,0,1,0,0,,0,train
2018-03-25,7.96,6.67,23,2.3,0.07,2.82,1.26,-0.2,0.22,24.23,20.0,82.6,1003.6,0.0,rocklea,2018,3,6,84,814,0,1,0,0,,0,train
2018-03-26,12.17,13.67,23,4.52,0.143,5.23,1.06,-0.06,-0.17,26.08,22.4,83.5,999.0,0.0,rocklea,2018,3,0,85,815,0,0,0,0,,0,train
2018-03-27,13.35,15.0,23,3.78,0.152,5.9,1.6,-0.42,1.28,25.76,23.9,86.9,1001.7,0.0,rocklea,2018,3,1,86,816,0,0,0,0,,0,train
2018-03-28,14.35,20.33,23,3.7,0.143,3.18,2.35,-0.19,2.03,25.93,21.5,72.8,1003.2,0.0,rocklea,2018,3,2,87,817,0,0,0,0,,0,train
2018-03-29,11.78,20.0,23,2.7,0.104,3.02,1.85,-0.48,1.39,24.68,21.4,85.2,1002.5,0.1,rocklea,2018,3,3,88,818,0,0,0,0,,0,train
2018-03-30,6.65,7.33,23,1.52,0.035,2.37,1.5,-0.32,1.09,25.05,21.7,85.7,1003.0,0.2,rocklea,2018,3,4,89,819,0,0,1,1,,0,train
2018-03-31,7.13,6.67,23,1.39,0.043,2.43,1.82,-0.62,1.29,25.3,21.3,79.1,1004.8,0.0,rocklea,2018,3,5,90,820,0,1,1,1,,0,train
2018-04-01,5.61,5.67,23,1.17,0.039,2.0,1.5,-0.5,0.4,24.78,20.8,62.0,1003.1,0.0,rocklea,2018,4,6,91,821,0,1,1,1,,0,train
2018-04-02,5.65,6.67,23,1.96,0.048,3.01,1.52,-0.77,0.04,25.26,21.3,63.6,1006.8,0.2,rocklea,2018,4,0,92,822,0,0,1,1,,0,train
2018-04-03,12.7,16.67,20,3.43,0.13,3.35,1.7,-0.46,1.11,24.17,20.4,66.6,1008.6,0.4,rocklea,2018,4,1,93,823,0,0,0,1,,0,train
2018-04-04,13.04,21.33,23,3.09,0.104,2.21,2.04,-0.71,1.69,22.82,20.5,70.8,1009.2,3.4,rocklea,2018,4,2,94,824,0,0,0,1,,0,train
2018-04-05,14.04,21.0,23,5.09,0.13,2.33,1.78,-0.29,1.17,23.25,19.0,72.6,1009.0,0.4,rocklea,2018,4,3,95,825,0,0,0,1,,0,train
2018-04-06,12.52,19.0,23,4.0,0.096,2.41,1.82,-0.41,1.18,23.5,18.8,80.5,1010.6,0.0,rocklea,2018,4,4,96,826,0,0,0,1,,0,train
2018-04-07,10.61,12.0,23,2.61,0.074,2.88,1.59,-0.36,0.95,23.88,19.2,69.3,1011.5,0.0,rocklea,2018,4,5,97,827,0,1,0,1,,0,train
2018-04-08,9.3,8.33,23,2.35,0.1,2.53,1.35,-0.04,0.68,23.29,19.2,71.7,1010.5,0.0,rocklea,2018,4,6,98,828,0,1,0,1,,0,train
2018-04-09,17.13,17.0,23,4.78,0.174,4.29,1.05,-0.07,0.04,23.96,18.3,76.7,1005.5,0.0,rocklea,2018,4,0,99,829,0,0,0,1,,0,train
2018-04-10,17.09,22.67,23,5.95,0.143,5.16,2.02,-0.47,1.59,24.0,18.3,58.6,1001.1,0.0,rocklea,2018,4,1,100,830,0,0,0,1,,0,train
2018-04-11,16.04,28.33,23,4.26,0.109,2.68,1.57,-0.81,1.05,23.75,20.7,48.5,1004.9,0.0,rocklea,2018,4,2,101,831,0,0,0,1,,0,train
2018-04-12,17.87,23.67,23,6.17,0.165,3.4,1.28,-0.24,-0.12,22.96,19.9,70.0,1008.0,0.0,rocklea,2018,4,3,102,832,0,0,0,1,,0,train
2018-04-13,15.0,21.0,23,6.57,0.13,3.32,1.38,-0.41,-0.71,24.09,18.9,74.1,1009.2,0.0,rocklea,2018,4,4,103,833,0,0,0,1,,0,train
2018-04-14,13.48,11.67,23,6.35,0.143,3.5,0.84,0.11,-0.32,24.01,20.0,73.8,1009.0,0.1,rocklea,2018,4,5,104,834,0,1,0,1,,0,train
2018-04-15,12.87,11.0,23,4.0,0.2,5.11,1.05,-0.24,-0.29,25.67,20.1,74.1,1008.7,0.0,rocklea,2018,4,6,105,835,0,1,0,1,,0,train
2018-04-16,22.96,26.33,23,7.87,0.226,4.32,0.98,0.12,-0.01,24.98,18.0,73.4,1009.2,0.0,rocklea,2018,4,0,106,836,0,0,0,1,,0,train
2018-04-17,18.65,25.67,23,8.0,0.152,4.4,1.5,-0.12,0.99,24.44,18.1,74.4,1010.8,0.0,rocklea,2018,4,1,107,837,0,0,0,0,,0,train
2018-04-18,19.78,26.0,23,7.43,0.183,3.57,1.68,0.22,1.09,22.03,19.6,72.4,1012.8,1.6,rocklea,2018,4,2,108,838,0,0,0,0,,0,train
2018-04-19,17.48,22.67,23,4.7,0.152,3.16,1.34,-0.1,0.77,23.02,19.2,72.1,1014.3,0.0,rocklea,2018,4,3,109,839,0,0,0,0,,0,train
2018-04-20,21.39,22.0,23,10.0,0.274,4.77,1.2,0.69,0.56,21.8,19.6,71.7,1014.5,5.7,rocklea,2018,4,4,110,840,0,0,0,0,,0,train
2018-04-21,14.52,11.0,23,6.57,0.183,3.62,1.5,0.37,0.92,21.85,18.0,74.4,1013.4,0.0,rocklea,2018,4,5,111,841,0,1,0,0,,0,train
2018-04-22,11.13,8.67,23,3.7,0.117,3.12,2.1,0.27,1.63,21.72,17.5,76.8,1012.5,0.0,rocklea,2018,4,6,112,842,0,1,0,0,,0,train
2018-04-23,17.35,19.33,23,7.26,0.209,2.96,1.51,0.66,0.94,21.62,17.4,74.6,1011.1,0.0,rocklea,2018,4,0,113,843,0,0,0,0,,0,train
2018-04-24,18.57,21.67,23,7.61,0.187,3.04,1.4,0.8,0.92,22.02,17.0,77.8,1009.7,0.0,rocklea,2018,4,1,114,844,0,0,0,0,,0,train
2018-04-25,11.22,12.0,23,2.3,0.113,3.08,1.06,0.39,0.5,22.64,18.1,76.6,1006.7,0.1,rocklea,2018,4,2,115,845,0,0,1,0,,0,train
2018-04-26,17.74,23.0,23,5.96,0.183,4.55,1.03,0.13,0.44,23.68,18.9,87.9,1001.3,0.0,rocklea,2018,4,3,116,846,0,0,0,0,,0,train
2018-04-27,19.87,24.0,23,8.78,0.187,4.3,1.87,0.63,1.46,22.74,19.1,61.6,1002.9,0.4,rocklea,2018,4,4,117,847,0,0,0,0,,0,train
2018-04-28,13.35,11.67,23,3.83,0.13,1.69,2.13,0.87,1.58,20.52,17.5,63.2,1005.5,0.0,rocklea,2018,4,5,118,848,0,1,0,0,,0,train
2018-04-29,10.74,8.0,23,3.04,0.113,1.8,2.0,0.57,1.43,20.41,16.4,65.2,1007.7,0.0,rocklea,2018,4,6,119,849,0,1,0,0,,0,train
2018-04-30,16.78,21.33,23,7.35,0.152,2.61,2.03,0.6,1.51,19.89,15.7,71.9,1008.9,0.1,rocklea,2018,4,0,120,850,0,0,0,0,,0,train
2018-05-01,17.1,21.67,20,7.78,0.15,4.08,2.17,0.35,1.41,20.75,16.0,69.5,1011.6,0.1,rocklea,2018,5,1,121,851,0,0,0,0,,0,train
2018-05-02,15.74,22.67,23,6.96,0.157,5.52,1.37,0.16,0.76,21.6,17.9,71.8,1010.2,0.0,rocklea,2018,5,2,122,852,0,0,0,0,,0,train
2018-05-03,20.7,23.0,23,7.78,0.257,6.82,1.08,0.03,0.16,21.81,16.5,76.8,1009.2,0.0,rocklea,2018,5,3,123,853,0,0,0,0,,0,train
2018-05-04,17.83,23.0,23,9.65,0.222,6.77,1.07,-0.26,-0.3,22.93,17.8,78.1,1008.3,0.0,rocklea,2018,5,4,124,854,0,0,0,0,,0,train
2018-05-05,12.43,15.33,23,5.78,0.148,4.95,1.91,-0.5,1.4,22.74,18.9,73.2,1012.0,0.0,rocklea,2018,5,5,125,855,0,1,0,0,,0,train
2018-05-06,9.57,7.0,23,2.0,0.117,3.08,2.26,-0.11,1.68,21.08,16.6,69.3,1015.2,0.0,rocklea,2018,5,6,126,856,0,1,0,0,,0,train
2018-05-07,9.87,9.67,23,4.65,0.109,3.9,1.52,0.15,0.97,20.51,17.3,81.1,1011.9,0.2,rocklea,2018,5,0,127,857,0,0,1,0,,0,train
2018-05-08,17.48,22.33,23,6.96,0.2,5.22,1.14,0.17,0.83,20.4,19.0,91.1,1009.2,7.0,rocklea,2018,5,1,128,858,0,0,0,0,,0,train
2018-05-09,21.35,18.67,23,5.39,0.239,5.32,1.36,0.82,0.42,22.29,18.3,76.8,1007.0,0.0,rocklea,2018,5,2,129,859,0,0,0,0,,0,train
2018-05-10,20.7,20.67,23,9.78,0.257,6.43,1.05,0.24,-0.23,22.0,15.4,72.1,1004.8,0.0,rocklea,2018,5,3,130,860,0,0,0,0,,0,train
2018-05-11,15.61,18.0,23,8.7,0.196,2.85,2.39,2.3,0.17,20.02,16.2,44.8,1003.5,0.0,rocklea,2018,5,4,131,861,0,0,0,0,,0,train
2018-05-12,9.13,10.33,23,5.39,0.183,2.34,2.82,2.76,0.14,18.02,13.5,47.7,1003.6,0.0,rocklea,2018,5,5,132,862,0,1,0,0,,0,train
2018-05-13,14.3,14.67,23,4.22,0.248,4.34,1.26,0.82,0.57,18.65,12.9,59.9,1006.4,0.0,rocklea,2018,5,6,133,863,0,1,0,0,,0,train
2018-05-14,21.96,24.33,23,10.35,0.326,5.46,1.28,0.83,0.82,18.49,12.4,69.5,1008.4,0.0,rocklea,2018,5,0,134,864,0,0,0,0,,0,train
2018-05-15,19.43,24.33,23,8.91,0.257,4.35,1.37,0.48,0.65,19.19,14.4,67.3,1009.0,0.0,rocklea,2018,5,1,135,865,0,0,0,0,,0,train
2018-05-16,20.65,26.0,23,9.39,0.265,5.52,1.64,0.59,1.05,18.43,12.1,66.1,1010.8,0.0,rocklea,2018,5,2,136,866,0,0,0,0,,0,train
2018-05-17,17.91,26.0,23,7.43,0.23,4.2,1.61,0.13,1.08,18.27,13.6,74.0,1011.5,0.0,rocklea,2018,5,3,137,867,0,0,0,0,,0,train
2018-05-18,24.17,25.0,23,10.17,0.357,5.84,1.05,0.42,0.2,18.98,13.9,75.5,1009.9,0.0,rocklea,2018,5,4,138,868,0,0,0,0,,0,train
2018-05-19,22.39,17.0,23,8.65,0.396,8.45,1.15,0.52,0.4,18.38,12.1,77.2,1009.7,0.0,rocklea,2018,5,5,139,869,0,1,0,0,,0,train
2018-05-20,18.96,17.0,23,8.3,0.283,7.17,1.39,1.25,0.29,19.11,12.1,60.8,1008.9,0.0,rocklea,2018,5,6,140,870,0,1,0,0,,0,train
2018-05-21,25.43,27.0,23,9.87,0.352,4.58,1.29,0.94,0.41,18.22,11.6,60.0,1008.7,0.0,rocklea,2018,5,0,141,871,0,0,0,0,,0,train
2018-05-22,25.48,28.0,23,12.57,0.426,5.76,1.48,1.26,0.46,18.33,12.2,63.2,1008.5,0.0,rocklea,2018,5,1,142,872,0,0,0,0,,0,train
2018-05-23,20.22,24.0,23,10.04,0.296,4.68,1.51,0.21,0.92,18.54,12.0,67.4,1010.9,0.0,rocklea,2018,5,2,143,873,0,0,0,0,,0,train
2018-05-24,21.04,26.33,23,9.74,0.339,6.67,1.0,0.21,0.51,18.91,13.6,76.0,1011.2,0.0,rocklea,2018,5,3,144,874,0,0,0,0,,0,train
2018-05-25,19.35,23.0,23,7.39,0.304,5.52,1.8,0.27,1.3,19.09,14.6,76.2,1012.4,0.0,rocklea,2018,5,4,145,875,0,0,0,0,,0,train
2018-05-26,14.87,15.67,23,5.96,0.257,3.78,1.85,0.37,1.34,18.11,15.8,83.1,1015.0,0.1,rocklea,2018,5,5,146,876,0,1,0,0,,0,train
2018-05-27,11.09,9.67,23,2.48,0.222,3.38,1.38,0.18,0.82,18.62,14.9,77.7,1014.0,0.0,rocklea,2018,5,6,147,877,0,1,0,0,,0,train
2018-05-28,13.52,21.33,23,6.0,0.23,3.25,1.46,-0.03,0.91,18.49,15.3,82.9,1012.0,0.0,rocklea,2018,5,0,148,878,0,0,0,0,,0,train
2018-05-29,20.26,21.0,23,7.7,0.417,4.83,0.97,0.19,0.1,18.87,16.7,86.3,1009.6,0.0,rocklea,2018,5,1,149,879,0,0,0,0,,0,train
2018-05-30,18.39,17.0,23,11.22,0.326,5.86,1.26,0.95,0.33,19.41,14.0,75.7,1007.0,0.0,rocklea,2018,5,2,150,880,0,0,0,0,,0,train
2018-05-31,18.17,27.67,23,11.3,0.3,2.45,1.83,1.59,0.55,16.43,10.6,45.0,1007.6,0.0,rocklea,2018,5,3,151,881,0,0,0,0,,0,train
2018-06-01,26.43,32.0,21,12.39,0.319,8.44,1.54,1.04,0.7,15.55,10.7,62.7,1007.2,0.0,rocklea,2018,6,4,152,882,0,0,0,0,,0,train
2018-06-02,17.3,15.33,23,12.78,0.104,9.36,1.53,1.4,0.49,14.91,7.5,56.7,1004.7,0.0,rocklea,2018,6,5,153,883,0,1,0,0,,0,train
2018-06-03,14.87,15.33,23,5.65,0.091,8.16,1.49,1.13,0.93,16.75,10.4,60.0,1003.2,0.0,rocklea,2018,6,6,154,884,0,1,0,0,,0,train
2018-06-04,16.87,24.33,23,11.09,0.152,6.85,1.27,0.35,0.77,15.65,10.3,75.0,1005.0,0.0,rocklea,2018,6,0,155,885,0,0,0,0,,0,train
2018-06-05,19.78,27.33,23,8.43,0.209,7.88,1.39,0.21,0.89,15.29,10.7,74.7,1009.4,0.0,rocklea,2018,6,1,156,886,0,0,0,0,,0,train
2018-06-06,18.0,24.67,23,7.65,0.161,6.51,1.72,0.27,1.27,15.0,10.6,79.1,1012.6,0.2,rocklea,2018,6,2,157,887,0,0,0,0,,0,train
2018-06-07,20.91,29.33,23,8.78,0.23,7.06,1.53,0.36,1.06,14.72,12.4,88.6,1015.1,5.8,rocklea,2018,6,3,158,888,0,0,0,0,,0,train
2018-06-08,19.39,28.67,23,11.87,0.209,7.02,1.29,0.34,0.77,15.83,12.6,92.5,1013.6,0.1,rocklea,2018,6,4,159,889,0,0,0,0,,0,train
2018-06-09,16.7,12.0,23,4.7,0.235,7.65,0.9,0.24,0.13,17.31,14.1,88.0,1010.2,0.0,rocklea,2018,6,5,160,890,0,1,0,0,,0,train
2018-06-10,15.61,10.33,23,6.91,0.217,7.93,1.37,0.61,1.08,17.18,13.8,80.2,1008.5,0.0,rocklea,2018,6,6,161,891,0,1,0,0,,0,train
2018-06-11,20.74,24.67,23,9.04,0.235,7.07,1.17,0.69,0.57,15.63,11.1,73.6,1007.9,0.0,rocklea,2018,6,0,162,892,0,0,0,0,,0,train
2018-06-12,23.3,25.67,23,14.61,0.274,10.28,1.1,0.26,-0.01,14.62,8.3,77.2,1005.2,0.0,rocklea,2018,6,1,163,893,0,0,0,0,,0,train
2018-06-13,28.43,22.67,23,15.09,0.37,13.23,0.8,0.18,-0.06,17.21,9.6,78.7,1002.9,0.0,rocklea,2018,6,2,164,894,0,0,0,0,,0,train
2018-06-14,24.7,37.67,23,15.09,0.33,10.92,0.91,0.74,-0.08,18.72,14.7,75.2,1006.2,0.0,rocklea,2018,6,3,165,895,0,0,0,0,,0,train
2018-06-15,22.52,25.67,23,15.17,0.283,7.86,1.48,1.19,0.22,17.19,12.1,57.8,1008.9,0.0,rocklea,2018,6,4,166,896,0,0,0,0,,0,train
2018-06-16,22.13,22.67,23,10.04,0.365,9.69,1.15,0.73,0.15,14.8,8.2,59.5,1008.5,0.0,rocklea,2018,6,5,167,897,0,1,0,0,,0,train
2018-06-17,10.61,10.33,23,6.3,0.2,4.62,2.36,2.24,-0.04,14.6,11.4,49.5,1006.7,0.0,rocklea,2018,6,6,168,898,0,1,0,0,,0,train
2018-06-18,11.43,19.33,23,7.17,0.191,2.86,2.77,2.67,0.54,12.58,9.0,48.2,1006.2,0.0,rocklea,2018,6,0,169,899,0,0,0,0,,0,train
2018-06-19,16.43,25.33,23,10.39,0.257,5.41,2.2,2.01,0.73,13.19,8.5,56.6,1006.8,0.0,rocklea,2018,6,1,170,900,0,0,0,0,,0,train
2018-06-20,22.61,28.33,23,12.74,0.3,6.66,1.71,1.11,1.21,13.67,7.5,65.1,1010.2,0.0,rocklea,2018,6,2,171,901,0,0,0,0,,0,train
2018-06-21,21.74,28.0,23,13.78,0.291,8.61,1.56,0.51,1.04,14.29,9.2,70.9,1012.7,0.0,rocklea,2018,6,3,172,902,0,0,0,0,,0,train
2018-06-22,19.61,26.33,23,6.74,0.3,8.17,1.53,0.44,0.94,14.61,9.5,70.0,1014.0,0.0,rocklea,2018,6,4,173,903,0,0,0,0,,0,train
2018-06-23,21.13,19.33,23,7.13,0.365,11.4,1.23,0.72,0.44,13.98,7.6,75.3,1012.6,0.0,rocklea,2018,6,5,174,904,0,1,0,0,,0,train
2018-06-24,18.43,15.67,23,5.22,0.37,18.47,1.09,0.59,0.61,13.86,7.2,65.8,1012.3,0.0,rocklea,2018,6,6,175,905,0,1,0,0,,0,train
2018-06-25,19.43,30.33,23,7.39,0.27,12.4,1.64,0.09,1.11,14.11,9.1,70.6,1015.4,0.0,rocklea,2018,6,0,176,906,0,0,0,0,,0,train
2018-06-26,18.13,28.33,23,6.43,0.209,7.12,1.74,-0.08,1.27,15.64,12.2,72.1,1018.2,0.0,rocklea,2018,6,1,177,907,0,0,0,0,,0,train
2018-06-27,21.3,28.33,23,13.87,0.278,8.65,1.09,0.76,0.7,13.94,12.4,90.1,1016.1,1.4,rocklea,2018,6,2,178,908,0,0,0,0,,0,train
2018-06-28,19.7,22.33,23,8.96,0.23,7.85,1.0,0.66,0.56,15.26,12.2,88.5,1011.9,0.3,rocklea,2018,6,3,179,909,0,0,0,0,,0,train
2018-06-29,22.39,17.0,23,12.35,0.222,9.86,1.11,0.41,0.16,15.6,11.1,85.6,1010.7,0.0,rocklea,2018,6,4,180,910,0,0,0,0,,0,train
2018-06-30,20.91,16.0,23,9.39,0.257,13.32,1.06,0.21,0.09,17.18,11.9,85.2,1013.0,0.0,rocklea,2018,6,5,181,911,0,1,0,1,,0,train
2018-07-01,16.0,15.33,23,5.7,0.2,15.6,1.0,0.36,0.51,17.17,14.6,89.2,1014.5,0.0,rocklea,2018,7,6,182,912,0,1,0,1,,0,train
2018-07-02,18.04,21.33,23,7.48,0.152,6.88,1.27,0.76,0.93,17.16,13.3,78.7,1012.6,0.0,rocklea,2018,7,0,183,913,0,0,0,1,,0,train
2018-07-03,16.87,25.67,23,,0.113,4.55,1.97,1.36,1.33,16.44,11.9,67.4,1011.0,0.0,rocklea,2018,7,1,184,914,0,0,0,1,,0,train
2018-07-04,18.36,26.67,22,,0.159,5.24,1.76,0.5,0.98,17.41,13.7,80.2,1011.3,0.0,rocklea,2018,7,2,185,915,0,0,0,1,,0,train
2018-07-05,20.57,23.67,23,,0.226,8.77,1.05,-0.03,0.04,17.06,14.3,91.4,1010.8,3.7,rocklea,2018,7,3,186,916,0,0,0,1,,0,train
2018-07-06,15.13,26.33,23,,0.095,6.71,1.25,-0.64,-0.95,19.34,16.9,88.1,1006.7,0.8,rocklea,2018,7,4,187,917,0,0,0,1,,0,train
2018-07-07,13.04,15.33,23,,0.109,5.4,1.27,0.68,-0.15,18.92,13.5,74.5,1003.0,0.0,rocklea,2018,7,5,188,918,0,1,0,1,,0,train
2018-07-08,8.65,11.33,23,,0.091,3.5,2.63,2.48,0.57,13.9,9.9,45.3,1007.3,0.0,rocklea,2018,7,6,189,919,0,1,0,1,,0,train
2018-07-09,20.87,29.33,23,,0.2,6.04,1.42,0.95,0.67,13.38,7.9,58.5,1010.2,0.0,rocklea,2018,7,0,190,920,0,0,0,1,,0,train
2018-07-10,19.87,23.33,23,17.7,0.191,8.13,1.56,0.5,1.05,13.25,7.8,69.9,1011.9,0.0,rocklea,2018,7,1,191,921,0,0,0,1,,0,train
2018-07-11,21.04,26.0,23,,0.204,7.95,1.22,0.32,0.85,13.75,9.2,81.0,1010.9,0.6,rocklea,2018,7,2,192,922,0,0,0,1,,0,train
2018-07-12,21.87,24.67,23,8.76,0.3,9.96,1.06,0.79,0.54,15.21,12.1,86.4,1008.3,0.0,rocklea,2018,7,3,193,923,0,0,0,1,,0,train
2018-07-13,21.74,28.0,23,16.35,0.27,8.18,1.7,1.51,0.69,14.1,9.1,63.8,1006.0,0.0,rocklea,2018,7,4,194,924,0,0,0,1,,0,train
2018-07-14,22.0,21.33,23,9.43,0.317,11.39,1.13,0.56,0.61,11.99,5.7,57.8,1006.5,0.0,rocklea,2018,7,5,195,925,0,1,0,1,,0,train
2018-07-15,20.35,13.67,23,5.83,0.278,15.39,1.15,0.34,0.31,11.76,4.3,65.0,1006.1,0.0,rocklea,2018,7,6,196,926,0,1,0,1,,0,train
2018-07-16,27.78,33.0,23,14.39,0.317,13.13,0.9,0.52,0.09,14.47,7.2,65.2,1004.2,0.0,rocklea,2018,7,0,197,927,0,0,0,0,,0,train
2018-07-17,30.74,34.67,23,12.87,0.409,10.75,1.05,0.47,0.28,13.73,6.6,58.4,1007.3,0.0,rocklea,2018,7,1,198,928,0,0,0,0,,0,train
2018-07-18,33.78,27.33,23,15.39,0.557,18.5,0.91,0.42,0.24,13.4,5.4,60.9,1008.7,0.0,rocklea,2018,7,2,199,929,0,0,0,0,,0,train
2018-07-19,27.3,31.33,23,14.74,0.387,23.94,1.25,-0.05,-0.28,13.82,6.1,62.9,1008.6,0.0,rocklea,2018,7,3,200,930,0,0,0,0,,0,train
2018-07-20,24.7,33.0,23,13.52,0.291,14.58,1.21,0.89,-0.14,17.06,9.5,67.2,1004.9,0.0,rocklea,2018,7,4,201,931,0,0,0,0,,0,train
2018-07-21,15.39,16.67,23,5.22,0.261,9.71,1.5,0.63,0.4,13.45,9.1,55.2,1009.6,0.0,rocklea,2018,7,5,202,932,0,1,0,0,,0,train
2018-07-22,15.74,16.67,23,3.7,0.291,13.69,1.28,0.36,0.49,12.32,6.2,68.5,1010.7,0.0,rocklea,2018,7,6,203,933,0,1,0,0,,0,train
2018-07-23,27.22,32.33,23,9.48,0.4,15.09,0.99,0.09,0.05,13.24,6.8,71.6,1008.7,0.0,rocklea,2018,7,0,204,934,0,0,0,0,,0,train
2018-07-24,25.91,30.67,23,12.0,0.317,14.68,1.07,-0.07,-0.12,14.62,7.8,76.2,1007.0,0.0,rocklea,2018,7,1,205,935,0,0,0,0,,0,train
2018-07-25,32.09,29.33,23,18.39,0.478,20.67,0.85,0.28,0.14,15.44,9.4,80.5,1006.9,0.4,rocklea,2018,7,2,206,936,0,0,0,0,,0,train
2018-07-26,31.3,34.67,23,12.7,0.383,19.82,1.01,-0.0,-0.07,17.9,13.3,71.6,1006.7,0.0,rocklea,2018,7,3,207,937,0,0,0,0,,0,train
2018-07-27,22.83,31.0,23,10.57,0.309,18.17,1.4,-0.3,-0.37,16.96,10.9,76.1,1006.4,0.0,rocklea,2018,7,4,208,938,0,0,0,0,,0,train
2018-07-28,15.57,15.33,23,5.7,0.213,7.66,0.95,-0.3,-0.46,18.13,12.2,75.8,1005.7,0.0,rocklea,2018,7,5,209,939,0,1,0,0,,0,train
2018-07-29,12.3,12.67,23,5.3,0.196,10.81,1.2,-0.11,-0.39,17.86,11.8,80.2,1004.0,0.4,rocklea,2018,7,6,210,940,0,1,0,0,,0,train
2018-07-30,18.17,26.67,23,9.91,0.222,6.62,1.71,1.62,0.17,17.32,13.6,61.4,1005.6,0.2,rocklea,2018,7,0,211,941,0,0,0,0,,0,train
2018-07-31,26.85,34.0,20,12.0,0.232,7.35,1.19,0.14,0.07,18.59,8.0,57.0,1008.5,0.0,rocklea,2018,7,1,212,942,0,0,0,0,,0,train
2018-08-01,32.91,30.0,23,12.39,0.309,16.44,1.21,0.42,0.4,20.06,12.3,62.9,1008.6,0.0,rocklea,2018,8,2,213,943,0,0,0,0,,0,train
2018-08-02,30.43,39.33,23,9.65,0.309,25.9,1.23,0.08,0.59,20.69,14.0,69.7,1010.5,0.0,rocklea,2018,8,3,214,944,0,0,0,0,,0,train
2018-08-03,24.3,34.0,23,9.43,0.213,16.7,1.4,-0.14,-0.37,22.12,16.1,73.6,1009.0,0.0,rocklea,2018,8,4,215,945,0,0,0,0,,0,train
2018-08-04,21.83,27.0,23,6.78,0.2,10.47,1.03,0.42,-0.11,24.39,17.8,73.6,1006.1,0.0,rocklea,2018,8,5,216,946,0,1,0,0,,0,train
2018-08-05,16.0,19.33,23,5.3,0.152,15.04,1.46,-0.15,-0.13,22.75,15.0,70.3,1006.0,0.0,rocklea,2018,8,6,217,947,0,1,0,0,,0,train
2018-08-06,20.39,24.0,23,6.96,0.191,11.5,1.16,0.09,-0.41,24.55,18.1,78.2,1001.8,0.0,rocklea,2018,8,0,218,948,0,0,0,0,,0,train
2018-08-07,19.7,28.33,23,,0.139,7.02,2.38,2.24,0.67,22.8,17.5,42.0,1003.2,0.0,rocklea,2018,8,1,219,949,0,0,0,0,,0,train
2018-08-08,26.3,34.0,23,11.05,0.226,11.46,1.0,0.38,0.17,20.1,12.8,53.0,1006.9,0.0,rocklea,2018,8,2,220,950,0,0,0,0,,0,train
2018-08-09,26.57,34.67,23,,0.23,13.43,1.09,0.25,0.61,20.21,12.8,56.5,1010.0,0.0,rocklea,2018,8,3,221,951,0,0,0,0,,0,train
2018-08-10,25.61,34.33,23,7.35,0.257,11.81,1.18,0.02,0.39,20.95,14.3,65.9,1010.8,0.0,rocklea,2018,8,4,222,952,0,0,0,0,,0,train
2018-08-11,17.35,27.67,23,8.78,0.143,10.69,1.39,-0.08,-0.4,22.87,16.6,68.6,1007.0,0.0,rocklea,2018,8,5,223,953,0,1,0,0,,0,train
2018-08-12,13.3,17.0,23,4.74,0.143,7.55,1.99,1.71,0.27,22.77,17.4,50.4,1005.1,0.0,rocklea,2018,8,6,224,954,0,1,0,0,,0,train
2018-08-13,25.7,29.0,23,7.96,0.278,8.25,1.53,0.77,0.72,19.66,13.2,44.2,1009.9,0.1,rocklea,2018,8,0,225,955,0,0,0,0,,0,train
2018-08-14,26.78,37.67,23,11.57,0.139,11.67,1.33,-0.03,-0.13,20.02,12.1,63.5,1011.2,0.0,rocklea,2018,8,1,226,956,0,0,0,0,,0,train
2018-08-15,20.7,25.33,23,10.96,0.083,15.13,1.08,-0.36,-0.15,21.52,12.9,70.6,1007.5,0.0,rocklea,2018,8,2,227,957,0,0,1,0,,0,train
2018-08-16,32.7,32.0,23,9.87,0.27,15.72,1.04,0.67,0.07,23.77,15.1,63.6,1002.5,0.0,rocklea,2018,8,3,228,958,0,0,0,0,,0,train
2018-08-17,31.61,34.33,23,13.09,0.274,15.22,1.1,0.8,0.51,23.89,15.2,52.2,1002.2,0.0,rocklea,2018,8,4,229,959,0,0,0,0,,0,train
2018-08-18,23.26,25.33,23,9.65,0.165,12.38,1.25,0.86,0.18,24.05,15.9,57.8,1003.8,0.0,rocklea,2018,8,5,230,960,0,1,0,0,,0,train
2018-08-19,12.43,19.67,23,,0.078,7.07,2.9,2.72,0.87,22.1,16.5,37.3,1003.4,0.0,rocklea,2018,8,6,231,961,0,1,0,0,,0,train
2018-08-20,20.35,22.33,23,,0.17,8.71,2.45,1.94,0.94,20.18,15.6,39.0,1006.3,0.0,rocklea,2018,8,0,232,962,0,0,0,0,,0,train
2018-08-21,22.3,34.67,23,14.0,0.178,6.94,1.58,1.42,0.41,21.05,12.5,40.4,1005.4,0.0,rocklea,2018,8,1,233,963,0,0,0,0,,0,train
2018-08-22,28.43,34.67,23,,0.222,8.5,1.71,1.5,0.49,21.56,13.6,34.0,1004.2,0.0,rocklea,2018,8,2,234,964,0,0,0,0,,0,train
2018-08-23,23.65,35.67,23,,0.17,12.18,1.45,-0.11,0.08,20.96,13.8,60.8,1007.4,0.0,rocklea,2018,8,3,235,965,0,0,0,0,,0,train
2018-08-24,22.26,39.33,23,11.35,0.152,16.22,1.44,-0.44,-0.08,22.56,16.9,76.8,1009.9,0.3,rocklea,2018,8,4,236,966,0,0,0,0,,0,train
2018-08-25,15.91,23.0,23,5.78,0.1,10.18,1.41,-0.59,0.09,21.93,17.2,75.7,1009.5,0.4,rocklea,2018,8,5,237,967,0,1,0,0,,0,train
2018-08-26,20.17,16.33,23,7.26,0.183,11.6,0.87,0.39,0.24,20.97,18.8,90.4,1005.0,7.8,rocklea,2018,8,6,238,968,0,1,0,0,,0,train
2018-08-27,18.5,29.0,22,7.41,0.123,8.82,1.45,0.42,0.85,21.98,16.5,70.7,1005.9,0.0,rocklea,2018,8,0,239,969,0,0,0,0,,0,train
2018-08-28,22.0,26.0,23,8.96,0.139,10.61,1.21,0.09,-0.08,21.88,16.4,73.6,1007.5,0.0,rocklea,2018,8,1,240,970,0,0,0,0,,0,train
2018-08-29,26.13,31.33,23,13.96,0.217,9.88,1.43,1.25,0.54,22.23,15.0,61.1,1006.0,0.0,rocklea,2018,8,2,241,971,0,0,0,0,,0,train
2018-08-30,26.65,29.0,23,9.74,0.196,10.49,1.3,-0.01,0.06,21.52,13.7,63.2,1007.2,0.0,rocklea,2018,8,3,242,972,0,0,0,0,,0,train
2018-08-31,20.0,35.0,23,10.87,0.161,12.24,1.76,-0.24,-0.66,23.49,16.2,72.4,1003.0,0.0,rocklea,2018,8,4,243,973,0,0,0,0,,0,train
2018-09-01,15.13,10.67,23,7.65,0.096,26.69,2.38,2.29,0.15,26.48,23.2,45.9,1000.6,0.0,rocklea,2018,9,5,244,974,0,1,0,0,,0,train
2018-09-02,11.96,15.67,23,5.35,0.048,11.49,1.52,-0.02,0.79,23.96,18.3,56.7,1004.5,0.0,rocklea,2018,9,6,245,975,0,1,0,0,,0,train
2018-09-03,19.26,27.0,23,8.26,0.1,5.71,1.9,0.17,1.56,20.87,17.1,76.3,1009.6,0.2,rocklea,2018,9,0,246,976,0,0,0,0,,0,train
2018-09-04,,30.0,15,,,,,,,,,80.2,1010.5,0.0,rocklea,2018,9,1,247,977,0,0,0,0,,0,train
2018-09-05,,,11,8.0,,,,,,,,84.3,1010.4,0.5,rocklea,2018,9,2,248,978,0,0,0,0,,0,train
2018-09-06,26.04,30.33,23,7.17,0.0,7.42,1.25,0.04,0.0,22.08,17.6,86.9,1009.0,3.4,rocklea,2018,9,3,249,979,0,0,0,0,,0,train
2018-09-07,19.55,33.0,20,7.65,0.055,7.52,1.72,-0.78,-0.87,24.2,18.5,80.7,1007.3,0.0,rocklea,2018,9,4,250,980,0,0,0,0,,0,train
2018-09-08,17.61,19.0,23,6.61,0.087,6.1,0.92,-0.14,-0.32,24.7,22.3,84.5,1005.0,0.8,rocklea,2018,9,5,251,981,0,1,0,0,,0,train
2018-09-09,15.22,8.67,23,3.68,0.091,7.24,1.38,0.44,0.48,24.15,18.6,73.8,1007.3,0.0,rocklea,2018,9,6,252,982,0,1,0,0,,0,train
2018-09-10,19.18,28.0,22,,0.1,8.03,1.33,-0.21,0.66,23.28,17.5,67.8,1010.9,0.0,rocklea,2018,9,0,253,983,0,0,0,0,,0,train
2018-09-11,16.13,26.33,23,6.74,0.083,9.27,1.42,-0.04,0.65,23.25,17.2,69.0,1011.1,0.0,rocklea,2018,9,1,254,984,0,0,0,0,,0,train
2018-09-12,19.04,27.33,23,8.74,0.096,8.09,1.33,-0.4,-0.41,23.94,18.5,72.8,1009.3,0.0,rocklea,2018,9,2,255,985,0,0,0,0,,0,train
2018-09-13,21.35,29.0,23,10.04,0.07,7.95,1.27,-0.32,-0.33,24.65,18.6,72.2,1008.6,0.0,rocklea,2018,9,3,256,986,0,0,0,0,,0,train
2018-09-14,20.0,28.67,23,8.61,0.074,9.37,1.4,-0.55,-0.42,25.18,19.8,76.0,1008.6,0.0,rocklea,2018,9,4,257,987,0,0,0,0,,0,train
2018-09-15,12.52,15.0,23,7.13,0.026,6.04,1.7,-0.64,-0.56,25.48,19.7,75.1,1004.2,0.0,rocklea,2018,9,5,258,988,0,1,0,0,,0,train
2018-09-16,9.22,12.0,23,3.26,0.078,9.45,1.81,-0.52,0.79,24.98,20.5,66.5,1002.6,0.0,rocklea,2018,9,6,259,989,0,1,0,0,,0,train
2018-09-17,15.39,26.67,23,5.43,0.139,6.69,2.01,-0.48,1.26,22.5,17.9,60.5,1009.8,0.0,rocklea,2018,9,0,260,990,0,0,0,0,,0,train
2018-09-18,18.91,31.0,23,8.91,0.196,6.82,1.44,-0.35,-0.22,23.15,17.7,68.1,1010.0,0.0,rocklea,2018,9,1,261,991,0,0,0,0,,0,train
2018-09-19,16.35,23.67,23,9.17,0.078,7.14,1.7,-0.77,-0.66,24.39,17.9,71.2,1005.2,0.0,rocklea,2018,9,2,262,992,0,0,0,0,,0,train
2018-09-20,18.57,31.67,23,7.57,0.061,11.53,1.25,-0.31,0.37,26.12,21.8,71.9,1003.7,0.0,rocklea,2018,9,3,263,993,0,0,0,0,,0,train
2018-09-21,15.17,26.33,23,5.32,0.043,5.18,2.3,-0.39,1.59,23.24,18.4,65.6,1012.7,0.0,rocklea,2018,9,4,264,994,0,0,0,0,,0,train
2018-09-22,13.13,15.33,23,3.83,0.126,6.73,1.37,-0.44,0.41,23.19,17.0,69.1,1014.6,0.0,rocklea,2018,9,5,265,995,0,1,0,1,,0,train
2018-09-23,14.04,13.33,23,3.57,0.126,7.52,1.39,-0.44,-0.2,24.33,18.1,69.5,1011.5,0.0,rocklea,2018,9,6,266,996,0,1,0,1,,0,train
2018-09-24,17.64,27.67,22,6.0,0.132,7.95,1.95,-0.56,1.28,24.0,19.5,71.0,1011.5,0.0,rocklea,2018,9,0,267,997,0,0,0,1,,0,train
2018-09-25,15.78,29.0,23,3.35,0.104,5.34,1.71,-0.78,1.26,22.54,20.3,72.8,1012.0,0.0,rocklea,2018,9,1,268,998,0,0,0,1,,0,train
2018-09-26,14.3,24.67,23,4.17,0.096,6.5,1.64,-0.6,-0.49,23.6,18.7,76.0,1009.4,0.4,rocklea,2018,9,2,269,999,0,0,0,1,,0,train
2018-09-27,18.7,27.67,23,4.83,0.113,7.55,0.94,-0.5,-0.03,24.17,19.6,78.8,1008.5,0.0,rocklea,2018,9,3,270,1000,0,0,0,1,,0,train
2018-09-28,17.39,29.0,23,6.57,0.196,8.95,1.64,-0.69,-0.76,26.23,21.5,75.9,1008.8,0.0,rocklea,2018,9,4,271,1001,0,0,0,1,,0,train
2018-09-29,10.83,14.67,23,1.3,0.104,6.59,1.59,-0.9,-1.06,26.7,22.6,76.9,1008.9,0.0,rocklea,2018,9,5,272,1002,0,1,0,1,,0,train
2018-09-30,11.3,9.0,23,2.57,0.152,7.25,1.82,-0.56,1.34,22.73,20.8,83.9,1013.2,3.5,rocklea,2018,9,6,273,1003,0,1,0,1,,0,train
2018-10-01,7.96,9.0,23,1.87,0.152,4.59,1.84,-0.35,1.28,23.22,17.8,68.8,1014.5,0.0,rocklea,2018,10,0,274,1004,0,0,1,1,,0,train
2018-10-02,14.26,21.33,23,5.39,0.204,5.3,1.8,-0.27,1.04,23.7,18.0,66.8,1014.4,0.0,rocklea,2018,10,1,275,1005,0,0,0,1,,0,train
2018-10-03,16.13,26.0,23,5.43,0.226,6.62,1.49,-0.29,-0.36,24.21,17.4,68.3,1009.6,0.0,rocklea,2018,10,2,276,1006,0,0,0,1,,0,train
2018-10-04,15.17,24.33,23,5.17,0.183,7.78,1.57,-0.86,-0.77,25.55,19.4,72.4,1005.2,0.0,rocklea,2018,10,3,277,1007,0,0,0,1,,0,train
2018-10-05,21.61,23.67,23,6.39,0.278,7.79,0.98,-0.19,-0.49,25.84,22.8,71.6,1005.0,0.0,rocklea,2018,10,4,278,1008,0,0,0,1,,0,train
2018-10-06,16.26,17.0,23,4.22,0.187,8.31,1.03,0.27,0.55,23.08,20.6,89.0,1006.5,7.1,rocklea,2018,10,5,279,1009,0,1,0,1,,0,train
2018-10-07,11.7,9.0,23,1.86,0.165,6.62,1.14,-0.43,0.33,24.71,20.9,79.7,1007.5,0.1,rocklea,2018,10,6,280,1010,0,1,0,1,,0,train
2018-10-08,17.35,23.33,23,4.64,0.17,8.12,1.21,-0.4,-0.19,25.86,20.6,76.5,1006.3,0.9,rocklea,2018,10,0,281,1011,0,0,0,0,,0,train
2018-10-09,16.04,21.0,23,6.09,0.152,8.97,1.22,-0.24,-0.37,25.85,20.9,80.6,1004.2,0.0,rocklea,2018,10,1,282,1012,0,0,0,0,,0,train
2018-10-10,17.96,22.67,23,6.36,0.165,10.98,1.45,-0.38,0.01,27.8,21.5,75.5,1001.6,1.2,rocklea,2018,10,2,283,1013,0,0,0,0,,0,train
2018-10-11,17.48,24.33,23,1.77,0.126,6.57,2.12,-0.65,1.8,24.84,21.5,79.1,1005.6,3.9,rocklea,2018,10,3,284,1014,0,0,0,0,,0,train
2018-10-12,17.17,25.0,23,1.57,0.152,5.26,2.13,-0.64,1.76,22.42,20.3,84.0,1009.0,5.8,rocklea,2018,10,4,285,1015,0,0,0,0,,0,train
2018-10-13,15.0,17.0,23,1.43,0.091,4.16,1.59,-0.37,1.37,21.6,19.8,92.0,1008.0,2.0,rocklea,2018,10,5,286,1016,0,1,0,0,,0,train
2018-10-14,11.57,10.67,23,,0.043,4.47,2.02,0.0,1.69,22.88,20.6,93.2,1007.4,10.2,rocklea,2018,10,6,287,1017,0,1,0,0,,0,train
2018-10-15,13.48,24.0,23,,0.043,4.4,2.46,-1.08,2.1,24.05,22.3,92.3,1006.1,7.6,rocklea,2018,10,0,288,1018,0,0,0,0,,0,train
2018-10-16,8.43,16.0,23,,0.061,6.72,2.01,-1.7,0.78,26.83,24.0,85.8,1006.1,0.3,rocklea,2018,10,1,289,1019,0,0,0,0,,0,train
2018-10-17,15.43,21.67,23,,0.165,6.12,1.26,-0.7,0.24,26.54,23.5,82.6,1005.8,0.0,rocklea,2018,10,2,290,1020,0,0,0,0,,0,train
2018-10-18,13.22,22.0,23,,0.161,6.46,1.41,-1.19,-0.26,26.27,23.8,84.1,1007.5,0.9,rocklea,2018,10,3,291,1021,0,0,0,0,,0,train
2018-10-19,13.96,16.0,23,2.87,0.183,6.89,1.13,-0.85,-0.01,27.04,23.2,78.1,1007.6,0.0,rocklea,2018,10,4,292,1022,0,0,0,0,,0,train
2018-10-20,11.83,11.0,23,2.83,0.178,8.07,1.34,-0.37,-0.52,27.5,22.6,76.9,1005.4,0.0,rocklea,2018,10,5,293,1023,0,1,0,0,,0,train
2018-10-21,13.87,11.33,23,5.22,0.196,7.79,1.05,0.32,-0.13,26.22,21.7,81.2,1003.0,18.6,rocklea,2018,10,6,294,1024,0,1,0,0,,0,train
2018-10-22,12.91,20.67,23,5.91,0.165,6.92,1.34,-0.13,0.61,26.56,20.1,77.3,1004.4,0.0,rocklea,2018,10,0,295,1025,0,0,0,0,,0,train
2018-10-23,14.48,20.33,23,4.35,0.17,6.56,1.48,-0.56,-0.13,28.26,23.3,75.0,1004.8,0.0,rocklea,2018,10,1,296,1026,0,0,0,0,,0,train
2018-10-24,15.7,20.0,23,5.17,0.165,9.18,1.27,-0.38,0.18,29.97,23.9,75.0,1005.3,0.0,rocklea,2018,10,2,297,1027,0,0,0,0,,0,train
2018-10-25,13.29,20.0,21,2.83,0.124,12.72,1.39,-0.85,0.0,28.8,25.1,78.1,1006.8,0.0,rocklea,2018,10,3,298,1028,0,0,0,0,,0,train
2018-10-26,17.96,24.33,23,3.48,0.178,14.24,1.4,-0.48,0.18,30.32,24.0,73.0,1001.6,0.0,rocklea,2018,10,4,299,1029,0,0,0,0,,0,train
2018-10-27,8.43,8.33,23,1.87,0.113,9.3,1.65,-1.11,-0.21,29.06,25.0,70.4,1001.5,0.0,rocklea,2018,10,5,300,1030,0,1,0,0,,0,train
2018-10-28,8.87,11.0,23,3.87,0.113,11.59,1.82,-0.63,1.2,28.36,23.5,74.8,1001.0,0.0,rocklea,2018,10,6,301,1031,0,1,0,0,,0,train
2018-10-29,17.57,21.33,23,7.09,0.165,8.79,1.66,-0.54,1.43,23.7,21.8,88.3,1006.1,0.2,rocklea,2018,10,0,302,1032,0,0,0,0,,0,train
2018-10-30,13.78,18.0,23,3.43,0.187,7.58,1.3,-0.47,-0.21,25.87,20.5,74.6,1009.3,0.0,rocklea,2018,10,1,303,1033,0,0,0,0,,0,train
2018-10-31,14.91,20.0,23,5.87,0.187,8.09,1.36,-0.42,-0.53,27.06,20.9,72.7,1009.2,0.0,rocklea,2018,10,2,304,1034,0,0,0,0,,0,train
2018-11-01,13.74,21.0,23,4.39,0.187,7.45,1.41,-0.83,-0.47,28.0,22.1,70.1,1011.5,0.0,rocklea,2018,11,3,305,1035,0,0,0,0,,0,train
2018-11-02,11.0,21.0,23,3.48,0.143,6.79,1.83,-1.08,-1.15,28.61,25.7,68.2,1012.0,0.0,rocklea,2018,11,4,306,1036,0,0,0,0,,0,train
2018-11-03,10.09,11.67,23,4.22,0.135,7.33,1.41,-0.38,-0.89,29.68,24.0,69.2,1006.8,0.0,rocklea,2018,11,5,307,1037,0,1,0,0,,0,train
2018-11-04,7.65,9.67,23,3.09,0.113,17.68,1.7,-1.33,-0.89,30.81,25.6,72.1,1000.5,0.0,rocklea,2018,11,6,308,1038,0,1,0,0,,0,train
2018-11-05,13.04,18.67,23,3.48,0.091,16.85,1.54,-1.01,-0.42,31.5,27.1,75.2,999.5,0.0,rocklea,2018,11,0,309,1039,0,0,0,0,,0,train
2018-11-06,12.26,16.33,23,4.04,0.083,14.4,1.73,-1.35,-0.8,32.09,28.4,78.6,999.9,0.0,rocklea,2018,11,1,310,1040,0,0,0,0,,0,train
2018-11-07,10.04,16.33,23,2.87,0.07,12.17,2.13,-1.58,-1.37,32.17,28.2,76.0,997.1,0.0,rocklea,2018,11,2,311,1041,0,0,0,0,,0,train
2018-11-08,15.78,31.67,23,5.96,0.187,8.55,2.24,0.94,1.02,26.95,22.6,67.6,1001.8,0.1,rocklea,2018,11,3,312,1042,0,0,0,0,,0,train
2018-11-09,14.91,20.33,23,4.5,0.222,8.18,1.95,-0.54,1.28,25.34,21.3,58.9,1008.0,0.0,rocklea,2018,11,4,313,1043,0,0,0,0,,0,train
2018-11-10,9.78,9.67,23,4.52,0.165,6.38,1.45,-0.52,0.09,26.12,19.7,66.1,1006.3,0.0,rocklea,2018,11,5,314,1044,0,1,0,0,,0,train
2018-11-11,8.57,6.33,23,4.43,0.13,7.55,1.75,-0.61,0.96,27.48,22.0,66.4,1007.8,0.0,rocklea,2018,11,6,315,1045,0,1,0,0,,0,train
2018-11-12,12.87,20.0,23,4.43,0.152,7.14,2.21,-0.62,1.61,27.24,21.8,62.1,1008.6,0.0,rocklea,2018,11,0,316,1046,0,0,0,0,,0,train
2018-11-13,11.96,20.67,23,5.39,0.17,7.72,1.73,-0.55,0.87,26.92,21.9,68.2,1007.5,0.0,rocklea,2018,11,1,317,1047,0,0,0,0,,0,train
2018-11-14,11.65,17.67,23,5.61,0.139,7.72,1.58,-0.62,-0.31,28.22,22.1,70.9,1006.4,0.1,rocklea,2018,11,2,318,1048,0,0,0,0,,0,train
2018-11-15,12.52,17.67,23,5.35,0.117,6.94,1.43,-0.69,-0.62,29.86,26.0,72.0,1006.1,0.0,rocklea,2018,11,3,319,1049,0,0,0,0,,0,train
2018-11-16,12.17,17.67,23,3.35,0.122,6.71,1.5,-1.06,-0.5,30.08,25.3,68.1,1005.2,0.0,rocklea,2018,11,4,320,1050,0,0,0,0,,0,train
2018-11-17,10.35,12.33,23,4.04,0.104,6.55,1.33,-0.58,-0.07,28.67,24.0,74.4,1003.9,0.7,rocklea,2018,11,5,321,1051,0,1,0,0,,0,train
2018-11-18,7.04,6.33,23,2.87,0.083,5.34,2.22,-1.01,1.59,26.47,22.9,77.6,1007.0,0.0,rocklea,2018,11,6,322,1052,0,1,0,0,,0,train
2018-11-19,11.91,17.67,23,5.7,0.139,6.29,1.68,-0.99,1.05,27.55,23.3,64.1,1007.2,0.0,rocklea,2018,11,0,323,1053,0,0,0,0,,0,train
2018-11-20,12.09,18.67,23,8.14,0.143,6.73,1.96,-0.86,-0.68,28.1,22.1,64.0,1003.6,0.0,rocklea,2018,11,1,324,1054,0,0,0,0,,0,train
2018-11-21,13.65,17.0,23,7.09,0.1,8.22,1.62,-0.83,-1.19,30.54,24.7,71.4,997.4,2.1,rocklea,2018,11,2,325,1055,0,0,0,0,,0,train
2018-11-22,16.26,18.67,23,5.61,0.143,9.07,1.73,1.15,-0.71,31.2,27.2,69.2,994.0,3.5,rocklea,2018,11,3,326,1056,0,0,0,0,,0,train
2018-11-23,14.17,19.0,23,9.61,0.309,24.48,2.8,2.77,-0.14,29.98,25.1,30.5,995.0,0.0,rocklea,2018,11,4,327,1057,0,0,0,0,,0,train
2018-11-24,11.04,9.33,23,9.0,0.291,8.05,2.84,2.81,0.0,30.32,25.3,30.4,994.5,0.0,rocklea,2018,11,5,328,1058,0,1,0,0,,0,train
2018-11-25,13.26,8.33,23,7.74,0.23,7.85,1.45,0.7,-0.25,31.88,26.9,45.1,991.7,0.2,rocklea,2018,11,6,329,1059,0,1,0,0,,0,train
2018-11-26,15.65,26.33,23,7.87,0.178,8.53,1.93,0.47,0.76,30.71,23.9,58.9,992.5,0.0,rocklea,2018,11,0,330,1060,0,0,0,0,,0,train
2018-11-27,13.3,24.67,23,7.0,0.083,10.25,1.58,-0.88,-0.66,28.71,24.5,75.8,996.0,0.0,rocklea,2018,11,1,331,1061,0,0,0,0,,0,train
2018-11-28,13.0,14.67,23,3.78,0.143,16.63,2.92,1.94,-0.26,34.01,27.4,56.5,989.8,0.2,rocklea,2018,11,2,332,1062,0,0,0,0,,0,train
2018-11-29,12.3,17.0,23,4.52,0.139,9.56,2.33,0.8,0.51,31.18,26.9,49.0,994.5,0.0,rocklea,2018,11,3,333,1063,0,0,0,0,,0,train
2018-11-30,10.45,10.67,20,3.09,0.075,9.45,1.67,-1.3,-0.72,30.14,25.9,66.4,999.0,0.0,rocklea,2018,11,4,334,1064,0,0,0,0,,0,train
2018-12-01,9.61,12.33,23,6.09,0.048,16.4,1.58,-0.95,-0.78,32.02,26.9,71.2,999.2,0.0,rocklea,2018,12,5,335,1065,0,1,0,0,,0,train
2018-12-02,10.48,8.33,23,3.09,0.183,36.72,1.59,-1.09,-0.82,33.43,27.7,72.6,994.6,0.0,rocklea,2018,12,6,336,1066,0,1,0,0,,0,train
2018-12-03,,12.33,14,2.43,0.052,22.1,1.75,-1.65,0.25,31.55,27.6,68.9,999.2,0.0,rocklea,2018,12,0,337,1067,0,0,0,0,,0,train
2018-12-04,12.65,17.0,23,4.7,0.052,13.42,1.32,-1.03,0.5,29.7,26.3,70.6,1005.1,0.0,rocklea,2018,12,1,338,1068,0,0,0,0,,0,train
2018-12-05,12.48,22.33,23,4.91,0.039,9.36,2.86,-1.55,2.19,28.22,25.7,68.5,1009.4,0.0,rocklea,2018,12,2,339,1069,0,0,0,0,,0,train
2018-12-06,10.48,14.33,23,5.48,0.039,6.9,3.29,-1.7,2.67,27.5,23.5,63.0,1011.7,0.0,rocklea,2018,12,3,340,1070,0,0,0,0,,0,train
2018-12-07,12.26,19.33,23,5.48,0.052,7.1,2.44,-1.38,1.79,27.09,23.6,67.4,1012.3,0.1,rocklea,2018,12,4,341,1071,0,0,0,0,,0,train
2018-12-08,8.61,9.33,23,4.17,0.0,7.14,2.06,-1.58,1.22,27.88,25.5,67.2,1011.8,0.0,rocklea,2018,12,5,342,1072,0,1,0,0,,0,train
2018-12-09,5.22,5.33,23,4.26,0.004,6.07,1.75,-1.31,0.63,29.28,25.0,66.8,1009.6,0.0,rocklea,2018,12,6,343,1073,0,1,0,0,,0,train
2018-12-10,10.35,12.33,23,5.96,0.013,8.67,1.8,-1.32,-0.32,30.07,25.2,68.2,1007.6,0.0,rocklea,2018,12,0,344,1074,0,0,0,0,,0,train
2018-12-11,10.61,16.0,23,5.57,0.026,10.04,1.5,-0.98,-0.2,29.99,25.4,68.4,1007.4,0.1,rocklea,2018,12,1,345,1075,0,0,0,0,,0,train
2018-12-12,8.73,12.33,22,4.83,0.018,7.42,1.83,-1.42,-0.44,29.95,25.4,67.3,1004.9,0.0,rocklea,2018,12,2,346,1076,0,0,0,0,,0,train
2018-12-13,8.48,13.67,23,5.17,0.017,6.49,2.02,-1.2,-1.49,30.63,27.0,66.9,999.5,0.0,rocklea,2018,12,3,347,1077,0,0,0,0,,0,train
2018-12-14,9.17,15.67,23,3.43,0.017,6.42,2.08,-1.38,-1.46,31.05,28.4,73.7,997.2,0.1,rocklea,2018,12,4,348,1078,0,0,0,0,,0,train
2018-12-15,6.52,6.33,23,0.48,0.0,4.79,2.34,-1.81,-1.35,31.04,27.5,75.9,1000.0,1.2,rocklea,2018,12,5,349,1079,0,1,0,1,,0,train
2018-12-16,5.83,3.33,23,0.77,0.0,5.39,2.11,-1.96,-0.71,28.62,26.7,88.4,1001.4,28.9,rocklea,2018,12,6,350,1080,0,1,0,1,,0,train
2018-12-17,8.96,15.33,23,1.61,0.009,5.51,1.62,-1.55,-0.13,29.12,25.9,84.7,1001.8,3.6,rocklea,2018,12,0,351,1081,0,0,0,1,,0,train
2018-12-18,8.22,12.33,23,1.0,0.0,4.0,1.55,-1.36,0.53,30.27,26.6,79.3,1003.8,0.2,rocklea,2018,12,1,352,1082,0,0,0,1,,0,train
2018-12-19,9.57,11.67,23,1.65,0.035,5.85,1.68,-1.25,-0.3,31.49,27.3,75.2,1004.5,0.0,rocklea,2018,12,2,353,1083,0,0,0,1,,0,train
2018-12-20,9.3,12.67,23,2.22,0.0,5.62,1.79,-1.12,-0.98,32.97,29.0,71.7,1001.0,0.0,rocklea,2018,12,3,354,1084,0,0,0,1,,0,train
2018-12-21,13.91,16.67,23,3.52,0.039,10.15,1.53,-0.45,-0.46,34.24,29.6,72.9,997.2,1.3,rocklea,2018,12,4,355,1085,0,0,0,1,,0,train
2018-12-22,11.48,14.0,23,2.74,0.004,8.54,1.85,-0.41,0.68,31.96,27.5,71.0,998.3,0.6,rocklea,2018,12,5,356,1086,0,1,0,1,,0,train
2018-12-23,6.35,6.0,23,1.04,0.004,6.22,2.85,-1.24,2.24,28.68,24.9,58.9,1007.6,0.0,rocklea,2018,12,6,357,1087,0,1,0,1,,0,train
2018-12-24,7.57,11.67,23,1.65,0.004,5.78,1.92,-0.98,1.13,28.11,23.8,63.3,1010.8,0.1,rocklea,2018,12,0,358,1088,0,0,0,1,,0,train
2018-12-25,4.52,4.67,23,2.13,0.009,4.97,1.58,-0.81,0.23,28.2,22.4,62.7,1010.6,0.0,rocklea,2018,12,1,359,1089,0,0,1,1,,0,train
2018-12-26,5.17,5.33,23,2.7,0.0,5.76,1.74,-0.91,0.06,28.58,22.7,61.7,1009.2,0.0,rocklea,2018,12,2,360,1090,0,0,1,1,,0,train
2018-12-27,7.39,12.67,23,2.87,0.009,5.48,1.68,-0.92,0.32,29.44,23.9,62.2,1008.1,0.0,rocklea,2018,12,3,361,1091,0,0,0,1,,0,train
2018-12-28,6.96,11.67,23,3.09,0.0,5.89,1.93,-1.15,0.25,29.54,24.2,64.2,1008.8,0.0,rocklea,2018,12,4,362,1092,0,0,0,1,,0,train
2018-12-29,5.7,9.67,23,3.26,0.0,7.96,1.95,-1.3,-0.01,30.46,24.5,66.0,1009.6,0.0,rocklea,2018,12,5,363,1093,0,1,0,1,,0,train
2018-12-30,4.26,4.67,23,1.26,0.0,9.37,1.92,-1.78,-0.22,31.39,28.0,65.7,1009.7,0.0,rocklea,2018,12,6,364,1094,0,1,0,1,,0,train
2018-12-31,5.17,6.0,23,2.26,0.0,7.74,1.88,-1.7,-0.42,31.22,27.0,64.7,1007.7,0.0,rocklea,2018,12,0,365,1095,0,0,0,1,,0,train
2019-01-01,4.57,5.67,23,1.74,0.0,7.19,1.87,-1.54,-0.81,31.79,28.7,60.0,1005.4,0.0,rocklea,2019,1,1,1,1096,0,0,1,1,,0,train
2019-01-02,7.65,14.67,23,3.13,0.013,7.05,1.72,-1.17,-0.54,31.27,26.3,64.9,1004.7,0.0,rocklea,2019,1,2,2,1097,0,0,0,1,,0,train
2019-01-03,8.78,12.67,23,3.7,0.0,6.22,1.56,-0.72,-0.11,30.15,25.7,79.6,1005.2,2.0,rocklea,2019,1,3,3,1098,0,0,0,1,,0,train
2019-01-04,4.83,7.0,23,1.57,0.0,6.42,1.88,-1.79,-0.44,31.56,28.0,68.2,1007.4,6.3,rocklea,2019,1,4,4,1099,0,0,0,1,,0,train
2019-01-05,5.7,7.33,23,2.0,0.0,8.92,1.7,-1.44,-0.34,31.53,27.0,69.8,1006.5,0.0,rocklea,2019,1,5,5,1100,0,1,0,1,,0,train
2019-01-06,4.39,3.33,23,1.52,0.0,8.29,1.82,-1.64,-0.22,32.0,28.9,67.8,1005.4,0.0,rocklea,2019,1,6,6,1101,0,1,0,1,,0,train
2019-01-07,7.22,14.33,23,0.96,0.004,8.52,1.72,-1.51,0.67,30.87,28.9,69.8,1007.2,0.0,rocklea,2019,1,0,7,1102,0,0,0,1,,0,train
2019-01-08,6.09,11.0,22,1.09,0.0,7.26,1.9,-1.81,-0.36,31.05,28.0,69.0,1005.9,0.0,rocklea,2019,1,1,8,1103,0,0,0,1,,0,train
2019-01-09,9.22,13.0,23,1.35,0.004,7.74,1.49,-1.13,-0.86,31.39,28.6,70.1,1004.8,0.0,rocklea,2019,1,2,9,1104,0,0,0,1,,0,train
2019-01-10,9.26,17.67,23,1.91,0.009,8.09,1.41,-1.16,-0.45,31.75,29.4,71.9,1007.2,0.0,rocklea,2019,1,3,10,1105,0,0,0,1,,0,train
2019-01-11,8.13,11.67,23,2.39,0.009,6.72,1.79,-1.41,0.42,31.43,27.3,66.7,1009.2,0.0,rocklea,2019,1,4,11,1106,0,0,0,1,,0,train
2019-01-12,7.09,8.67,23,2.7,0.0,7.08,1.66,-0.96,0.62,30.94,25.2,62.1,1009.1,0.0,rocklea,2019,1,5,12,1107,0,1,0,1,,0,train
2019-01-13,6.3,6.33,23,2.48,0.0,6.58,1.93,-0.99,1.1,31.35,26.0,64.5,1008.6,0.0,rocklea,2019,1,6,13,1108,0,1,0,1,,0,train
2019-01-14,9.43,16.0,23,2.0,0.009,7.9,1.97,-1.15,1.11,31.3,26.4,59.0,1014.7,0.0,rocklea,2019,1,0,14,1109,0,0,0,1,,0,train
2019-01-15,10.13,18.33,23,2.87,0.013,9.72,1.74,-1.11,-0.24,31.72,27.2,61.7,1013.2,0.0,rocklea,2019,1,1,15,1110,0,0,0,1,,0,train
2019-01-16,7.65,13.67,23,1.65,0.004,5.64,2.2,-1.77,-1.07,32.68,29.2,60.5,1005.1,0.0,rocklea,2019,1,2,16,1111,0,0,0,1,,0,train
2019-01-17,8.35,10.67,23,1.09,0.004,6.53,1.88,-1.46,-1.06,32.5,29.4,63.2,1006.1,0.0,rocklea,2019,1,3,17,1112,0,0,0,1,,0,train
2019-01-18,10.65,21.0,23,3.52,0.017,7.02,1.68,-0.87,-0.75,31.98,27.1,64.5,1007.6,0.0,rocklea,2019,1,4,18,1113,0,0,0,1,,0,train
2019-01-19,8.13,9.67,23,3.09,0.057,10.79,1.64,-0.52,-0.73,31.85,26.7,67.3,1008.1,0.0,rocklea,2019,1,5,19,1114,0,1,0,1,,0,train
2019-01-20,5.57,4.67,23,1.0,0.0,5.75,1.67,-1.38,-0.43,32.38,28.3,65.9,1009.2,0.0,rocklea,2019,1,6,20,1115,0,1,0,1,,0,train
2019-01-21,7.61,13.33,23,0.87,0.0,4.68,1.73,-1.57,0.25,32.41,29.0,65.8,1008.9,0.0,rocklea,2019,1,0,21,1116,0,0,0,1,,0,train
2019-01-22,9.22,21.0,23,2.09,0.022,7.79,1.78,-1.31,-0.33,32.15,28.2,68.9,1008.3,0.0,rocklea,2019,1,1,22,1117,0,0,0,1,,0,train
2019-01-23,9.09,14.67,23,3.57,0.013,7.44,1.85,-0.85,-1.14,33.0,28.9,66.7,1004.5,0.0,rocklea,2019,1,2,23,1118,0,0,0,1,,0,train
2019-01-24,7.7,12.0,23,1.35,0.0,6.96,1.98,-1.58,-1.12,33.25,29.6,62.2,1005.4,0.0,rocklea,2019,1,3,24,1119,0,0,0,1,,0,train
2019-01-25,8.96,17.67,23,2.35,0.0,6.84,1.7,-1.04,-0.73,33.02,30.4,66.0,1006.4,0.3,rocklea,2019,1,4,25,1120,0,0,0,1,,0,train
2019-01-26,5.22,8.0,23,1.74,0.0,4.42,1.8,-0.91,-1.15,32.45,29.4,69.2,1005.1,0.0,rocklea,2019,1,5,26,1121,0,1,0,1,,0,train
2019-01-27,3.91,4.67,23,1.52,0.0,5.51,2.14,-1.18,-1.43,32.37,28.7,62.1,1004.8,0.0,rocklea,2019,1,6,27,1122,0,1,0,1,,0,train
2019-01-28,4.13,7.0,23,1.39,0.0,6.04,1.9,-1.41,-0.71,32.36,28.7,63.7,1006.8,0.4,rocklea,2019,1,0,28,1123,0,0,1,1,,0,train
2019-01-29,7.57,13.33,23,1.26,0.0,4.7,2.06,-1.86,-0.72,32.34,28.9,65.8,1007.5,0.0,rocklea,2019,1,1,29,1124,0,0,0,0,,0,train
2019-01-30,8.13,12.67,23,1.57,0.004,6.62,1.96,-1.73,-0.4,32.28,28.6,73.8,1007.2,0.0,rocklea,2019,1,2,30,1125,0,0,0,0,,0,train
2019-01-31,8.74,18.0,23,3.09,0.026,6.23,1.89,-1.26,-0.45,32.62,28.5,69.1,1005.0,0.0,rocklea,2019,1,3,31,1126,0,0,0,0,,0,train
2019-02-01,11.26,18.33,23,2.78,0.017,7.17,1.7,-1.15,0.66,32.37,29.0,68.2,1005.9,0.0,rocklea,2019,2,4,32,1127,0,0,0,0,,0,train
2019-02-02,7.83,11.67,23,2.0,0.0,6.49,2.12,-1.47,1.26,31.64,28.1,68.7,1006.5,0.1,rocklea,2019,2,5,33,1128,0,1,0,0,,0,train
2019-02-03,6.17,6.33,23,1.91,0.0,5.79,1.71,-1.16,0.72,30.35,26.6,68.5,1006.1,4.7,rocklea,2019,2,6,34,1129,0,1,0,0,,0,train
2019-02-04,10.22,16.67,23,3.52,0.017,6.58,1.76,-0.99,0.67,30.32,26.3,73.5,1004.5,6.2,rocklea,2019,2,0,35,1130,0,0,0,0,,0,train
2019-02-05,10.04,16.0,23,3.39,0.013,7.18,2.41,-1.43,1.66,30.55,27.4,71.5,1003.2,1.3,rocklea,2019,2,1,36,1131,0,0,0,0,,0,train
2019-02-06,7.43,11.33,21,1.35,0.0,4.56,1.95,-1.71,0.72,30.38,26.9,77.1,1003.8,7.7,rocklea,2019,2,2,37,1132,0,0,0,0,,0,train
2019-02-07,10.7,17.33,23,2.13,0.004,6.98,1.89,-1.28,1.14,30.62,26.8,74.5,1003.5,2.1,rocklea,2019,2,3,38,1133,0,0,0,0,,0,train
2019-02-08,10.57,17.67,23,2.09,0.022,8.02,1.54,-0.96,0.28,31.15,27.8,71.8,999.8,0.1,rocklea,2019,2,4,39,1134,0,0,0,0,,0,train
2019-02-09,7.61,9.33,23,2.52,0.0,6.95,1.56,-0.61,-0.56,32.48,27.4,70.4,995.7,0.0,rocklea,2019,2,5,40,1135,0,1,0,0,,0,train
2019-02-10,6.13,8.0,23,2.3,0.0,8.12,1.95,-0.89,0.81,32.42,27.3,68.1,996.7,0.0,rocklea,2019,2,6,41,1136,0,1,0,0,,0,train
2019-02-11,9.09,16.0,23,1.48,0.0,9.18,1.92,-1.41,-0.17,32.06,28.6,67.2,998.9,0.1,rocklea,2019,2,0,42,1137,0,0,0,0,,0,train
2019-02-12,11.13,22.0,23,3.43,0.009,8.48,1.76,-0.94,-1.23,33.47,29.3,68.7,996.5,0.0,rocklea,2019,2,1,43,1138,0,0,0,0,,0,train
2019-02-13,11.17,23.67,23,4.48,0.009,9.75,1.8,-1.19,-0.92,34.1,29.4,70.6,996.2,0.0,rocklea,2019,2,2,44,1139,0,0,0,0,,0,train
2019-02-14,11.43,23.0,23,3.48,0.004,10.35,3.58,-1.44,3.07,31.9,29.3,65.5,1004.1,0.0,rocklea,2019,2,3,45,1140,0,0,0,0,,0,train
2019-02-15,12.26,20.67,23,2.3,0.004,7.48,3.35,-1.35,2.74,30.95,27.8,55.1,1009.7,0.0,rocklea,2019,2,4,46,1141,0,0,0,0,,0,train
2019-02-16,8.22,11.33,23,2.65,0.0,5.03,2.75,-1.07,2.05,30.14,25.8,58.5,1008.5,0.0,rocklea,2019,2,5,47,1142,0,1,0,0,,0,train
2019-02-17,5.52,5.67,23,2.09,0.0,4.84,1.91,-0.73,1.11,30.41,24.8,58.1,1005.0,0.0,rocklea,2019,2,6,48,1143,0,1,0,0,,0,train
2019-02-18,10.74,18.33,23,3.65,0.017,6.27,1.47,-0.64,0.52,30.75,25.9,63.0,1002.4,0.0,rocklea,2019,2,0,49,1144,0,0,0,0,,0,train
2019-02-19,13.87,19.67,23,4.26,0.022,8.25,1.49,-0.61,-0.17,31.49,25.4,66.7,999.5,0.0,rocklea,2019,2,1,50,1145,0,0,0,0,,0,train
2019-02-20,9.3,15.67,23,2.22,0.0,5.44,1.76,-1.31,0.78,33.01,28.8,67.8,999.0,0.0,rocklea,2019,2,2,51,1146,0,0,0,0,,0,train
2019-02-21,11.0,15.67,23,2.35,0.0,5.62,3.28,-1.61,2.68,33.03,30.3,64.7,999.1,0.0,rocklea,2019,2,3,52,1147,0,0,0,0,,0,train
2019-02-22,12.26,20.67,23,2.39,0.009,5.74,3.52,0.45,3.33,31.32,27.7,53.5,1000.8,0.0,rocklea,2019,2,4,53,1148,0,0,0,0,,0,train
2019-02-23,8.43,7.0,23,2.65,0.0,5.42,3.52,0.25,3.27,30.47,26.3,50.0,1005.2,0.0,rocklea,2019,2,5,54,1149,0,1,0,0,,0,train
2019-02-24,5.74,5.67,23,2.52,0.0,6.13,3.27,-0.49,2.72,29.44,25.7,55.2,1010.7,0.0,rocklea,2019,2,6,55,1150,0,1,0,0,,0,train
2019-02-25,10.17,16.33,23,4.06,0.004,6.0,2.97,-1.34,2.39,28.3,24.9,67.6,1013.3,0.0,rocklea,2019,2,0,56,1151,0,0,0,0,,0,train
2019-02-26,11.35,21.67,23,4.78,0.017,5.08,1.78,-0.65,0.79,27.73,24.3,71.9,1011.8,0.5,rocklea,2019,2,1,57,1152,0,0,0,0,,0,train
2019-02-27,13.17,21.0,23,6.04,0.026,6.25,1.82,-0.87,0.94,28.32,24.6,66.9,1011.3,0.0,rocklea,2019,2,2,58,1153,0,0,0,0,,0,train
2019-02-28,13.87,19.67,23,5.04,0.013,5.24,1.54,-0.7,0.93,27.72,25.1,74.9,1012.6,0.0,rocklea,2019,2,3,59,1154,0,0,0,0,,0,train
2019-03-01,13.91,22.0,23,5.13,0.013,6.82,1.93,-0.99,1.25,28.76,25.5,69.5,1013.0,0.0,rocklea,2019,3,4,60,1155,0,0,0,0,,0,train
2019-03-02,9.7,13.33,23,4.17,0.0,5.2,1.77,-0.28,1.29,27.36,24.6,79.2,1012.6,0.3,rocklea,2019,3,5,61,1156,0,1,0,0,,0,train
2019-03-03,6.65,9.33,23,2.3,0.0,6.29,1.84,-0.92,1.02,28.61,24.6,73.6,1012.0,0.4,rocklea,2019,3,6,62,1157,0,1,0,0,,0,train
2019-03-04,10.57,18.0,23,4.35,0.022,8.59,1.96,-1.07,1.05,29.55,25.0,68.9,1011.5,0.0,rocklea,2019,3,0,63,1158,0,0,0,0,,0,train
2019-03-05,11.0,18.0,23,4.09,0.017,7.45,1.51,-0.8,0.57,30.25,25.5,68.8,1008.8,0.0,rocklea,2019,3,1,64,1159,0,0,0,0,,0,train
2019-03-06,10.7,18.33,23,5.13,0.009,8.02,1.57,-0.52,-0.55,31.55,26.8,71.7,1005.0,0.0,rocklea,2019,3,2,65,1160,0,0,0,0,,0,train
2019-03-07,12.17,17.33,23,4.35,0.017,8.58,2.26,-1.25,1.47,32.01,28.3,72.2,1007.2,0.8,rocklea,2019,3,3,66,1161,0,0,0,0,,0,train
2019-03-08,11.0,19.33,23,2.35,0.013,7.98,1.71,-0.88,0.59,30.26,26.9,77.8,1011.6,0.4,rocklea,2019,3,4,67,1162,0,0,0,0,,0,train
2019-03-09,7.83,11.33,23,3.78,0.0,7.2,1.79,-1.01,-0.28,31.36,27.0,72.7,1010.6,0.0,rocklea,2019,3,5,68,1163,0,1,0,0,,0,train
2019-03-10,4.87,5.67,23,3.35,0.0,4.6,1.73,-0.9,-1.06,32.1,28.6,71.2,1006.5,0.0,rocklea,2019,3,6,69,1164,0,1,0,0,,0,train
2019-03-11,10.85,14.33,20,4.13,0.077,8.39,1.51,-1.02,-0.96,32.92,29.0,72.7,1001.5,2.9,rocklea,2019,3,0,70,1165,0,0,0,0,,0,train
2019-03-12,17.96,25.33,23,7.61,0.217,17.1,1.28,-0.49,-0.46,34.14,28.7,67.6,998.9,0.1,rocklea,2019,3,1,71,1166,0,0,0,0,,0,train
2019-03-13,15.17,26.33,23,5.09,0.17,15.1,2.25,-0.82,1.51,32.94,28.7,70.5,1002.6,0.0,rocklea,2019,3,2,72,1167,0,0,0,0,,0,train
2019-03-14,12.91,26.0,23,4.43,0.139,11.87,1.74,-0.9,0.18,31.34,27.4,72.3,1004.5,1.4,rocklea,2019,3,3,73,1168,0,0,0,0,,0,train
2019-03-15,15.91,23.0,23,8.57,0.2,9.07,1.55,-0.13,0.45,29.52,25.3,78.0,1003.2,15.9,rocklea,2019,3,4,74,1169,0,0,0,0,,0,train
2019-03-16,12.83,18.0,23,6.61,0.17,6.45,1.41,0.29,0.93,27.47,25.4,86.9,1005.8,10.8,rocklea,2019,3,5,75,1170,0,1,0,0,,0,train
2019-03-17,10.52,10.0,23,4.74,0.126,6.46,0.94,0.01,0.12,28.1,25.3,85.1,1006.1,18.1,rocklea,2019,3,6,76,1171,0,1,0,0,,0,train
2019-03-18,18.65,20.67,23,10.57,0.252,7.53,0.8,0.06,-0.15,28.83,25.5,77.2,1004.2,5.7,rocklea,2019,3,0,77,1172,0,0,0,0,,0,train
2019-03-19,18.74,21.33,23,8.57,0.257,9.21,1.22,0.07,-0.06,31.37,24.9,68.2,1002.4,0.1,rocklea,2019,3,1,78,1173,0,0,0,0,,0,train
2019-03-20,16.3,26.67,23,7.13,0.174,12.72,1.52,-0.57,0.34,31.55,26.7,73.6,1002.7,0.0,rocklea,2019,3,2,79,1174,0,0,0,0,,0,train
2019-03-21,13.48,24.67,23,2.48,0.113,9.28,1.34,-0.95,0.23,31.9,28.5,71.6,1005.4,0.0,rocklea,2019,3,3,80,1175,0,0,0,0,,0,train
2019-03-22,15.91,33.67,23,3.09,0.165,8.5,1.2,-0.94,-0.37,31.33,27.7,77.3,1007.3,7.4,rocklea,2019,3,4,81,1176,0,0,0,0,,0,train
2019-03-23,11.26,17.67,23,4.65,0.135,8.85,1.33,-0.44,-0.48,32.59,28.3,71.4,1006.5,0.0,rocklea,2019,3,5,82,1177,0,1,0,0,,0,train
2019-03-24,8.13,9.33,23,4.04,0.117,13.49,1.28,-0.66,-0.64,33.1,28.0,68.6,1005.5,0.0,rocklea,2019,3,6,83,1178,0,1,0,0,,0,train
2019-03-25,9.61,15.0,23,5.09,0.113,8.16,1.43,-0.81,-0.95,32.24,28.0,71.0,1005.9,0.0,rocklea,2019,3,0,84,1179,0,0,0,0,,0,train
2019-03-26,16.78,16.0,23,7.3,0.191,9.33,1.14,0.28,-0.07,32.62,29.6,70.2,1006.7,0.0,rocklea,2019,3,1,85,1180,0,0,0,0,,0,train
2019-03-27,17.48,23.33,23,9.52,0.213,9.4,1.95,0.76,1.46,26.7,24.3,86.0,1009.4,5.8,rocklea,2019,3,2,86,1181,0,0,0,0,,0,train
2019-03-28,,21.67,13,5.09,,,,,,,,78.8,1008.1,0.4,rocklea,2019,3,3,87,1182,0,0,0,0,,0,train
2019-03-29,,,8,4.48,,,,,,,,73.8,1005.3,0.0,rocklea,2019,3,4,88,1183,0,0,0,0,,0,train
2019-03-30,11.57,7.33,23,5.57,0.078,6.81,1.15,0.01,-0.65,29.38,26.6,85.5,999.9,13.5,rocklea,2019,3,5,89,1184,0,1,0,0,,0,train
2019-03-31,9.96,7.33,23,3.87,0.174,7.44,1.71,1.0,0.69,26.28,20.4,54.2,1006.5,0.0,rocklea,2019,3,6,90,1185,0,1,0,0,,0,train
2019-04-01,18.13,21.0,23,8.83,0.178,8.61,2.05,-0.17,1.37,26.05,20.7,62.0,1003.1,0.0,rocklea,2019,4,0,91,1186,0,0,0,0,,0,train
2019-04-02,14.96,18.67,23,10.96,0.104,6.56,2.19,0.0,1.71,26.16,22.3,63.6,1006.8,0.8,rocklea,2019,4,1,92,1187,0,0,0,0,,0,train
2019-04-03,14.48,19.67,23,10.3,0.096,5.83,1.97,-0.11,1.57,26.14,23.5,66.6,1008.6,0.1,rocklea,2019,4,2,93,1188,0,0,0,0,,0,train
2019-04-04,13.39,18.33,23,11.43,0.083,6.8,2.43,-0.67,1.87,27.31,23.4,70.8,1009.2,0.0,rocklea,2019,4,3,94,1189,0,0,0,0,,0,train
2019-04-05,12.35,20.33,23,,0.091,5.84,2.01,-0.67,1.37,27.28,22.8,74.3,1009.0,0.0,rocklea,2019,4,4,95,1190,0,0,0,0,,0,train
2019-04-06,9.7,10.33,23,11.87,0.087,5.14,1.34,-0.2,0.31,27.61,23.7,80.5,1010.6,0.0,rocklea,2019,4,5,96,1191,0,1,0,1,,0,train
2019-04-07,9.91,7.33,23,11.83,0.043,7.13,1.23,-0.39,-0.1,28.32,23.6,69.3,1011.5,0.0,rocklea,2019,4,6,97,1192,0,1,0,1,,0,train
2019-04-08,13.91,16.67,23,13.83,0.052,7.08,1.16,-0.14,-0.35,28.65,23.5,71.7,1010.5,0.0,rocklea,2019,4,0,98,1193,0,0,0,1,,0,train
2019-04-09,12.52,19.0,23,14.57,0.043,6.83,1.38,-0.4,-0.6,29.15,24.0,76.7,1005.5,0.0,rocklea,2019,4,1,99,1194,0,0,0,1,,0,train
2019-04-10,13.57,22.0,23,11.96,0.043,10.21,2.27,-1.09,1.61,27.89,24.6,58.6,1001.1,0.0,rocklea,2019,4,2,100,1195,0,0,0,1,,0,train
2019-04-11,14.36,22.33,22,12.87,0.082,6.54,2.14,-0.77,1.49,26.76,23.5,48.5,1004.9,0.0,rocklea,2019,4,3,101,1196,0,0,0,1,,0,train
2019-04-12,15.61,18.67,23,15.39,0.157,5.9,1.84,0.43,1.27,24.76,21.5,70.0,1008.0,1.6,rocklea,2019,4,4,102,1197,0,0,0,1,,0,train
2019-04-13,11.0,10.67,23,11.78,0.122,4.26,1.9,-0.11,1.29,25.81,20.9,74.1,1009.2,0.0,rocklea,2019,4,5,103,1198,0,1,0,1,,0,train
2019-04-14,8.35,8.33,23,11.43,0.113,4.96,1.67,-0.18,1.14,26.25,21.3,73.8,1009.0,0.0,rocklea,2019,4,6,104,1199,0,1,0,1,,0,train
2019-04-15,15.39,20.67,23,13.83,0.13,5.55,1.51,0.1,0.9,26.05,22.3,74.1,1008.7,0.3,rocklea,2019,4,0,105,1200,0,0,0,1,,0,train
2019-04-16,17.52,22.0,23,15.09,0.204,6.14,1.71,0.06,1.15,25.83,21.7,73.4,1009.2,0.0,rocklea,2019,4,1,106,1201,0,0,0,1,,0,train
2019-04-17,15.91,19.33,23,14.74,0.217,6.49,1.89,0.07,1.22,26.57,22.2,74.4,1010.8,0.0,rocklea,2019,4,2,107,1202,0,0,0,1,,0,train
2019-04-18,15.52,19.0,23,13.09,0.226,6.26,1.75,-0.04,1.24,27.31,22.6,72.4,1012.8,0.0,rocklea,2019,4,3,108,1203,0,0,0,1,,0,train
2019-04-19,8.52,7.67,23,9.57,0.13,5.02,2.11,-0.14,1.56,26.44,23.6,72.1,1014.3,4.8,rocklea,2019,4,4,109,1204,0,0,1,1,,0,train
2019-04-20,9.48,11.0,23,4.09,0.13,4.83,1.53,-0.25,0.93,26.22,24.2,71.7,1014.5,4.2,rocklea,2019,4,5,110,1205,0,1,1,1,,0,train
2019-04-21,7.7,9.33,23,3.96,0.126,5.4,1.86,-0.63,1.24,26.76,24.1,74.4,1013.4,0.5,rocklea,2019,4,6,111,1206,0,1,1,1,,0,train
2019-04-22,7.78,10.0,23,4.0,0.117,4.76,1.93,-0.44,1.37,26.18,22.7,76.8,1012.5,0.7,rocklea,2019,4,0,112,1207,0,0,1,1,,0,train
2019-04-23,13.7,19.33,23,4.78,0.196,5.6,1.57,-0.45,0.96,26.2,23.3,74.6,1011.1,0.0,rocklea,2019,4,1,113,1208,0,0,0,0,,0,train
2019-04-24,13.65,20.33,23,4.7,0.183,6.23,1.66,-0.56,1.02,26.84,22.7,77.8,1009.7,0.0,rocklea,2019,4,2,114,1209,0,0,0,0,,0,train
2019-04-25,9.83,9.67,23,4.04,0.161,5.4,1.25,-0.15,0.39,27.04,23.8,76.6,1006.7,0.0,rocklea,2019,4,3,115,1210,0,0,1,0,,0,train
2019-04-26,16.7,19.33,23,7.65,0.335,8.0,1.14,0.24,-0.03,27.21,23.6,87.9,1001.3,0.0,rocklea,2019,4,4,116,1211,0,0,0,0,,0,train
2019-04-27,11.3,11.33,23,7.13,0.265,8.8,1.57,-0.22,0.98,27.27,22.1,61.6,1002.9,0.0,rocklea,2019,4,5,117,1212,0,1,0,0,,0,train
2019-04-28,11.0,10.67,23,4.48,0.252,10.04,1.15,0.1,-0.18,27.3,22.6,63.2,1005.5,0.0,rocklea,2019,4,6,118,1213,0,1,0,0,,0,train
2019-04-29,18.43,21.67,23,8.39,0.248,10.11,1.79,-0.24,1.18,25.81,22.1,65.2,1007.7,0.0,rocklea,2019,4,0,119,1214,0,0,0,0,,0,train
2019-04-30,14.91,22.67,23,6.09,0.209,6.93,1.63,-0.31,0.95,24.8,22.0,71.9,1008.9,0.2,rocklea,2019,4,1,120,1215,0,0,0,0,,0,train
2019-05-01,16.57,29.67,23,3.65,0.283,7.9,1.1,-0.77,0.27,27.15,24.0,80.8,1012.0,0.0,rocklea,2019,5,2,121,1216,0,0,0,0,,0,train
2019-05-02,15.22,19.67,23,4.7,0.274,7.28,1.17,-0.45,0.16,26.64,23.1,82.0,1013.7,0.0,rocklea,2019,5,3,122,1217,0,0,0,0,,0,train
2019-05-03,17.09,22.67,23,6.39,0.3,8.08,1.13,-0.13,0.01,26.73,23.1,85.3,1011.3,0.0,rocklea,2019,5,4,123,1218,0,0,0,0,,0,train
2019-05-04,15.43,13.33,23,7.39,0.309,7.1,0.93,0.45,-0.24,26.0,22.8,89.2,1005.4,2.4,rocklea,2019,5,5,124,1219,0,1,0,0,,0,train
2019-05-05,16.7,10.0,23,4.87,0.257,7.32,1.61,1.39,0.74,23.97,18.9,66.3,1004.5,0.0,rocklea,2019,5,6,125,1220,0,1,0,0,,0,train
2019-05-06,15.87,11.0,23,7.7,0.27,7.52,1.18,0.47,0.44,23.47,17.7,66.0,1006.0,0.0,rocklea,2019,5,0,126,1221,0,0,1,0,,0,train
2019-05-07,23.39,27.0,23,7.96,0.217,11.07,1.34,0.59,-0.04,24.5,17.6,71.3,1007.2,0.0,rocklea,2019,5,1,127,1222,0,0,0,0,,0,train
2019-05-08,28.61,37.33,23,9.78,0.348,12.5,1.26,0.99,0.04,26.06,19.1,70.9,1006.5,0.0,rocklea,2019,5,2,128,1223,0,0,0,0,,0,train
2019-05-09,28.35,30.33,23,8.39,0.339,10.19,1.3,0.2,0.14,24.61,17.2,68.6,1008.3,0.0,rocklea,2019,5,3,129,1224,0,0,0,0,,0,train
2019-05-10,21.82,30.0,22,9.13,0.177,11.1,1.66,0.56,-0.23,25.73,20.2,79.1,1007.0,7.8,rocklea,2019,5,4,130,1225,0,0,0,0,,0,train
2019-05-11,10.43,8.0,23,6.35,0.23,5.31,3.25,2.98,1.24,22.72,18.2,44.1,1009.7,0.0,rocklea,2019,5,5,131,1226,0,1,0,0,,0,train
2019-05-12,13.3,8.0,23,6.57,0.174,6.18,1.99,1.07,1.38,22.94,16.1,64.0,1013.3,0.0,rocklea,2019,5,6,132,1227,0,1,0,0,,0,train
2019-05-13,19.55,29.0,20,5.7,0.15,9.16,1.59,-0.19,0.98,24.74,21.2,75.7,1015.0,0.1,rocklea,2019,5,0,133,1228,0,0,0,0,,0,train
2019-05-14,18.0,20.0,23,5.04,0.117,6.24,1.65,-0.08,1.25,24.95,21.6,79.3,1015.0,0.0,rocklea,2019,5,1,134,1229,0,0,0,0,,0,train
2019-05-15,17.17,21.33,23,6.09,0.122,6.78,1.95,-0.43,1.32,25.24,20.9,75.5,1014.9,0.4,rocklea,2019,5,2,135,1230,0,0,0,0,,0,train
2019-05-16,17.52,25.0,23,5.3,0.117,7.9,1.6,-0.49,1.04,25.22,21.6,76.8,1014.1,0.0,rocklea,2019,5,3,136,1231,0,0,0,0,,0,train
2019-05-17,,24.67,8,8.78,,,,,,,,89.4,1015.0,0.0,rocklea,2019,5,4,137,1232,0,0,0,0,,0,train
2019-05-18,,,0,4.61,,,,,,,,78.4,1016.2,0.0,rocklea,2019,5,5,138,1233,0,1,0,0,,0,train
2019-05-19,,,0,3.3,,,,,,,,76.2,1016.4,0.0,rocklea,2019,5,6,139,1234,0,1,0,0,,0,train
2019-05-20,,,12,6.91,,,,,,,,87.6,1015.4,0.0,rocklea,2019,5,0,140,1235,0,0,0,0,,0,train
2019-05-21,19.22,23.67,23,5.96,0.209,8.48,1.15,0.17,0.39,24.98,21.8,79.8,1015.0,0.0,rocklea,2019,5,1,141,1236,0,0,0,0,,0,train
2019-05-22,20.13,20.67,23,7.65,0.135,9.66,1.25,0.1,0.71,23.62,19.3,82.1,1016.0,0.0,rocklea,2019,5,2,142,1237,0,0,0,0,,0,train
2019-05-23,20.57,24.0,23,7.48,0.104,9.29,1.28,-0.1,0.81,23.56,18.9,80.8,1014.7,0.0,rocklea,2019,5,3,143,1238,0,0,0,0,,0,train
2019-05-24,20.13,24.67,23,8.57,0.135,10.2,1.08,0.1,0.62,23.39,18.8,81.1,1012.5,0.0,rocklea,2019,5,4,144,1239,0,0,0,0,,0,train
2019-05-25,17.57,17.0,23,6.87,0.135,9.35,1.03,0.28,0.08,23.86,18.5,73.7,1018.8,0.0,rocklea,2019,5,5,145,1240,0,1,0,0,,0,train
2019-05-26,14.17,15.0,23,6.48,0.07,10.61,0.89,-0.0,-0.09,24.91,20.2,71.7,1015.3,0.0,rocklea,2019,5,6,146,1241,0,1,0,0,,0,train
2019-05-27,18.3,22.0,23,11.87,0.209,9.33,1.62,1.52,0.23,24.93,17.8,54.2,1012.6,0.0,rocklea,2019,5,0,147,1242,0,0,0,0,,0,train
2019-05-28,18.7,29.33,23,12.3,0.226,6.28,1.73,1.63,0.2,22.42,18.3,36.3,1014.3,0.0,rocklea,2019,5,1,148,1243,0,0,0,0,,0,train
2019-05-29,20.74,33.0,23,13.13,0.265,7.69,1.74,1.58,-0.12,22.63,16.6,35.2,1012.8,0.0,rocklea,2019,5,2,149,1244,0,0,0,0,,0,train
2019-05-30,18.96,36.67,23,14.57,0.23,7.6,1.84,1.58,0.34,22.18,16.2,42.8,1015.7,0.0,rocklea,2019,5,3,150,1245,0,0,0,0,,0,train
2019-05-31,24.17,26.33,23,16.83,0.465,9.5,1.48,1.15,0.62,19.2,13.3,36.6,1020.2,0.0,rocklea,2019,5,4,151,1246,0,0,0,0,,0,train
2019-06-01,21.17,20.67,23,10.83,0.226,14.32,1.32,0.62,0.78,20.61,12.4,54.7,1021.8,0.0,rocklea,2019,6,5,152,1247,0,1,0,0,,0,train
2019-06-02,11.7,11.67,23,7.13,0.065,10.19,1.65,0.37,0.97,22.89,19.9,68.2,1020.7,0.5,rocklea,2019,6,6,153,1248,0,1,0,0,,0,train
2019-06-03,14.3,22.67,23,9.74,0.07,6.62,2.12,2.0,0.27,22.28,19.3,66.2,1014.8,1.0,rocklea,2019,6,0,154,1249,0,0,0,0,,0,train
2019-06-04,10.74,15.33,23,10.13,0.087,4.93,3.26,3.15,0.73,17.92,15.2,50.2,1012.8,0.0,rocklea,2019,6,1,155,1250,0,0,0,0,,0,train
2019-06-05,20.7,25.67,23,12.0,0.17,8.33,1.59,1.23,0.91,20.88,15.9,66.2,1009.8,0.0,rocklea,2019,6,2,156,1251,0,0,0,0,,0,train
2019-06-06,21.22,26.0,23,12.13,0.226,8.4,1.64,0.55,1.03,20.98,16.0,71.1,1016.7,0.0,rocklea,2019,6,3,157,1252,0,0,0,0,,0,train
2019-06-07,21.43,28.67,23,9.13,0.174,9.5,1.99,0.13,1.53,20.95,15.6,74.4,1020.5,0.0,rocklea,2019,6,4,158,1253,0,0,0,0,,0,train
2019-06-08,17.0,15.0,23,12.22,0.239,12.46,1.25,1.04,0.63,20.46,18.3,89.4,1018.2,0.0,rocklea,2019,6,5,159,1254,0,1,0,0,,0,train
2019-06-09,13.96,9.0,23,4.22,0.187,9.57,1.09,0.51,0.29,22.9,18.8,84.5,1012.8,0.0,rocklea,2019,6,6,160,1255,0,1,0,0,,0,train
2019-06-10,22.84,24.0,19,10.61,0.216,10.06,1.08,0.26,0.21,20.33,17.9,80.9,1011.5,0.0,rocklea,2019,6,0,161,1256,0,0,0,0,,0,train
2019-06-11,22.05,24.33,22,11.13,0.174,6.36,1.21,0.25,0.6,19.33,14.0,78.5,1012.7,0.0,rocklea,2019,6,1,162,1257,0,0,0,0,,0,train
2019-06-12,24.55,26.5,20,8.7,0.278,7.35,1.06,0.25,0.25,18.62,13.3,81.1,1013.0,0.0,rocklea,2019,6,2,163,1258,0,0,0,0,,0,train
2019-06-13,23.09,27.67,23,13.35,0.178,9.13,0.99,0.18,0.08,19.35,15.2,84.2,1009.7,0.0,rocklea,2019,6,3,164,1259,0,0,0,0,,0,train
2019-06-14,29.74,24.33,23,10.09,0.252,9.93,0.89,0.33,0.18,20.33,14.5,78.6,1007.8,0.0,rocklea,2019,6,4,165,1260,0,0,0,0,,0,train
2019-06-15,23.04,22.33,23,6.61,0.183,12.53,1.0,-0.09,-0.01,20.36,16.2,82.8,1007.9,0.0,rocklea,2019,6,5,166,1261,0,1,0,0,,0,train
2019-06-16,16.09,10.67,23,7.83,0.104,11.47,0.87,0.4,0.17,18.38,16.4,90.3,1007.9,12.7,rocklea,2019,6,6,167,1262,0,1,0,0,,0,train
2019-06-17,20.7,24.67,23,10.96,0.217,4.73,1.61,1.44,0.48,18.14,13.6,71.1,1006.2,0.0,rocklea,2019,6,0,168,1263,0,0,0,0,,0,train
2019-06-18,27.43,25.67,23,13.26,0.326,6.74,1.31,1.01,0.61,16.2,10.8,68.8,1006.9,0.0,rocklea,2019,6,1,169,1264,0,0,0,0,,0,train
2019-06-19,21.91,31.33,23,12.0,0.152,6.9,1.2,0.38,0.6,17.16,11.7,69.0,1008.0,0.0,rocklea,2019,6,2,170,1265,0,0,0,0,,0,train
2019-06-20,22.09,23.0,23,13.04,0.174,7.95,1.58,0.81,1.02,17.35,13.3,75.4,1010.2,0.0,rocklea,2019,6,3,171,1266,0,0,0,0,,0,train
2019-06-21,21.09,26.67,23,11.0,0.239,5.44,1.76,1.53,0.64,18.29,13.4,64.2,1008.5,0.0,rocklea,2019,6,4,172,1267,0,0,0,0,,0,train
2019-06-22,16.35,11.67,23,9.35,0.135,6.92,1.95,1.14,1.25,15.16,10.6,59.1,1010.5,0.0,rocklea,2019,6,5,173,1268,0,1,0,0,,0,train
2019-06-23,13.65,14.33,23,8.04,0.13,6.55,1.48,0.46,0.95,14.75,9.1,70.3,1010.7,0.0,rocklea,2019,6,6,174,1269,0,1,0,0,,0,train
2019-06-24,15.43,26.67,23,10.17,0.17,4.41,2.21,1.53,1.51,15.2,12.0,73.1,1012.4,0.0,rocklea,2019,6,0,175,1270,0,0,0,0,,0,train
2019-06-25,17.65,27.0,23,8.17,0.139,3.73,2.28,0.28,1.88,15.99,12.7,90.8,1015.0,0.7,rocklea,2019,6,1,176,1271,0,0,0,0,,0,train
2019-06-26,22.78,30.0,23,6.52,0.217,4.36,1.43,0.39,1.19,16.32,14.4,92.5,1017.4,7.8,rocklea,2019,6,2,177,1272,0,0,0,0,,0,train
2019-06-27,18.65,27.0,23,7.09,0.17,4.08,1.74,-0.08,1.29,17.5,14.0,85.8,1018.8,0.8,rocklea,2019,6,3,178,1273,0,0,0,0,,0,train
2019-06-28,19.65,26.0,23,9.0,0.213,4.71,1.72,0.02,1.21,17.64,14.3,86.0,1018.2,0.2,rocklea,2019,6,4,179,1274,0,0,0,0,,0,train
2019-06-29,14.61,14.0,23,7.04,0.217,8.22,1.38,0.27,0.67,17.86,14.0,88.8,1013.8,0.0,rocklea,2019,6,5,180,1275,0,1,0,1,,0,train
2019-06-30,16.43,11.67,23,6.65,0.257,8.8,0.97,0.55,0.41,18.18,13.4,83.4,1011.0,0.0,rocklea,2019,6,6,181,1276,0,1,0,1,,0,train
2019-07-01,19.78,21.67,23,9.0,0.213,6.75,1.48,0.81,1.07,18.3,14.6,83.5,1010.8,0.0,rocklea,2019,7,0,182,1277,0,0,0,1,,0,train
2019-07-02,23.17,25.67,23,10.3,0.291,7.1,0.98,0.33,0.39,18.29,14.7,81.2,1009.9,0.0,rocklea,2019,7,1,183,1278,0,0,0,1,,0,train
2019-07-03,19.78,22.33,23,9.04,0.222,6.68,2.01,-0.05,1.43,18.05,13.5,76.4,1012.2,0.0,rocklea,2019,7,2,184,1279,0,0,0,1,,0,train
2019-07-04,20.04,29.67,23,9.78,0.222,7.17,2.38,-0.31,1.7,18.51,15.3,77.0,1015.6,0.1,rocklea,2019,7,3,185,1280,0,0,0,1,,0,train
2019-07-05,14.78,30.67,23,4.91,0.117,5.42,2.66,-1.32,2.09,18.68,15.9,80.6,1017.2,0.2,rocklea,2019,7,4,186,1281,0,0,0,1,,0,train
2019-07-06,11.83,12.33,23,3.61,0.091,5.06,1.59,-0.92,0.99,17.48,15.7,87.7,1019.3,1.5,rocklea,2019,7,5,187,1282,0,1,0,1,,0,train
2019-07-07,12.17,11.33,23,3.3,0.078,4.0,1.56,-0.04,1.17,17.5,15.2,90.6,1018.7,0.1,rocklea,2019,7,6,188,1283,0,1,0,1,,0,train
2019-07-08,20.3,23.0,23,8.17,0.196,4.03,1.03,0.56,0.44,17.32,15.1,90.2,1014.4,0.0,rocklea,2019,7,0,189,1284,0,0,0,1,,0,train
2019-07-09,23.48,21.67,23,9.61,0.304,5.99,0.98,0.5,0.27,17.99,13.8,81.8,1009.8,0.0,rocklea,2019,7,1,190,1285,0,0,0,1,,0,train
2019-07-10,26.7,28.33,23,17.13,0.409,6.48,1.26,1.07,0.34,17.36,12.1,70.7,1008.8,0.0,rocklea,2019,7,2,191,1286,0,0,0,1,,0,train
2019-07-11,27.18,27.67,22,16.35,0.477,6.35,1.42,1.25,0.16,17.53,10.6,60.6,1008.6,0.0,rocklea,2019,7,3,192,1287,0,0,0,1,,0,train
2019-07-12,32.09,39.33,23,16.3,0.665,7.83,1.05,0.87,0.09,18.26,11.9,62.7,1008.4,0.0,rocklea,2019,7,4,193,1288,0,0,0,1,,0,train
2019-07-13,14.91,19.33,23,8.04,0.265,6.24,2.18,2.08,0.14,18.37,12.3,48.7,1006.8,0.0,rocklea,2019,7,5,194,1289,0,1,0,1,,0,train
2019-07-14,11.96,7.33,23,7.57,0.113,3.63,2.21,1.83,0.76,14.79,10.3,47.2,1010.4,0.0,rocklea,2019,7,6,195,1290,0,1,0,1,,0,train
2019-07-15,13.87,20.33,23,12.17,0.104,3.63,2.87,2.81,0.49,14.83,10.8,49.2,1007.3,0.0,rocklea,2019,7,0,196,1291,0,0,0,0,,0,train
2019-07-16,25.17,27.0,23,15.7,0.322,5.17,1.38,1.07,0.65,15.76,9.2,57.3,1008.5,0.0,rocklea,2019,7,1,197,1292,0,0,0,0,,0,train
2019-07-17,24.0,31.67,23,13.65,0.183,6.59,1.31,0.5,0.13,16.57,10.8,64.5,1007.2,0.0,rocklea,2019,7,2,198,1293,0,0,0,0,,0,train
2019-07-18,25.65,28.0,23,12.22,0.196,5.7,1.5,1.28,0.45,16.98,11.8,56.1,1006.0,0.0,rocklea,2019,7,3,199,1294,0,0,0,0,,0,train
2019-07-19,26.87,31.33,23,15.0,0.278,11.22,1.08,0.42,0.17,15.68,10.0,66.1,1009.7,0.0,rocklea,2019,7,4,200,1295,0,0,0,0,,0,train
2019-07-20,22.04,21.67,23,10.13,0.33,24.75,1.18,0.47,0.38,15.51,8.9,74.4,1012.3,0.0,rocklea,2019,7,5,201,1296,0,1,0,0,,0,train
2019-07-21,16.96,16.67,23,9.57,0.196,12.92,1.19,-0.08,0.1,16.22,10.3,76.4,1010.6,0.0,rocklea,2019,7,6,202,1297,0,1,0,0,,0,train
2019-07-22,21.61,27.67,23,13.26,0.148,7.1,1.14,0.18,-0.08,17.05,11.5,78.3,1008.7,0.0,rocklea,2019,7,0,203,1298,0,0,0,0,,0,train
2019-07-23,23.57,26.67,23,14.0,0.174,8.83,1.02,0.21,0.05,18.45,13.0,77.2,1010.1,0.0,rocklea,2019,7,1,204,1299,0,0,0,0,,0,train
2019-07-24,24.52,25.67,23,18.74,0.196,6.82,1.56,1.39,0.44,18.8,11.3,56.8,1010.3,0.0,rocklea,2019,7,2,205,1300,0,0,0,0,,0,train
2019-07-25,21.04,33.0,23,11.0,0.135,9.84,1.4,-0.03,0.68,17.47,12.9,66.9,1012.8,0.0,rocklea,2019,7,3,206,1301,0,0,0,0,,0,train
2019-07-26,22.52,29.67,23,14.04,0.196,7.95,1.1,0.2,-0.15,17.75,12.8,81.1,1012.1,0.0,rocklea,2019,7,4,207,1302,0,0,0,0,,0,train
2019-07-27,20.13,19.67,23,10.26,0.196,8.51,1.0,0.27,0.18,18.76,13.6,79.0,1010.6,0.0,rocklea,2019,7,5,208,1303,0,1,0,0,,0,train
2019-07-28,13.26,17.33,23,5.26,0.113,10.77,1.22,-0.11,0.51,18.32,13.6,76.8,1011.5,0.0,rocklea,2019,7,6,209,1304,0,1,0,0,,0,train
2019-07-29,24.22,26.67,23,9.96,0.222,8.81,0.96,0.14,0.04,18.43,14.1,75.9,1010.5,0.0,rocklea,2019,7,0,210,1305,0,0,0,0,,0,train
2019-07-30,20.74,29.0,23,11.39,0.174,12.72,1.48,0.07,0.92,18.34,12.6,72.4,1010.3,0.0,rocklea,2019,7,1,211,1306,0,0,0,0,,0,train
2019-07-31,19.22,26.0,23,9.7,0.139,6.72,1.75,0.08,1.29,17.25,13.6,72.0,1014.2,0.0,rocklea,2019,7,2,212,1307,0,0,0,0,,0,train
2019-08-01,19.87,26.33,23,9.57,0.13,4.11,1.58,0.52,1.12,16.86,13.4,81.9,1015.6,0.0,rocklea,2019,8,3,213,1308,0,0,0,0,,0,train
2019-08-02,21.61,29.0,23,7.52,0.161,4.77,1.46,-0.02,0.96,16.48,12.0,77.3,1017.0,1.4,rocklea,2019,8,4,214,1309,0,0,0,0,,0,train
2019-08-03,16.48,16.67,23,5.96,0.2,6.4,1.2,0.39,0.28,16.61,11.3,78.0,1016.5,0.0,rocklea,2019,8,5,215,1310,0,1,0,0,,0,train
2019-08-04,17.7,15.0,23,6.17,0.222,8.45,1.14,0.06,0.28,16.84,11.3,77.8,1015.5,0.0,rocklea,2019,8,6,216,1311,0,1,0,0,,0,train
2019-08-05,24.13,27.33,23,8.87,0.243,7.77,1.11,0.01,0.05,17.09,11.8,77.6,1014.2,0.0,rocklea,2019,8,0,217,1312,0,0,0,0,,0,train
2019-08-06,22.96,30.0,23,10.0,0.217,9.38,1.22,-0.09,-0.0,17.03,11.0,77.7,1010.7,0.0,rocklea,2019,8,1,218,1313,0,0,0,0,,0,train
2019-08-07,25.96,26.67,23,12.65,0.243,10.76,1.03,0.3,0.14,17.15,14.1,83.4,1006.5,0.0,rocklea,2019,8,2,219,1314,0,0,0,0,,0,train
2019-08-08,19.17,25.33,23,11.17,0.23,6.68,1.43,1.17,-0.22,21.61,15.0,59.9,1000.0,0.0,rocklea,2019,8,3,220,1315,0,0,0,0,,0,train
2019-08-09,13.87,20.0,23,8.91,0.222,6.38,2.66,2.62,-0.26,20.87,17.5,32.6,999.6,0.0,rocklea,2019,8,4,221,1316,0,0,0,0,,0,train
2019-08-10,6.91,6.67,23,4.0,0.148,7.37,3.79,3.74,0.33,19.01,15.4,38.8,998.5,0.0,rocklea,2019,8,5,222,1317,0,1,0,0,,0,train
2019-08-11,7.3,5.67,23,5.48,0.161,6.53,3.37,3.33,0.37,15.87,11.6,33.5,1002.2,0.0,rocklea,2019,8,6,223,1318,0,1,0,0,,0,train
2019-08-12,18.43,22.67,23,5.65,0.239,5.05,2.17,1.48,0.6,15.62,10.9,49.1,1008.2,0.0,rocklea,2019,8,0,224,1319,0,0,0,0,,0,train
2019-08-13,22.04,29.67,23,9.09,0.257,8.75,1.41,0.19,0.45,15.97,9.8,71.5,1013.5,0.0,rocklea,2019,8,1,225,1320,0,0,0,0,,0,train
2019-08-14,18.7,19.67,23,9.48,0.235,10.37,1.27,-0.0,0.26,16.53,11.3,80.3,1015.9,0.0,rocklea,2019,8,2,226,1321,0,0,1,0,,0,train
2019-08-15,20.43,27.33,23,9.7,0.191,9.82,1.45,0.01,-0.29,17.16,10.9,75.7,1015.0,0.0,rocklea,2019,8,3,227,1322,0,0,0,0,,0,train
2019-08-16,24.0,30.33,23,12.78,0.213,11.0,1.28,0.11,-0.22,18.17,12.7,72.6,1011.5,0.0,rocklea,2019,8,4,228,1323,0,0,0,0,,0,train
2019-08-17,22.83,22.0,23,8.09,0.243,12.89,0.95,0.04,-0.26,19.33,12.1,67.7,1008.4,0.0,rocklea,2019,8,5,229,1324,0,1,0,0,,0,train
2019-08-18,11.96,13.0,23,2.74,0.091,10.72,1.45,-0.28,0.02,18.95,14.0,75.8,1009.3,0.0,rocklea,2019,8,6,230,1325,0,1,0,0,,0,train
2019-08-19,19.04,25.33,23,10.26,0.213,10.93,1.93,1.6,0.44,19.62,14.0,55.2,1007.0,0.0,rocklea,2019,8,0,231,1326,0,0,0,0,,0,train
2019-08-20,22.1,25.33,21,11.35,0.286,6.79,1.72,1.14,0.61,16.74,12.3,44.1,1012.2,0.0,rocklea,2019,8,1,232,1327,0,0,0,0,,0,train
2019-08-21,14.43,19.67,23,10.7,0.222,4.05,2.76,2.66,0.44,19.16,12.0,36.8,1007.5,0.0,rocklea,2019,8,2,233,1328,0,0,0,0,,0,train
2019-08-22,11.57,17.67,23,6.04,0.152,4.94,3.26,2.35,0.89,20.28,16.0,43.8,1004.5,0.0,rocklea,2019,8,3,234,1329,0,0,0,0,,0,train
2019-08-23,16.43,27.67,23,4.65,0.122,9.76,1.51,-0.24,0.97,17.98,13.4,61.4,1012.5,0.0,rocklea,2019,8,4,235,1330,0,0,0,0,,0,train
2019-08-24,13.52,15.0,23,5.91,0.096,8.95,1.49,-0.06,-0.11,17.0,11.0,69.1,1012.9,0.0,rocklea,2019,8,5,236,1331,0,1,0,0,,0,train
2019-08-25,13.35,13.33,23,5.7,0.139,8.72,1.29,-0.15,-0.27,18.24,11.7,71.0,1009.1,0.0,rocklea,2019,8,6,237,1332,0,1,0,0,,0,train
2019-08-26,22.09,30.33,23,8.65,0.161,8.56,1.16,-0.31,-0.23,19.53,13.8,70.8,1008.4,0.0,rocklea,2019,8,0,238,1333,0,0,0,0,,0,train
2019-08-27,19.83,28.0,23,9.0,0.109,7.12,1.18,-0.2,-0.13,19.68,15.3,80.8,1010.0,0.0,rocklea,2019,8,1,239,1334,0,0,0,0,,0,train
2019-08-28,24.57,26.0,23,14.0,0.204,6.55,1.08,0.79,0.4,19.65,16.9,81.1,1009.8,0.0,rocklea,2019,8,2,240,1335,0,0,0,0,,0,train
2019-08-29,26.22,30.67,23,16.48,0.339,8.13,1.25,0.98,0.56,17.51,14.7,83.0,1009.0,0.0,rocklea,2019,8,3,241,1336,0,0,0,0,,0,train
2019-08-30,17.65,21.67,23,7.43,0.152,7.67,1.45,0.02,0.73,17.41,12.7,78.5,1009.4,0.0,rocklea,2019,8,4,242,1337,0,0,0,0,,0,train
2019-08-31,12.96,15.0,23,4.22,0.104,5.7,1.32,-0.09,0.47,17.73,12.6,69.2,1009.3,0.0,rocklea,2019,8,5,243,1338,0,1,0,0,,0,train
2019-09-01,12.96,14.33,23,4.09,0.109,7.05,1.2,0.16,0.28,17.94,11.4,72.1,1009.2,0.0,rocklea,2019,9,6,244,1339,0,1,0,0,,0,train
2019-09-02,24.61,28.67,23,8.04,0.195,6.49,1.24,0.53,0.44,19.63,13.0,68.8,1007.6,0.0,rocklea,2019,9,0,245,1340,0,0,0,0,,0,train
2019-09-03,23.91,30.67,23,,0.187,8.08,1.12,-0.29,-0.09,19.35,13.8,66.2,1007.2,0.0,rocklea,2019,9,1,246,1341,0,0,0,0,,0,train
2019-09-04,28.0,29.33,23,,0.252,8.52,1.48,0.66,0.43,22.25,12.9,55.0,1005.2,0.0,rocklea,2019,9,2,247,1342,0,0,0,0,,0,train
2019-09-05,29.13,33.0,23,11.22,0.265,9.67,1.44,-0.15,-0.21,22.05,14.3,51.5,1004.6,0.0,rocklea,2019,9,3,248,1343,0,0,0,0,,0,train
2019-09-06,28.39,35.0,23,11.65,0.283,14.29,1.32,0.17,-0.45,24.51,14.6,52.5,1000.9,0.0,rocklea,2019,9,4,249,1344,0,0,0,0,,0,train
2019-09-07,7.65,7.33,23,4.48,0.183,36.16,3.88,3.85,0.15,22.25,17.7,23.9,1002.9,0.0,rocklea,2019,9,5,250,1345,0,1,0,0,,0,train
2019-09-08,5.78,6.67,23,4.13,0.174,6.0,3.43,3.29,0.78,20.26,15.7,27.4,1002.4,0.0,rocklea,2019,9,6,251,1346,0,1,0,0,,0,train
2019-09-09,9.5,17.67,20,5.13,0.15,7.81,3.79,3.5,1.12,18.56,15.3,28.9,1001.6,0.0,rocklea,2019,9,0,252,1347,0,0,0,0,,0,train
2019-09-10,15.6,25.33,20,7.57,0.08,16.13,2.05,0.06,0.99,16.57,12.2,45.4,1009.8,0.0,rocklea,2019,9,1,253,1348,0,0,0,0,,0,train
2019-09-11,16.0,25.0,23,6.17,0.061,7.68,1.9,-0.22,1.22,16.86,12.0,65.4,1017.0,0.0,rocklea,2019,9,2,254,1349,0,0,0,0,,0,train
2019-09-12,16.91,21.33,23,6.91,0.114,5.68,1.55,0.25,-0.16,17.72,11.4,66.0,1015.1,0.0,rocklea,2019,9,3,255,1350,0,0,0,0,,0,train
2019-09-13,16.91,24.33,23,7.26,0.161,12.58,1.78,0.28,0.96,20.15,12.0,59.9,1010.7,0.0,rocklea,2019,9,4,256,1351,0,0,0,0,,0,train
2019-09-14,17.7,25.33,23,6.0,0.183,20.35,1.49,-0.05,0.36,20.62,13.2,58.4,1011.2,0.0,rocklea,2019,9,5,257,1352,0,1,0,0,,0,train
2019-09-15,10.74,19.67,23,3.48,0.043,11.8,1.5,-0.58,-0.43,19.62,14.7,68.3,1013.2,0.0,rocklea,2019,9,6,258,1353,0,1,0,0,,0,train
2019-09-16,14.74,29.0,23,6.7,0.061,10.64,1.72,-0.89,-0.73,20.21,14.3,74.2,1010.1,0.0,rocklea,2019,9,0,259,1354,0,0,0,0,,0,train
2019-09-17,18.23,29.67,22,6.5,0.118,13.42,1.53,-0.8,0.01,20.6,15.1,75.6,1006.1,0.9,rocklea,2019,9,1,260,1355,0,0,0,0,,0,train
2019-09-18,17.83,22.0,23,5.43,0.122,7.99,1.58,0.73,0.2,20.49,17.0,59.4,1009.1,0.0,rocklea,2019,9,2,261,1356,0,0,0,0,,0,train
2019-09-19,19.57,28.33,23,7.48,0.122,14.03,1.5,-0.54,0.08,19.4,13.7,70.8,1012.8,0.0,rocklea,2019,9,3,262,1357,0,0,0,0,,0,train
2019-09-20,15.0,28.0,23,4.91,0.074,12.52,1.65,-0.64,0.2,20.31,15.5,78.4,1014.0,0.0,rocklea,2019,9,4,263,1358,0,0,0,0,,0,train
2019-09-21,10.74,16.67,23,3.96,0.057,6.45,1.71,-0.86,-0.66,21.29,17.0,80.5,1014.0,0.6,rocklea,2019,9,5,264,1359,0,1,0,1,,0,train
2019-09-22,7.3,10.67,23,,0.057,7.17,1.61,-1.02,-0.89,21.9,18.9,80.1,1013.8,0.0,rocklea,2019,9,6,265,1360,0,1,0,1,,0,train
2019-09-23,13.74,20.0,23,2.91,0.135,12.32,1.38,-0.56,-0.61,22.68,17.9,74.2,1011.7,0.0,rocklea,2019,9,0,266,1361,0,0,0,1,,0,train
2019-09-24,12.48,22.67,23,1.3,0.07,8.44,1.92,-1.1,0.99,20.68,17.6,69.7,1013.9,0.0,rocklea,2019,9,1,267,1362,0,0,0,1,,0,train
2019-09-25,15.57,32.0,23,5.04,0.104,7.28,1.65,-0.68,-0.48,21.23,17.9,71.6,1015.0,0.0,rocklea,2019,9,2,268,1363,0,0,0,1,,0,train
2019-09-26,11.48,23.67,23,0.96,0.096,8.2,1.86,-1.35,-1.22,21.47,19.8,72.4,1014.4,0.0,rocklea,2019,9,3,269,1364,0,0,0,1,,0,train
2019-09-27,12.13,23.0,23,3.48,0.096,7.66,1.78,-0.91,-1.14,21.92,18.3,76.3,1010.8,5.2,rocklea,2019,9,4,270,1365,0,0,0,1,,0,train
2019-09-28,14.74,11.67,23,3.04,0.109,12.39,1.12,-0.3,-0.63,23.62,19.6,71.4,1006.4,0.0,rocklea,2019,9,5,271,1366,0,1,0,1,,0,train
2019-09-29,7.26,3.67,23,0.17,0.017,9.36,1.69,-1.21,-0.28,21.29,17.4,72.6,1007.9,0.0,rocklea,2019,9,6,272,1367,0,1,0,1,,0,train
2019-09-30,11.7,23.67,23,,0.039,9.02,2.28,-0.8,1.41,22.21,18.8,76.0,1009.9,0.0,rocklea,2019,9,0,273,1368,0,0,0,1,,0,train
2019-10-01,11.52,16.0,23,4.91,0.043,6.88,2.6,-1.71,1.68,20.65,17.5,69.6,1016.8,0.0,rocklea,2019,10,1,274,1369,0,0,0,1,,0,train
2019-10-02,12.83,23.0,23,4.26,0.07,5.54,1.56,-0.88,0.34,19.75,16.1,66.5,1018.0,0.1,rocklea,2019,10,2,275,1370,0,0,0,1,,0,train
2019-10-03,15.17,22.33,23,6.43,0.096,4.99,1.54,-0.47,-0.42,19.58,13.3,66.5,1015.1,0.0,rocklea,2019,10,3,276,1371,0,0,0,1,,0,train
2019-10-04,14.22,21.67,23,6.83,0.065,4.6,1.7,-0.73,-0.77,20.55,14.7,69.1,1012.1,0.0,rocklea,2019,10,4,277,1372,0,0,0,1,,0,train
2019-10-05,9.22,11.67,23,3.0,0.03,8.21,1.55,-1.04,0.28,21.64,15.2,69.2,1010.0,0.0,rocklea,2019,10,5,278,1373,0,1,0,1,,0,train
2019-10-06,6.13,9.33,23,1.22,0.0,6.46,1.7,-1.04,-0.5,21.88,18.4,69.8,1009.2,0.0,rocklea,2019,10,6,279,1374,0,1,0,1,,0,train
2019-10-07,8.09,9.33,23,2.43,0.013,8.13,1.43,-1.11,-0.7,23.82,18.4,75.0,1003.7,0.0,rocklea,2019,10,0,280,1375,0,0,1,1,,0,train
2019-10-08,17.61,22.67,23,6.52,0.087,17.81,1.46,-0.92,-0.31,25.0,20.9,80.5,1000.2,0.0,rocklea,2019,10,1,281,1376,0,0,0,0,,0,train
2019-10-09,10.09,15.67,23,3.39,0.039,18.05,2.53,-1.87,1.51,21.07,18.5,62.9,1007.8,0.0,rocklea,2019,10,2,282,1377,0,0,0,0,,0,train
2019-10-10,14.14,20.67,21,3.65,0.048,8.08,1.94,-0.76,1.06,19.58,16.1,64.8,1009.0,0.0,rocklea,2019,10,3,283,1378,0,0,0,0,,0,train
2019-10-11,16.13,22.33,23,5.35,0.087,7.79,1.6,-0.56,0.64,18.14,15.3,78.2,1006.4,2.8,rocklea,2019,10,4,284,1379,0,0,0,0,,0,train
2019-10-12,15.57,12.0,23,5.09,0.135,5.95,1.77,0.83,1.31,16.39,13.5,86.6,1003.6,3.8,rocklea,2019,10,5,285,1380,0,1,0,0,,0,train
2019-10-13,6.65,5.67,23,1.48,0.039,4.2,2.01,0.2,1.01,19.23,14.5,70.8,1006.8,0.0,rocklea,2019,10,6,286,1381,0,1,0,0,,0,train
2019-10-14,11.04,18.33,23,4.35,0.03,4.92,1.71,-0.51,-0.54,20.72,14.8,72.7,1007.0,0.0,rocklea,2019,10,0,287,1382,0,0,0,0,,0,train
2019-10-15,10.52,25.33,23,1.74,0.03,6.67,1.77,-1.36,-1.06,22.57,18.6,77.9,1003.5,0.1,rocklea,2019,10,1,288,1383,0,0,0,0,,0,train
2019-10-16,10.0,22.33,23,4.61,0.013,7.02,1.97,-1.25,-1.35,23.88,20.1,81.1,1004.2,0.0,rocklea,2019,10,2,289,1384,0,0,0,0,,0,train
2019-10-17,13.83,18.33,23,6.0,0.052,8.09,1.8,-0.8,-0.95,24.19,20.5,81.3,1002.7,5.5,rocklea,2019,10,3,290,1385,0,0,0,0,,0,train
2019-10-18,13.48,16.67,23,4.22,0.004,10.28,2.0,-1.2,0.64,23.21,20.1,75.5,1006.1,0.0,rocklea,2019,10,4,291,1386,0,0,0,0,,0,train
2019-10-19,17.22,16.67,23,7.74,0.07,10.06,1.1,0.1,-0.1,21.89,18.8,85.3,1006.0,4.1,rocklea,2019,10,5,292,1387,0,1,0,0,,0,train
2019-10-20,6.35,6.33,23,3.78,0.017,12.04,2.57,-0.97,1.77,22.03,16.6,74.4,1007.8,0.0,rocklea,2019,10,6,293,1388,0,1,0,0,,0,train
2019-10-21,11.43,19.33,23,3.74,0.022,6.52,2.18,-1.3,1.37,21.35,18.5,62.4,1013.5,0.0,rocklea,2019,10,0,294,1389,0,0,0,0,,0,train
2019-10-22,12.9,21.67,21,4.91,0.024,4.32,1.57,-0.62,0.22,20.88,16.4,70.6,1013.5,0.0,rocklea,2019,10,1,295,1390,0,0,0,0,,0,train
2019-10-23,13.48,17.67,23,4.35,0.07,5.03,1.63,-0.7,-0.04,21.65,16.8,69.7,1012.7,0.0,rocklea,2019,10,2,296,1391,0,0,0,0,,0,train
2019-10-24,12.61,18.0,23,5.39,0.03,4.83,1.65,-0.57,-0.58,21.88,16.2,71.5,1010.8,0.0,rocklea,2019,10,3,297,1392,0,0,0,0,,0,train
2019-10-25,13.61,18.67,23,4.48,0.035,5.57,1.65,-0.75,-0.87,22.25,16.6,68.2,1008.6,0.0,rocklea,2019,10,4,298,1393,0,0,0,0,,0,train
2019-10-26,6.61,9.33,23,2.22,0.0,5.92,2.11,-1.18,-1.52,23.0,18.7,70.6,1004.3,0.0,rocklea,2019,10,5,299,1394,0,1,0,0,,0,train
2019-10-27,4.65,6.33,23,1.57,0.0,8.97,1.91,-1.4,0.15,23.79,19.6,66.0,1003.4,0.0,rocklea,2019,10,6,300,1395,0,1,0,0,,0,train
2019-10-28,11.61,25.67,23,3.09,0.017,11.07,2.1,-1.02,1.26,23.08,20.6,70.5,1008.0,0.0,rocklea,2019,10,0,301,1396,0,0,0,0,,0,train
2019-10-29,8.91,13.33,23,1.87,0.0,7.81,2.02,-1.58,0.67,22.46,19.6,66.7,1012.2,0.0,rocklea,2019,10,1,302,1397,0,0,0,0,,0,train
2019-10-30,16.74,26.33,23,4.09,0.043,7.9,1.43,-0.72,-0.36,21.34,17.4,72.3,1010.5,0.0,rocklea,2019,10,2,303,1398,0,0,0,0,,0,train
2019-10-31,12.83,19.67,23,3.78,0.026,5.25,1.62,-1.15,-0.34,22.14,16.8,69.9,1008.2,0.0,rocklea,2019,10,3,304,1399,0,0,0,0,,0,train
2019-11-01,13.04,19.33,23,3.65,0.03,5.48,1.58,-0.98,0.26,20.92,18.3,86.4,1009.5,2.2,rocklea,2019,11,4,305,1400,0,0,0,0,,0,train
2019-11-02,7.7,4.0,23,1.61,0.009,6.54,1.74,-1.5,-0.33,22.1,18.9,83.3,1010.0,0.1,rocklea,2019,11,5,306,1401,0,1,0,0,,0,train
2019-11-03,6.09,9.0,23,2.83,0.013,7.04,2.0,-1.18,-1.08,23.34,19.9,78.1,1008.5,0.0,rocklea,2019,11,6,307,1402,0,1,0,0,,0,train
2019-11-04,8.96,16.33,23,4.78,0.009,7.99,1.52,-0.85,-1.11,25.0,21.1,75.8,1004.3,0.0,rocklea,2019,11,0,308,1403,0,0,0,0,,0,train
2019-11-05,15.74,24.33,23,6.04,0.048,7.56,2.92,2.22,1.04,24.45,18.3,48.1,1000.8,0.0,rocklea,2019,11,1,309,1404,0,0,0,0,,0,train
2019-11-06,13.48,19.67,23,4.13,0.057,15.28,2.0,0.07,0.02,22.23,16.3,52.1,1003.6,0.0,rocklea,2019,11,2,310,1405,0,0,0,0,,0,train
2019-11-07,18.74,27.33,23,5.96,0.065,9.85,1.38,-0.54,-0.61,25.48,16.5,51.6,1000.5,0.0,rocklea,2019,11,3,311,1406,0,0,0,0,,0,train
2019-11-08,27.71,34.0,21,6.71,0.148,17.37,1.49,-0.84,-0.25,27.2,18.4,57.6,995.8,0.0,rocklea,2019,11,4,312,1407,0,0,0,0,,0,train
2019-11-09,9.96,11.67,23,2.04,0.196,51.83,2.0,0.55,0.51,26.15,20.6,59.8,998.7,0.0,rocklea,2019,11,5,313,1408,0,1,0,0,,0,train
2019-11-10,10.3,11.67,23,1.35,0.248,46.98,1.73,0.14,0.47,24.12,16.6,50.4,1002.8,0.0,rocklea,2019,11,6,314,1409,0,1,0,0,,0,train
2019-11-11,14.95,37.33,22,,0.664,124.77,1.79,-1.09,-0.17,23.2,18.4,67.9,1006.5,0.0,rocklea,2019,11,0,315,1410,0,0,0,0,,0,train
2019-11-12,11.04,17.67,23,3.61,0.022,15.62,1.9,-1.26,-1.11,25.65,19.4,70.4,1003.1,0.0,rocklea,2019,11,1,316,1411,0,0,0,0,,0,train
2019-11-13,12.96,29.0,23,2.26,0.052,28.13,2.05,-1.17,0.6,25.74,21.7,64.7,1001.0,0.0,rocklea,2019,11,2,317,1412,0,0,0,0,,0,train
2019-11-14,10.74,16.67,23,1.39,0.009,22.43,1.74,-1.4,-0.26,24.58,20.3,63.8,1004.2,0.0,rocklea,2019,11,3,318,1413,0,0,0,0,,0,train
2019-11-15,10.96,17.33,23,3.04,0.078,30.23,1.88,-1.07,-0.96,26.28,21.9,71.7,1002.3,0.0,rocklea,2019,11,4,319,1414,0,0,0,0,,0,train
2019-11-16,10.74,14.67,23,4.26,0.087,26.81,1.6,-1.09,-0.49,27.4,21.3,65.8,1002.4,0.0,rocklea,2019,11,5,320,1415,0,1,0,0,,0,train
2019-11-17,6.57,7.0,23,3.3,0.174,43.84,2.12,-1.31,0.27,25.23,21.8,71.0,1002.3,0.0,rocklea,2019,11,6,321,1416,0,1,0,0,,0,train
2019-11-18,6.83,11.67,23,2.83,0.009,15.68,2.5,-1.9,0.94,23.75,21.0,63.5,1007.5,0.0,rocklea,2019,11,0,322,1417,0,0,0,0,,0,train
2019-11-19,12.91,21.0,23,7.78,0.057,18.68,1.82,-0.62,-0.73,24.95,19.9,70.0,1004.5,0.0,rocklea,2019,11,1,323,1418,0,0,0,0,,0,train
2019-11-20,10.26,20.67,23,5.48,0.026,18.06,2.05,-1.44,-0.97,26.31,21.6,73.7,1003.4,0.0,rocklea,2019,11,2,324,1419,0,0,0,0,,0,train
2019-11-21,7.87,11.33,23,1.74,0.026,24.52,2.48,-2.13,-1.17,25.11,22.7,72.0,1008.0,0.0,rocklea,2019,11,3,325,1420,0,0,0,0,,0,train
2019-11-22,7.96,13.67,23,4.09,0.0,6.32,2.09,-1.35,-1.42,25.1,21.2,68.9,1008.2,0.0,rocklea,2019,11,4,326,1421,0,0,0,0,,0,train
2019-11-23,5.57,6.0,23,3.04,0.0,8.1,2.06,-1.23,-1.4,25.38,21.9,67.5,1006.3,0.0,rocklea,2019,11,5,327,1422,0,1,0,0,,0,train
2019-11-24,5.7,5.33,23,2.96,0.004,11.82,2.06,-1.32,-1.04,25.14,21.9,69.2,1006.2,0.0,rocklea,2019,11,6,328,1423,0,1,0,0,,0,train
2019-11-25,7.57,18.67,23,3.09,0.004,6.86,1.88,-1.21,-1.08,25.04,21.2,67.7,1005.0,0.0,rocklea,2019,11,0,329,1424,0,0,0,0,,0,train
2019-11-26,7.39,14.67,23,3.78,0.0,8.56,2.3,-1.25,-1.69,26.02,22.7,69.9,1001.9,0.0,rocklea,2019,11,1,330,1425,0,0,0,0,,0,train
2019-11-27,9.39,17.0,23,3.78,0.009,21.48,2.15,-1.75,0.38,25.86,22.7,69.1,1002.9,0.0,rocklea,2019,11,2,331,1426,0,0,0,0,,0,train
2019-11-28,9.91,16.67,23,2.57,0.0,16.95,1.82,-1.36,0.19,24.63,22.3,75.2,1006.4,0.0,rocklea,2019,11,3,332,1427,0,0,0,0,,0,train
2019-11-29,8.13,14.33,23,3.91,0.0,9.72,1.96,-1.22,-1.42,26.38,23.3,74.4,1006.1,0.0,rocklea,2019,11,4,333,1428,0,0,0,0,,0,train
2019-11-30,6.52,7.67,23,2.61,0.0,11.65,2.15,-1.3,-1.07,26.49,22.6,70.2,1001.5,0.4,rocklea,2019,11,5,334,1429,0,1,0,0,,0,train
2019-12-01,7.52,5.0,23,4.09,0.0,13.68,1.55,-0.91,-0.71,25.83,23.2,82.0,995.4,11.7,rocklea,2019,12,6,335,1430,0,1,0,0,,0,train
2019-12-02,14.38,17.67,21,8.04,0.0,18.01,2.52,2.25,0.01,28.55,22.4,49.0,991.2,2.0,rocklea,2019,12,0,336,1431,0,0,0,0,,0,train
2019-12-03,16.48,17.67,23,6.43,0.009,33.17,1.72,0.95,-0.04,27.99,22.8,47.0,997.5,0.0,rocklea,2019,12,1,337,1432,0,0,0,0,,0,train
2019-12-04,17.78,26.67,23,6.04,0.091,27.9,1.72,-0.7,-0.19,26.77,20.1,47.8,1000.1,0.0,rocklea,2019,12,2,338,1433,0,0,0,0,,0,train
2019-12-05,18.57,31.33,23,5.04,0.061,26.32,1.78,-0.09,-0.02,28.11,19.9,54.0,999.9,0.0,rocklea,2019,12,3,339,1434,0,0,0,0,,0,train
2019-12-06,19.09,29.67,23,6.17,0.135,38.76,1.61,-0.38,-0.6,29.7,20.4,55.6,998.0,0.0,rocklea,2019,12,4,340,1435,0,0,0,0,,0,train
2019-12-07,12.83,18.67,23,4.13,0.283,75.28,1.96,-1.16,0.53,28.84,22.8,64.3,999.8,0.0,rocklea,2019,12,5,341,1436,0,1,0,0,,0,train
2019-12-08,4.91,8.0,23,1.0,0.052,41.49,2.17,-1.57,1.28,26.22,23.3,71.8,1006.7,0.0,rocklea,2019,12,6,342,1437,0,1,0,0,,0,train
2019-12-09,11.52,23.67,23,3.91,0.03,26.64,1.95,-1.28,0.4,26.98,23.1,75.0,1009.5,0.0,rocklea,2019,12,0,343,1438,0,0,0,0,,0,train
2019-12-10,9.13,16.33,23,4.48,0.0,15.63,1.83,-1.17,-1.23,27.89,24.0,72.0,1006.0,0.0,rocklea,2019,12,1,344,1439,0,0,0,0,,0,train
2019-12-11,9.62,18.33,21,3.83,0.005,19.39,2.13,-1.4,-1.23,28.27,24.0,72.2,1002.3,54.3,rocklea,2019,12,2,345,1440,0,0,0,0,,0,train
2019-12-12,11.43,25.67,23,4.09,0.039,24.66,2.11,-1.42,-0.97,26.6,21.8,73.6,1000.2,0.2,rocklea,2019,12,3,346,1441,0,0,0,0,,0,train
2019-12-13,13.96,19.0,23,3.87,0.03,17.82,1.58,-1.09,-0.86,25.65,22.0,81.6,1000.4,14.3,rocklea,2019,12,4,347,1442,0,0,0,0,,0,train
2019-12-14,9.0,13.33,23,4.17,0.0,10.72,1.81,-1.28,-0.89,26.22,21.5,78.4,999.3,0.0,rocklea,2019,12,5,348,1443,0,1,0,1,,0,train
2019-12-15,4.17,4.33,23,3.04,0.0,10.58,2.02,-1.44,-1.22,27.84,24.3,74.4,998.7,0.0,rocklea,2019,12,6,349,1444,0,1,0,1,,0,train
2019-12-16,12.52,18.0,23,4.65,0.017,19.76,2.46,-0.86,1.23,29.58,23.8,58.8,998.8,0.0,rocklea,2019,12,0,350,1445,0,0,0,1,,0,train
2019-12-17,11.17,18.67,23,3.96,0.0,11.97,2.54,-1.61,1.63,24.93,21.9,60.6,1006.7,0.0,rocklea,2019,12,1,351,1446,0,0,0,1,,0,train
2019-12-18,10.0,18.33,23,4.26,0.0,7.2,2.0,-1.24,0.89,24.2,20.1,63.9,1009.2,0.0,rocklea,2019,12,2,352,1447,0,0,0,1,,0,train
2019-12-19,10.22,16.33,23,5.48,0.0,7.3,1.72,-0.75,-0.41,24.92,19.5,67.4,1007.8,0.0,rocklea,2019,12,3,353,1448,0,0,0,1,,0,train
2019-12-20,10.43,14.33,23,5.61,0.0,10.25,1.45,-0.83,-0.59,25.91,21.9,71.1,1007.0,0.0,rocklea,2019,12,4,354,1449,0,0,0,1,,0,train
2019-12-21,7.0,8.67,23,3.0,0.0,6.33,1.65,-0.92,-0.75,26.2,21.7,71.9,1005.9,0.0,rocklea,2019,12,5,355,1450,0,1,0,1,,0,train
2019-12-22,4.57,5.0,23,2.7,0.017,19.87,1.55,-1.31,-0.41,26.07,22.8,73.4,1005.4,0.0,rocklea,2019,12,6,356,1451,0,1,0,1,,0,train
2019-12-23,7.13,11.33,23,2.48,0.0,8.61,1.54,-1.01,0.44,25.91,23.0,82.6,1006.1,0.0,rocklea,2019,12,0,357,1452,0,0,0,1,,0,train
2019-12-24,5.17,10.33,23,2.74,0.0,10.4,1.87,-1.29,-1.12,26.25,22.0,78.9,1001.6,11.8,rocklea,2019,12,1,358,1453,0,0,0,1,,0,train
2019-12-25,4.22,7.0,23,1.74,0.0,6.04,1.66,-1.12,0.93,23.65,21.6,87.3,1003.2,1.7,rocklea,2019,12,2,359,1454,0,0,1,1,,0,train
2019-12-26,4.39,4.33,23,1.7,0.0,7.68,2.05,-1.31,1.34,24.6,21.4,76.0,1007.2,0.3,rocklea,2019,12,3,360,1455,0,0,1,1,,0,train
2019-12-27,5.78,11.0,23,3.48,0.0,4.0,1.99,-1.41,0.79,23.91,20.5,72.2,1008.6,0.2,rocklea,2019,12,4,361,1456,0,0,0,1,,0,train
2019-12-28,4.61,4.33,23,3.04,0.0,4.26,1.88,-1.47,0.68,24.88,21.4,67.7,1009.4,0.0,rocklea,2019,12,5,362,1457,0,1,0,1,,0,train
2019-12-29,4.52,5.67,23,4.14,0.0,4.81,1.74,-1.37,0.11,25.69,22.4,62.0,1009.0,0.0,rocklea,2019,12,6,363,1458,0,1,0,1,,0,train
2019-12-30,4.57,12.67,23,4.35,0.0,5.38,1.8,-1.51,0.08,25.65,22.3,68.2,1007.3,0.0,rocklea,2019,12,0,364,1459,0,0,0,1,,0,train
2019-12-31,4.83,7.0,23,2.39,0.0,5.98,1.78,-1.54,-0.45,25.61,22.5,75.5,1004.7,0.2,rocklea,2019,12,1,365,1460,0,0,0,1,,0,train
2020-01-01,3.3,2.33,23,2.91,0.0,7.17,1.92,-1.64,-0.83,26.65,23.6,70.6,1005.4,0.0,rocklea,2020,1,2,1,1461,0,0,1,1,,0,train
2020-01-02,4.91,7.0,23,2.48,0.0,5.36,1.71,-1.36,-0.52,26.65,23.0,72.8,1006.4,0.0,rocklea,2020,1,3,2,1462,0,0,0,1,,0,train
2020-01-03,6.39,12.0,23,2.87,0.0,7.4,1.62,-1.25,-0.5,26.65,22.6,71.4,1006.0,0.0,rocklea,2020,1,4,3,1463,0,0,0,1,,0,train
2020-01-04,5.65,6.67,23,3.7,0.0,6.44,1.83,-1.04,-0.74,26.59,21.8,69.1,1005.3,0.0,rocklea,2020,1,5,4,1464,0,1,0,1,,0,train
2020-01-05,3.65,4.0,23,2.74,0.0,5.63,1.85,-0.75,-1.15,26.82,22.9,69.0,1005.5,0.0,rocklea,2020,1,6,5,1465,0,1,0,1,,0,train
2020-01-06,6.25,11.0,20,2.7,0.015,5.59,1.84,-1.33,-0.34,26.69,23.7,73.3,1006.5,0.0,rocklea,2020,1,0,6,1466,0,0,0,1,,0,train
2020-01-07,7.87,15.67,23,2.48,0.083,8.18,1.64,-1.25,-0.43,27.27,24.7,73.0,1005.6,0.0,rocklea,2020,1,1,7,1467,0,0,0,1,,0,train
2020-01-08,9.22,17.0,23,4.35,0.157,14.82,1.59,-1.14,-0.7,27.56,23.6,68.7,1004.7,0.0,rocklea,2020,1,2,8,1468,0,0,0,1,,0,train
2020-01-09,8.35,15.67,23,3.91,0.209,18.54,1.61,-1.12,-0.57,27.61,24.1,67.7,1005.4,0.0,rocklea,2020,1,3,9,1469,0,0,0,1,,0,train
2020-01-10,6.6,14.0,20,2.52,0.17,17.58,1.98,-1.35,-1.13,27.98,25.1,70.3,1004.3,0.0,rocklea,2020,1,4,10,1470,0,0,0,1,,0,train
2020-01-11,6.78,5.0,23,3.04,0.139,16.07,1.58,-1.0,-0.91,27.06,23.8,76.3,1000.8,3.6,rocklea,2020,1,5,11,1471,0,1,0,1,,0,train
2020-01-12,6.7,9.33,23,2.65,0.135,13.84,2.71,-1.25,2.2,25.17,23.4,78.4,1002.1,0.0,rocklea,2020,1,6,12,1472,0,1,0,1,,0,train
2020-01-13,10.87,19.0,23,3.35,0.035,11.37,2.98,-1.36,2.41,25.18,22.9,66.9,1004.7,0.0,rocklea,2020,1,0,13,1473,0,0,0,1,,0,train
2020-01-14,12.52,20.67,23,5.17,0.035,7.53,2.35,-0.68,1.56,25.62,21.8,70.4,1003.7,0.0,rocklea,2020,1,1,14,1474,0,0,0,1,,0,train
2020-01-15,7.43,15.33,23,3.57,0.022,6.75,1.75,-1.36,0.16,25.7,22.8,84.2,1001.7,0.4,rocklea,2020,1,2,15,1475,0,0,0,1,,0,train
2020-01-16,12.65,13.33,23,,0.109,8.9,0.93,-0.34,-0.61,24.68,22.9,87.3,998.7,2.1,rocklea,2020,1,3,16,1476,0,0,0,1,,0,train
2020-01-17,8.65,17.67,23,,0.039,8.18,1.61,-1.34,-0.52,25.8,23.0,82.0,995.8,32.0,rocklea,2020,1,4,17,1477,0,0,0,1,,0,train
2020-01-18,8.13,10.0,23,1.39,0.035,3.9,1.43,-0.85,0.78,24.31,21.0,88.9,994.6,32.2,rocklea,2020,1,5,18,1478,0,1,0,1,,0,train
2020-01-19,7.26,7.67,23,2.43,0.087,6.16,1.36,-0.68,-0.62,26.75,22.8,81.7,995.4,12.1,rocklea,2020,1,6,19,1479,0,1,0,1,,0,train
2020-01-20,8.91,15.0,23,2.65,0.113,8.47,1.82,-1.29,-1.05,28.29,25.7,83.2,997.5,16.4,rocklea,2020,1,0,20,1480,0,0,0,1,,0,train
2020-01-21,13.3,25.33,23,,0.143,9.07,1.51,-0.7,-0.69,29.01,25.9,77.8,998.8,1.9,rocklea,2020,1,1,21,1481,0,0,0,1,,0,train
2020-01-22,10.61,22.67,23,5.65,0.13,8.15,1.69,-0.97,-1.1,29.2,25.0,75.5,1000.9,0.0,rocklea,2020,1,2,22,1482,0,0,0,1,,0,train
2020-01-23,6.3,7.67,23,3.65,0.091,6.84,1.99,-1.3,-1.46,28.21,26.7,85.1,1001.4,10.4,rocklea,2020,1,3,23,1483,0,0,0,1,,0,train
2020-01-24,6.61,11.0,23,3.7,0.087,7.08,1.88,-1.27,-1.31,28.9,25.9,79.4,1000.8,0.0,rocklea,2020,1,4,24,1484,0,0,0,1,,0,train
2020-01-25,4.13,4.67,23,2.96,0.07,6.04,1.72,-1.24,-1.08,27.98,26.4,80.6,1002.6,0.1,rocklea,2020,1,5,25,1485,0,1,0,1,,0,train
2020-01-26,3.22,2.67,23,1.78,0.009,5.34,1.94,-1.82,-0.59,27.41,25.0,80.0,1003.8,0.0,rocklea,2020,1,6,26,1486,0,1,0,1,,0,train
2020-01-27,3.48,3.67,23,1.52,0.009,6.25,1.64,-1.58,-0.36,27.48,24.2,73.1,1004.0,0.0,rocklea,2020,1,0,27,1487,0,0,1,1,,0,train
2020-01-28,6.3,12.67,23,3.48,0.035,5.4,1.65,-1.3,-0.78,27.55,23.6,81.6,1004.2,1.0,rocklea,2020,1,1,28,1488,0,0,0,0,,0,train
2020-01-29,7.39,12.67,23,4.13,0.065,6.02,1.55,-0.67,-0.87,29.1,25.7,74.8,1003.8,0.0,rocklea,2020,1,2,29,1489,0,0,0,0,,0,train
2020-01-30,6.87,9.33,23,3.04,0.017,5.24,1.64,-1.56,-0.32,28.42,25.5,75.0,1005.8,0.0,rocklea,2020,1,3,30,1490,0,0,0,0,,0,train
2020-01-31,8.43,17.67,23,5.24,0.052,4.96,1.6,-1.14,0.05,27.29,23.9,76.7,1007.3,0.0,rocklea,2020,1,4,31,1491,0,0,0,0,,0,train
2020-02-01,6.04,11.33,23,4.0,0.03,5.39,1.76,-1.05,-0.55,27.92,23.7,73.7,1006.5,0.0,rocklea,2020,2,5,32,1492,0,1,0,0,,0,train
2020-02-02,4.23,5.67,22,3.96,0.023,5.2,1.87,-0.78,-0.99,28.63,23.4,70.6,1002.1,0.0,rocklea,2020,2,6,33,1493,0,1,0,0,,0,train
2020-02-03,8.23,13.33,22,5.04,0.1,6.99,1.81,-1.05,-1.0,29.98,25.1,70.7,998.3,8.2,rocklea,2020,2,0,34,1494,0,0,0,0,,0,train
2020-02-04,11.3,20.0,23,5.35,0.113,8.8,3.15,-1.48,2.56,24.46,21.3,83.4,1004.2,0.1,rocklea,2020,2,1,35,1495,0,0,0,0,,0,train
2020-02-05,12.09,18.0,23,5.43,0.078,8.59,2.7,-0.97,2.29,23.17,20.9,79.0,1006.8,0.0,rocklea,2020,2,2,36,1496,0,0,0,0,,0,train
2020-02-06,15.22,20.0,23,8.35,0.143,4.25,1.6,0.47,1.23,21.64,20.2,94.7,1004.9,61.5,rocklea,2020,2,3,37,1497,0,0,0,0,,0,train
2020-02-07,8.22,15.67,23,2.65,0.052,5.35,1.48,-1.16,0.23,25.05,21.4,88.4,1003.7,1.6,rocklea,2020,2,4,38,1498,0,0,0,0,,0,train
2020-02-08,5.22,6.33,23,3.52,0.026,4.68,1.32,-0.9,0.43,25.32,23.0,91.3,999.9,14.1,rocklea,2020,2,5,39,1499,0,1,0,0,,0,train
2020-02-09,6.91,5.67,23,2.48,0.026,4.71,0.88,-0.52,-0.0,24.85,22.1,91.1,996.9,21.4,rocklea,2020,2,6,40,1500,0,1,0,0,,0,train
2020-02-10,12.09,23.33,23,3.87,0.087,5.17,1.16,-0.69,0.09,25.7,22.2,88.0,998.8,20.8,rocklea,2020,2,0,41,1501,0,0,0,0,,0,train
2020-02-11,14.09,17.67,23,6.04,0.113,5.65,0.92,-0.23,-0.0,25.9,22.5,87.4,998.0,1.2,rocklea,2020,2,1,42,1502,0,0,0,0,,0,train
2020-02-12,11.85,15.0,20,3.43,0.095,4.41,1.09,-0.76,0.28,24.16,22.4,94.2,996.7,12.5,rocklea,2020,2,2,43,1503,0,0,0,0,,0,train
2020-02-13,12.04,17.0,23,6.91,0.117,3.35,1.36,0.71,0.8,23.25,22.0,87.0,1003.5,34.7,rocklea,2020,2,3,44,1504,0,0,0,0,,0,train
2020-02-14,11.35,12.33,23,4.52,0.096,5.67,1.3,-0.18,-0.13,26.32,21.9,71.9,1003.5,0.0,rocklea,2020,2,4,45,1505,0,0,0,0,,0,train
2020-02-15,7.17,7.33,23,3.78,0.083,6.25,1.15,-0.53,-0.65,27.98,23.4,80.0,997.0,0.0,rocklea,2020,2,5,46,1506,0,1,0,0,,0,train
2020-02-16,5.57,7.67,23,3.43,0.104,5.98,1.32,-0.79,0.24,28.28,24.7,80.1,1000.8,0.0,rocklea,2020,2,6,47,1507,0,1,0,0,,0,train
2020-02-17,7.3,12.67,23,4.0,0.117,5.33,1.48,-1.1,0.45,28.05,24.1,78.2,1002.8,0.0,rocklea,2020,2,0,48,1508,0,0,0,0,,0,train
2020-02-18,8.87,17.67,23,5.04,0.126,5.09,1.39,-0.64,-0.31,28.22,23.4,76.7,1000.3,0.0,rocklea,2020,2,1,49,1509,0,0,0,0,,0,train
2020-02-19,9.83,15.67,23,6.39,0.13,5.35,1.38,-0.47,-0.86,29.17,25.6,77.1,996.2,0.2,rocklea,2020,2,2,50,1510,0,0,0,0,,0,train
2020-02-20,15.74,29.33,23,7.26,0.148,12.55,1.27,-0.4,0.38,28.04,24.2,70.7,998.1,0.0,rocklea,2020,2,3,51,1511,0,0,0,0,,0,train
2020-02-21,12.61,24.0,23,5.43,0.13,6.32,1.8,-1.29,0.67,26.85,23.6,73.3,1003.7,0.0,rocklea,2020,2,4,52,1512,0,0,0,0,,0,train
2020-02-22,5.96,8.67,23,3.57,0.03,5.8,2.65,-1.98,1.73,25.98,24.3,69.6,1008.7,0.0,rocklea,2020,2,5,53,1513,0,1,0,0,,0,train
2020-02-23,6.39,5.33,23,4.39,0.074,5.33,2.35,-0.79,2.0,23.78,21.2,85.3,1009.7,0.0,rocklea,2020,2,6,54,1514,0,1,0,0,,0,train
2020-02-24,11.09,14.0,23,6.13,0.117,4.88,1.81,0.01,1.28,23.73,20.9,90.7,1007.5,0.2,rocklea,2020,2,0,55,1515,0,0,0,0,,0,train
2020-02-25,11.61,18.67,23,6.04,0.104,5.08,1.8,-0.59,1.14,25.08,21.1,84.3,1004.6,0.3,rocklea,2020,2,1,56,1516,0,0,0,0,,0,train
2020-02-26,11.35,15.0,23,5.83,0.143,5.06,1.35,-0.35,-0.15,26.96,22.4,81.2,999.8,0.0,rocklea,2020,2,2,57,1517,0,0,0,0,,0,train
2020-02-27,14.91,15.67,23,6.61,0.161,5.02,1.0,-0.62,0.1,26.34,23.4,86.7,997.8,10.0,rocklea,2020,2,3,58,1518,0,0,0,0,,0,train
2020-02-28,14.87,19.67,23,7.09,0.139,6.66,1.31,-0.14,0.48,26.99,21.9,78.7,998.5,0.0,rocklea,2020,2,4,59,1519,0,0,0,0,,0,train
2020-02-29,9.26,11.33,23,4.3,0.061,5.77,1.83,-0.5,1.35,26.44,23.0,75.8,1003.0,0.0,rocklea,2020,2,5,60,1520,0,1,0,0,,0,train
2020-03-01,7.0,6.67,23,4.61,0.065,6.48,1.39,-0.45,0.19,26.59,21.6,74.8,1003.6,0.0,rocklea,2020,3,6,61,1521,0,1,0,0,,0,train
2020-03-02,12.83,15.0,23,6.91,0.126,6.08,1.27,-0.25,-0.32,27.95,22.2,72.9,1002.7,0.0,rocklea,2020,3,0,62,1522,0,0,0,0,,0,train
2020-03-03,12.78,19.0,23,3.65,0.083,5.74,1.5,-0.96,0.19,28.13,23.0,74.6,1004.2,0.0,rocklea,2020,3,1,63,1523,0,0,0,0,,0,train
2020-03-04,8.09,17.0,23,1.43,0.035,5.75,2.08,-1.77,0.56,26.81,23.4,78.6,1004.9,0.4,rocklea,2020,3,2,64,1524,0,0,0,0,,0,train
2020-03-05,10.0,20.67,23,,0.074,6.18,1.7,-1.35,-0.95,27.46,24.1,74.8,1001.9,0.1,rocklea,2020,3,3,65,1525,0,0,0,0,,0,train
2020-03-06,13.87,17.0,23,4.43,0.152,6.18,1.14,-0.38,-0.72,27.76,25.7,80.9,1000.2,5.2,rocklea,2020,3,4,66,1526,0,0,0,0,,0,train
2020-03-07,9.57,10.0,23,3.22,0.07,5.4,2.71,-1.13,2.24,26.98,24.4,78.6,1002.8,0.0,rocklea,2020,3,5,67,1527,0,1,0,0,,0,train
2020-03-08,4.83,8.0,23,1.35,0.009,6.8,3.11,-1.53,2.52,25.33,23.2,67.4,1005.4,0.0,rocklea,2020,3,6,68,1528,0,1,0,0,,0,train
2020-03-09,13.48,23.0,23,5.43,0.096,5.32,1.83,-0.63,1.48,21.48,19.7,91.8,1005.4,18.6,rocklea,2020,3,0,69,1529,0,0,0,0,,0,train
2020-03-10,14.22,24.67,23,4.7,0.126,4.21,1.93,-0.2,1.68,21.25,18.9,91.8,1006.0,0.4,rocklea,2020,3,1,70,1530,0,0,0,0,,0,train
2020-03-11,12.52,20.0,23,3.74,0.065,5.0,2.85,-0.72,2.3,23.23,19.5,70.9,1008.0,0.0,rocklea,2020,3,2,71,1531,0,0,0,0,,0,train
2020-03-12,12.96,18.67,23,5.7,0.091,4.12,2.61,0.13,2.15,21.05,18.9,84.4,1008.8,0.6,rocklea,2020,3,3,72,1532,0,0,0,0,,0,train
2020-03-13,13.17,19.67,23,4.78,0.117,5.5,2.17,-0.45,1.49,22.27,17.7,76.9,1005.1,0.0,rocklea,2020,3,4,73,1533,0,0,0,0,,0,train
2020-03-14,9.35,9.33,23,3.22,0.043,4.49,2.61,-0.25,1.81,23.05,18.3,68.0,1000.1,0.0,rocklea,2020,3,5,74,1534,0,1,0,0,,0,train
2020-03-15,6.04,4.33,23,2.04,0.0,3.41,2.6,1.01,2.25,23.1,19.2,67.7,1002.1,0.0,rocklea,2020,3,6,75,1535,0,1,0,0,,0,train
2020-03-16,11.81,18.33,21,4.13,0.11,6.43,2.58,0.05,2.22,22.8,19.0,63.0,1007.8,0.0,rocklea,2020,3,0,76,1536,0,0,0,0,,0,train
2020-03-17,11.65,17.0,23,4.39,0.148,5.42,2.62,0.17,2.0,22.57,18.3,66.7,1011.8,0.0,rocklea,2020,3,1,77,1537,0,0,0,0,,0,train
2020-03-18,12.04,16.67,23,4.13,0.13,5.84,2.22,-0.14,1.35,22.84,17.9,68.2,1013.1,0.0,rocklea,2020,3,2,78,1538,0,0,0,0,,0,train
2020-03-19,12.83,17.33,23,4.91,0.165,5.53,1.22,-0.16,0.17,23.24,17.7,71.5,1012.5,0.0,rocklea,2020,3,3,79,1539,0,0,0,0,,0,train
2020-03-20,13.87,20.33,23,7.74,0.17,5.51,1.25,-0.14,-0.22,24.1,18.3,74.1,1009.5,0.0,rocklea,2020,3,4,80,1540,0,0,0,0,,0,train
2020-03-21,8.3,11.0,23,4.73,0.13,7.42,1.4,-0.17,0.51,25.93,19.4,73.0,1008.0,0.0,rocklea,2020,3,5,81,1541,0,1,0,0,,0,train
2020-03-22,6.78,8.0,23,3.39,0.087,8.95,1.36,-0.25,-0.2,26.58,22.3,74.9,1008.0,0.0,rocklea,2020,3,6,82,1542,0,1,0,0,,0,train
2020-03-23,11.7,17.67,23,4.96,0.13,8.14,2.48,-1.25,1.62,24.8,22.2,80.6,1009.1,0.0,rocklea,2020,3,0,83,1543,0,0,0,0,covid_lockdown_2020,0,unused
2020-03-24,12.04,16.33,23,3.22,0.057,6.5,1.85,-1.09,1.36,23.25,21.7,78.7,1011.2,0.0,rocklea,2020,3,1,84,1544,0,0,0,0,covid_lockdown_2020,0,unused
2020-03-25,12.35,19.33,23,3.57,0.096,4.92,1.13,-0.69,0.11,23.35,20.1,80.3,1010.0,1.0,rocklea,2020,3,2,85,1545,0,0,0,0,covid_lockdown_2020,0,unused
2020-03-26,12.09,21.67,23,5.22,0.117,5.32,1.39,-0.61,0.48,23.85,18.4,73.8,1009.5,0.0,rocklea,2020,3,3,86,1546,0,0,0,0,covid_lockdown_2020,0,unused
2020-03-27,13.17,17.67,23,5.04,0.117,4.93,1.98,-0.02,1.79,22.39,20.1,77.9,1010.5,1.0,rocklea,2020,3,4,87,1547,0,0,0,0,covid_lockdown_2020,0,unused
2020-03-28,5.83,7.0,23,2.48,0.043,5.07,1.74,-0.42,0.92,23.26,19.2,75.6,1009.0,0.0,rocklea,2020,3,5,88,1548,0,1,0,0,covid_lockdown_2020,0,unused
2020-03-29,6.57,5.67,23,2.22,0.07,4.08,1.11,-0.13,0.52,23.39,19.7,82.8,1008.2,5.0,rocklea,2020,3,6,89,1549,0,1,0,0,covid_lockdown_2020,0,unused
2020-03-30,10.05,16.0,22,5.0,0.109,4.56,1.15,-0.09,-0.32,24.68,19.7,77.2,1006.3,0.0,rocklea,2020,3,0,90,1550,0,0,0,0,covid_lockdown_2020,0,unused
2020-03-31,11.87,20.33,23,5.43,0.104,5.54,1.03,-0.25,0.02,25.75,21.7,77.8,1005.3,0.0,rocklea,2020,3,1,91,1551,0,0,0,0,covid_lockdown_2020,0,unused
2020-04-01,13.17,21.0,23,5.06,0.091,5.52,1.59,-0.6,0.95,24.88,20.5,62.0,1003.1,0.0,rocklea,2020,4,2,92,1552,0,0,0,0,covid_lockdown_2020,0,unused
2020-04-02,11.04,20.33,23,4.83,0.083,5.55,1.3,-0.52,0.22,24.72,20.5,63.6,1006.8,0.0,rocklea,2020,4,3,93,1553,0,0,0,0,covid_lockdown_2020,0,unused
2020-04-03,8.65,13.33,23,5.7,0.083,4.19,1.45,-0.54,-0.54,25.35,21.1,66.6,1008.6,0.0,rocklea,2020,4,4,94,1554,0,0,0,0,covid_lockdown_2020,0,unused
2020-04-04,8.74,7.33,23,3.91,0.091,4.81,1.11,0.33,-0.47,26.41,23.2,70.8,1009.2,0.4,rocklea,2020,4,5,95,1555,0,1,0,1,covid_lockdown_2020,0,unused
2020-04-05,6.61,7.0,23,3.7,0.048,10.08,1.18,0.03,0.65,24.1,20.3,72.6,1009.0,0.0,rocklea,2020,4,6,96,1556,0,1,0,1,covid_lockdown_2020,0,unused
2020-04-06,13.48,20.67,23,5.96,0.096,6.72,1.29,0.09,0.53,22.94,17.9,80.5,1010.6,0.0,rocklea,2020,4,0,97,1557,0,0,0,1,covid_lockdown_2020,0,unused
2020-04-07,12.65,18.33,23,4.04,0.052,4.79,1.92,0.19,1.5,23.58,19.4,69.3,1011.5,0.0,rocklea,2020,4,1,98,1558,0,0,0,1,covid_lockdown_2020,0,unused
2020-04-08,11.0,18.0,23,3.35,0.039,4.0,2.27,-0.71,1.6,23.07,20.2,71.7,1010.5,0.0,rocklea,2020,4,2,99,1559,0,0,0,1,covid_lockdown_2020,0,unused
2020-04-09,12.81,21.33,21,4.43,0.076,4.6,2.04,-0.68,1.55,22.72,20.7,76.7,1005.5,0.0,rocklea,2020,4,3,100,1560,0,0,0,1,covid_lockdown_2020,0,unused
2020-04-10,2.48,3.0,23,2.57,0.0,3.55,1.32,-0.19,-0.16,22.43,19.2,58.6,1001.1,0.0,rocklea,2020,4,4,101,1561,0,0,1,1,covid_lockdown_2020,0,unused
2020-04-11,6.52,4.33,23,3.65,0.052,4.37,1.66,1.42,-0.06,25.56,20.1,48.5,1005.0,0.0,rocklea,2020,4,5,102,1562,0,1,1,1,covid_lockdown_2020,0,unused
2020-04-12,4.09,10.67,23,1.96,0.061,5.13,1.81,-0.57,0.98,22.75,18.8,70.0,1008.0,0.0,rocklea,2020,4,6,103,1563,0,1,1,1,covid_lockdown_2020,0,unused
2020-04-13,4.17,4.0,23,2.35,0.07,6.43,1.22,-0.08,0.26,21.18,15.3,74.1,1009.2,0.0,rocklea,2020,4,0,104,1564,0,0,1,1,covid_lockdown_2020,0,unused
2020-04-14,12.22,18.0,23,4.48,0.113,6.42,1.35,-0.07,0.44,21.99,16.9,73.8,1009.0,0.0,rocklea,2020,4,1,105,1565,0,0,0,1,covid_lockdown_2020,0,unused
2020-04-15,13.26,20.0,23,6.17,0.104,5.68,1.25,-0.05,0.47,21.93,17.1,74.1,1008.7,0.0,rocklea,2020,4,2,106,1566,0,0,0,1,covid_lockdown_2020,0,unused
2020-04-16,9.87,14.67,23,7.7,0.07,4.82,1.21,-0.08,-0.36,22.88,17.3,73.4,1009.2,0.0,rocklea,2020,4,3,107,1567,0,0,0,1,covid_lockdown_2020,0,unused
2020-04-17,13.35,19.67,23,4.87,0.126,5.52,1.0,0.02,-0.06,25.48,18.6,74.4,1010.8,0.0,rocklea,2020,4,4,108,1568,0,0,0,1,covid_lockdown_2020,0,unused
2020-04-18,16.52,17.33,23,9.17,0.17,8.08,0.88,0.69,0.43,22.99,18.9,72.4,1012.8,0.0,rocklea,2020,4,5,109,1569,0,1,0,1,covid_lockdown_2020,0,unused
2020-04-19,11.39,5.67,23,5.87,0.117,7.75,0.95,0.45,0.23,20.67,17.2,72.1,1014.3,0.3,rocklea,2020,4,6,110,1570,0,1,0,1,covid_lockdown_2020,0,unused
2020-04-20,21.83,20.0,23,8.39,0.191,7.31,1.08,0.65,0.36,21.82,15.0,71.7,1014.5,0.0,rocklea,2020,4,0,111,1571,0,0,0,0,covid_lockdown_2020,0,unused
2020-04-21,18.61,23.0,23,7.43,0.148,6.25,1.06,0.01,0.01,22.42,16.2,74.4,1013.4,0.0,rocklea,2020,4,1,112,1572,0,0,0,0,covid_lockdown_2020,0,unused
2020-04-22,17.87,25.0,23,8.09,0.157,10.55,1.09,0.17,0.3,24.36,19.3,76.8,1012.5,0.0,rocklea,2020,4,2,113,1573,0,0,0,0,covid_lockdown_2020,0,unused
2020-04-23,17.52,21.67,23,6.76,0.143,7.46,1.08,-0.04,0.24,22.63,18.1,74.6,1011.1,0.0,rocklea,2020,4,3,114,1574,0,0,0,0,covid_lockdown_2020,0,unused
2020-04-24,16.83,20.0,23,8.0,0.161,9.25,1.05,0.04,-0.07,22.95,17.7,77.8,1009.7,0.0,rocklea,2020,4,4,115,1575,0,0,0,0,covid_lockdown_2020,0,unused
2020-04-25,8.26,10.0,23,2.91,0.078,8.3,1.28,-0.29,0.36,22.68,17.6,76.6,1006.7,0.0,rocklea,2020,4,5,116,1576,0,1,1,0,covid_lockdown_2020,0,unused
2020-04-26,6.3,9.67,23,3.61,0.048,7.17,1.25,-0.17,-0.11,22.43,16.8,87.9,1001.4,0.0,rocklea,2020,4,6,117,1577,0,1,0,0,covid_lockdown_2020,0,unused
2020-04-27,13.65,20.67,23,7.52,0.078,6.39,1.21,-0.1,0.39,22.79,17.7,61.6,1002.9,0.0,rocklea,2020,4,0,118,1578,0,0,0,0,covid_lockdown_2020,0,unused
2020-04-28,13.0,21.33,23,5.83,0.057,4.6,1.66,-0.32,0.95,22.06,19.7,63.2,1005.5,0.0,rocklea,2020,4,1,119,1579,0,0,0,0,covid_lockdown_2020,0,unused
2020-04-29,13.57,17.67,23,5.87,0.1,4.69,1.18,-0.28,0.07,22.53,18.5,65.2,1007.8,0.0,rocklea,2020,4,2,120,1580,0,0,0,0,covid_lockdown_2020,0,unused
2020-04-30,10.96,17.0,23,8.26,0.083,7.65,1.79,0.51,-0.23,22.48,17.6,71.9,1008.9,0.0,rocklea,2020,4,3,121,1581,0,0,0,0,covid_lockdown_2020,0,unused
2020-05-01,9.3,12.67,23,6.22,0.087,4.98,2.97,2.84,0.49,18.4,15.6,48.8,1004.8,0.0,rocklea,2020,5,4,122,1582,0,0,0,0,covid_lockdown_2020,0,unused
2020-05-02,6.7,4.33,23,4.35,0.096,4.92,2.52,2.37,0.48,18.05,12.2,49.9,1004.3,0.0,rocklea,2020,5,5,123,1583,0,1,0,0,covid_lockdown_2020,0,unused
2020-05-03,6.52,2.33,23,2.65,0.109,3.85,2.19,1.42,0.99,19.16,14.7,47.4,1006.8,0.0,rocklea,2020,5,6,124,1584,0,1,0,0,covid_lockdown_2020,0,unused
2020-05-04,5.65,5.67,23,3.65,0.061,5.89,1.97,0.45,1.34,18.53,12.5,58.9,1012.5,0.0,rocklea,2020,5,0,125,1585,0,0,1,0,covid_lockdown_2020,0,unused
2020-05-05,14.55,16.67,22,6.65,0.109,6.83,2.38,0.53,1.7,18.68,14.0,67.3,1015.7,0.0,rocklea,2020,5,1,126,1586,0,0,0,0,covid_lockdown_2020,0,unused
2020-05-06,14.35,17.67,23,6.65,0.083,6.75,2.05,-0.01,1.34,19.7,16.1,75.6,1016.8,0.0,rocklea,2020,5,2,127,1587,0,0,0,0,covid_lockdown_2020,0,unused
2020-05-07,16.83,20.67,23,6.35,0.239,7.24,1.02,0.04,0.38,19.67,15.6,80.2,1014.3,0.0,rocklea,2020,5,3,128,1588,0,0,0,0,covid_lockdown_2020,0,unused
2020-05-08,18.39,23.33,23,,0.209,7.7,1.06,0.02,-0.04,20.3,15.4,80.2,1012.1,0.0,rocklea,2020,5,4,129,1589,0,0,0,0,covid_lockdown_2020,0,unused
2020-05-09,9.57,16.67,23,,0.087,6.53,1.24,-0.2,-0.35,21.23,15.5,77.7,1009.2,0.0,rocklea,2020,5,5,130,1590,0,1,0,0,covid_lockdown_2020,0,unused
2020-05-10,10.3,6.0,23,,0.091,5.43,1.36,1.1,0.67,21.7,17.9,75.7,1008.1,0.0,rocklea,2020,5,6,131,1591,0,1,0,0,covid_lockdown_2020,0,unused
2020-05-11,14.74,20.33,23,,0.083,5.1,1.89,0.85,1.4,19.04,15.4,61.3,1012.5,0.0,rocklea,2020,5,0,132,1592,0,0,0,0,covid_lockdown_2020,0,unused
2020-05-12,14.83,19.33,23,,0.091,6.37,1.85,0.61,1.22,18.16,12.9,61.4,1022.0,0.0,rocklea,2020,5,1,133,1593,0,0,0,0,covid_lockdown_2020,0,unused
2020-05-13,15.91,19.67,23,,0.13,6.26,1.18,-0.03,0.45,19.55,16.1,64.7,1020.8,0.0,rocklea,2020,5,2,134,1594,0,0,0,0,covid_lockdown_2020,0,unused
2020-05-14,18.96,23.0,23,,0.165,8.27,1.11,0.44,0.62,19.35,15.8,70.9,1020.3,0.2,rocklea,2020,5,3,135,1595,0,0,0,0,covid_lockdown_2020,0,unused
2020-05-15,15.78,19.67,23,,0.135,5.52,1.58,0.89,1.24,18.93,14.2,61.2,1021.5,0.0,rocklea,2020,5,4,136,1596,0,0,0,0,covid_lockdown_2020,0,unused
2020-05-16,6.87,7.33,23,,0.009,3.19,2.47,0.32,1.96,19.45,15.2,61.6,1022.5,0.0,rocklea,2020,5,5,137,1597,0,1,0,0,covid_lockdown_2020,0,unused
2020-05-17,5.57,4.33,23,,0.013,3.68,2.09,-0.02,1.5,19.41,15.5,65.7,1023.3,0.0,rocklea,2020,5,6,138,1598,0,1,0,0,covid_lockdown_2020,0,unused
2020-05-18,13.61,21.67,23,,0.048,4.61,2.31,-0.47,1.74,19.78,16.2,63.8,1025.1,0.1,rocklea,2020,5,0,139,1599,0,0,0,0,covid_lockdown_2020,0,unused
2020-05-19,15.78,23.67,23,6.74,0.07,5.99,1.56,-0.41,0.91,19.37,14.9,75.7,1016.3,0.1,rocklea,2020,5,1,140,1600,0,0,0,0,covid_lockdown_2020,0,unused
2020-05-20,17.13,18.33,23,9.65,0.126,6.45,1.13,0.42,0.57,19.17,16.5,85.8,1011.9,0.0,rocklea,2020,5,2,141,1601,0,0,0,0,covid_lockdown_2020,0,unused
2020-05-21,15.22,15.67,23,12.26,0.13,6.4,1.03,0.8,0.11,19.32,17.3,87.4,1005.4,1.4,rocklea,2020,5,3,142,1602,0,0,0,0,covid_lockdown_2020,0,unused
2020-05-22,8.57,13.67,23,6.18,0.065,3.34,2.83,2.79,0.15,15.94,12.9,56.4,1003.4,0.0,rocklea,2020,5,4,143,1603,0,0,0,0,covid_lockdown_2020,0,unused
2020-05-23,6.48,7.67,23,4.87,0.078,3.5,2.76,2.71,0.32,13.61,12.1,60.2,1001.9,0.0,rocklea,2020,5,5,144,1604,0,1,0,0,covid_lockdown_2020,0,unused
2020-05-24,4.35,4.67,23,3.35,0.057,3.45,2.54,2.48,0.36,15.49,11.6,56.5,1001.8,0.0,rocklea,2020,5,6,145,1605,0,1,0,0,covid_lockdown_2020,0,unused
2020-05-25,17.96,23.0,23,11.0,0.209,6.31,1.31,0.98,0.55,18.09,13.4,61.5,1005.7,0.0,rocklea,2020,5,0,146,1606,0,0,0,0,covid_lockdown_2020,0,unused
2020-05-26,22.61,27.0,23,12.48,0.261,7.13,1.09,0.78,0.42,18.45,13.5,53.8,1008.7,0.0,rocklea,2020,5,1,147,1607,0,0,0,0,covid_lockdown_2020,0,unused
2020-05-27,23.43,26.0,23,12.3,0.209,6.72,0.81,0.2,0.07,18.98,14.2,62.2,1010.2,0.0,rocklea,2020,5,2,148,1608,0,0,0,0,covid_lockdown_2020,0,unused
2020-05-28,27.57,26.33,23,11.35,0.322,9.19,0.87,0.5,0.23,19.36,15.8,76.0,1010.6,0.0,rocklea,2020,5,3,149,1609,0,0,0,0,covid_lockdown_2020,0,unused
2020-05-29,19.68,24.67,22,8.3,0.177,8.64,1.9,-0.09,1.4,19.43,15.7,70.0,1012.9,0.0,rocklea,2020,5,4,150,1610,0,0,0,0,covid_lockdown_2020,0,unused
2020-05-30,8.57,6.67,23,3.91,0.07,6.03,1.82,0.24,1.07,18.8,14.2,69.5,1014.7,0.0,rocklea,2020,5,5,151,1611,0,1,0,0,covid_lockdown_2020,0,unused
2020-05-31,8.61,4.33,23,3.83,0.109,5.5,1.05,0.33,0.26,18.25,15.5,79.6,1012.5,0.0,rocklea,2020,5,6,152,1612,0,1,0,0,covid_lockdown_2020,0,unused
2020-06-01,14.57,21.0,23,8.26,0.148,6.01,1.05,0.05,-0.26,19.0,14.8,80.5,1007.7,0.0,rocklea,2020,6,0,153,1613,1,0,0,0,,0,train
2020-06-02,9.3,14.33,23,7.0,0.096,3.33,3.0,2.94,0.35,17.32,14.2,42.2,1008.9,0.0,rocklea,2020,6,1,154,1614,1,0,0,0,,0,train
2020-06-03,16.83,21.67,23,7.43,0.183,5.15,1.6,1.15,0.6,15.88,11.4,48.5,1012.7,0.0,rocklea,2020,6,2,155,1615,1,0,0,0,,0,train
2020-06-04,20.3,22.67,23,11.26,0.213,7.24,1.8,0.47,1.33,16.18,10.9,59.6,1018.2,0.0,rocklea,2020,6,3,156,1616,1,0,0,0,,0,train
2020-06-05,18.26,25.33,23,6.48,0.152,,1.39,0.24,0.82,17.45,13.0,66.4,1017.5,0.0,rocklea,2020,6,4,157,1617,1,0,0,0,,0,train
2020-06-06,15.52,14.0,23,6.74,0.278,,1.04,0.44,0.33,16.81,11.0,70.5,1014.2,0.0,rocklea,2020,6,5,158,1618,1,1,0,0,,0,train
2020-06-07,13.26,12.67,23,4.3,0.187,,1.05,0.28,0.39,16.56,11.6,76.9,1012.2,0.0,rocklea,2020,6,6,159,1619,1,1,0,0,,0,train
2020-06-08,17.61,22.33,23,8.96,0.191,,1.45,0.38,1.0,16.9,12.9,73.1,1014.3,0.0,rocklea,2020,6,0,160,1620,1,0,0,0,,0,train
2020-06-09,15.65,24.0,23,8.74,0.126,7.42,1.9,0.5,1.32,16.72,11.6,72.8,1017.0,0.0,rocklea,2020,6,1,161,1621,1,0,0,0,,0,train
2020-06-10,15.35,18.33,23,,0.13,5.62,1.45,0.79,0.75,18.13,15.5,84.9,1022.1,2.0,rocklea,2020,6,2,162,1622,1,0,0,0,,0,train
2020-06-11,13.78,19.0,23,,0.087,5.1,1.1,0.36,0.54,19.79,15.9,77.7,1018.7,0.0,rocklea,2020,6,3,163,1623,1,0,0,0,,0,train
2020-06-12,17.3,19.0,23,,0.174,6.2,1.02,0.38,0.49,19.46,14.6,73.6,1019.1,0.0,rocklea,2020,6,4,164,1624,1,0,0,0,,0,train
2020-06-13,12.17,14.67,23,,0.117,8.12,1.08,-0.07,0.17,19.16,13.9,82.8,1012.5,0.2,rocklea,2020,6,5,165,1625,1,1,0,0,,0,train
2020-06-14,11.78,4.0,23,,0.096,5.75,0.79,-0.08,-0.43,20.72,19.2,90.3,1010.2,3.3,rocklea,2020,6,6,166,1626,1,1,0,0,,0,train
2020-06-15,15.43,21.0,23,,0.1,5.44,1.01,0.34,0.56,19.99,16.1,79.8,1012.5,0.0,rocklea,2020,6,0,167,1627,1,0,0,0,,0,train
2020-06-16,16.91,19.0,23,5.78,0.126,6.34,1.55,0.41,0.89,18.69,15.0,79.2,1014.2,0.0,rocklea,2020,6,1,168,1628,1,0,0,0,,0,train
2020-06-17,17.57,18.33,23,9.26,0.117,7.2,1.6,-0.16,1.07,18.19,13.8,74.5,1018.5,0.0,rocklea,2020,6,2,169,1629,1,0,0,0,,0,train
2020-06-18,15.22,24.0,23,7.13,0.061,5.65,1.9,0.03,1.41,18.28,15.9,77.6,1021.0,0.1,rocklea,2020,6,3,170,1630,1,0,0,0,,0,train
2020-06-19,17.17,22.0,23,9.17,0.143,5.93,1.8,0.21,1.26,16.84,13.8,79.2,1019.4,0.0,rocklea,2020,6,4,171,1631,1,0,0,0,,0,train
2020-06-20,13.35,12.33,23,6.74,0.17,7.29,1.11,0.69,0.74,15.96,13.7,86.7,1015.3,0.0,rocklea,2020,6,5,172,1632,1,1,0,0,,0,train
2020-06-21,7.3,7.33,23,4.17,0.013,5.12,1.08,0.01,0.07,17.7,14.6,81.7,1007.8,0.9,rocklea,2020,6,6,173,1633,1,1,0,0,,0,train
2020-06-22,16.22,26.67,23,8.74,0.104,4.39,1.33,1.24,0.02,17.21,14.3,62.4,1005.1,0.0,rocklea,2020,6,0,174,1634,1,0,0,0,,0,train
2020-06-23,10.96,17.33,23,9.09,0.061,3.49,2.5,2.38,0.35,15.82,12.3,52.6,1006.5,0.0,rocklea,2020,6,1,175,1635,1,0,0,0,,0,train
2020-06-24,11.52,21.0,23,8.91,0.078,2.93,2.41,2.26,0.67,15.38,11.8,53.8,1007.9,0.0,rocklea,2020,6,2,176,1636,1,0,0,0,,0,train
2020-06-25,20.35,24.0,23,11.57,0.248,5.5,1.21,0.91,0.53,15.43,10.4,63.8,1009.6,0.0,rocklea,2020,6,3,177,1637,1,0,0,0,,0,train
2020-06-26,17.22,19.67,23,8.96,0.126,6.41,1.2,0.27,0.59,15.95,10.6,67.1,1012.0,0.0,rocklea,2020,6,4,178,1638,1,0,0,0,,0,train
2020-06-27,9.35,11.67,23,6.0,0.048,6.88,1.56,0.52,1.12,16.85,11.1,68.0,1014.4,0.0,rocklea,2020,6,5,179,1639,1,1,0,1,,0,train
2020-06-28,9.61,4.33,23,4.74,0.052,5.35,1.45,0.59,1.1,16.19,14.7,82.4,1015.2,0.0,rocklea,2020,6,6,180,1640,1,1,0,1,,0,train
2020-06-29,14.52,18.0,23,6.43,0.078,6.08,1.64,0.23,1.16,16.38,11.6,70.5,1015.0,0.0,rocklea,2020,6,0,181,1641,1,0,0,1,,0,train
2020-06-30,18.05,23.33,21,6.96,0.133,5.99,1.18,0.1,0.51,16.26,11.2,74.8,1014.8,0.0,rocklea,2020,6,1,182,1642,1,0,0,1,,0,train
2020-07-01,23.87,28.67,23,9.7,0.304,8.03,1.03,0.26,0.04,16.29,11.9,77.2,1013.7,0.0,rocklea,2020,7,2,183,1643,1,0,0,1,,0,train
2020-07-02,21.04,25.67,23,12.09,0.191,8.33,1.13,0.16,-0.03,16.98,12.0,80.1,1013.5,0.0,rocklea,2020,7,3,184,1644,1,0,0,1,,0,train
2020-07-03,23.22,24.0,23,12.17,0.265,11.12,0.91,0.21,-0.03,17.93,12.4,77.2,1012.8,0.0,rocklea,2020,7,4,185,1645,1,0,0,1,,0,train
2020-07-04,9.91,15.33,23,4.83,0.161,4.95,2.37,2.25,0.51,16.81,12.7,46.2,1010.6,0.0,rocklea,2020,7,5,186,1646,1,1,0,1,,0,train
2020-07-05,16.22,11.67,23,4.35,0.322,5.91,1.15,0.71,0.65,14.06,8.4,53.9,1012.9,0.0,rocklea,2020,7,6,187,1647,1,1,0,1,,0,train
2020-07-06,23.65,26.67,23,9.74,0.352,9.22,1.19,0.72,0.5,15.11,9.2,57.2,1016.2,0.0,rocklea,2020,7,0,188,1648,1,0,0,1,,0,train
2020-07-07,21.26,26.33,23,9.43,0.255,9.53,1.4,0.43,0.76,15.61,8.9,63.8,1017.1,0.0,rocklea,2020,7,1,189,1649,1,0,0,1,,0,train
2020-07-08,17.3,24.0,23,5.39,0.178,6.33,1.96,0.38,1.44,17.07,11.8,67.5,1017.4,0.1,rocklea,2020,7,2,190,1650,1,0,0,1,,0,train
2020-07-09,21.52,29.33,23,6.35,0.17,4.07,1.24,0.19,0.81,16.45,14.7,87.1,1018.6,1.9,rocklea,2020,7,3,191,1651,1,0,0,1,,0,train
2020-07-10,20.91,22.33,23,6.65,0.27,7.09,1.13,0.32,0.32,17.66,14.1,81.0,1016.4,0.0,rocklea,2020,7,4,192,1652,1,0,0,1,,0,train
2020-07-11,15.78,16.67,23,7.74,0.217,8.31,1.08,-0.02,-0.18,18.38,14.4,82.4,1010.6,0.1,rocklea,2020,7,5,193,1653,1,1,0,1,,0,train
2020-07-12,15.35,15.33,23,7.43,0.191,7.2,0.94,0.75,0.42,17.63,14.8,82.7,1007.3,0.7,rocklea,2020,7,6,194,1654,1,1,0,1,,0,train
2020-07-13,15.0,20.67,23,9.64,0.174,4.9,1.86,1.71,0.54,16.68,12.7,64.0,1008.0,0.0,rocklea,2020,7,0,195,1655,1,0,0,0,,0,train
2020-07-14,8.96,15.0,23,5.22,0.13,2.72,3.39,3.36,0.24,13.75,11.2,57.3,1007.4,0.0,rocklea,2020,7,1,196,1656,1,0,0,0,,0,train
2020-07-15,14.78,24.33,23,9.22,0.183,3.67,2.31,2.25,0.4,16.08,11.6,54.7,1006.2,0.0,rocklea,2020,7,2,197,1657,1,0,0,0,,0,train
2020-07-16,15.43,25.67,23,10.39,0.204,2.59,2.2,2.07,0.61,16.17,11.9,49.7,1005.4,0.0,rocklea,2020,7,3,198,1658,1,0,0,0,,0,train
2020-07-17,24.65,31.33,23,9.65,0.37,5.98,1.29,0.77,0.47,16.1,10.0,61.0,1007.1,0.0,rocklea,2020,7,4,199,1659,1,0,0,0,,0,train
2020-07-18,18.09,15.33,23,7.91,0.309,9.43,1.25,0.68,0.61,16.62,11.3,66.3,1009.6,0.0,rocklea,2020,7,5,200,1660,1,1,0,0,,0,train
2020-07-19,17.22,10.67,23,5.7,0.257,8.04,1.22,0.52,0.43,16.91,10.6,69.5,1009.4,0.0,rocklea,2020,7,6,201,1661,1,1,0,0,,0,train
2020-07-20,23.17,28.33,23,9.22,0.261,7.43,1.12,0.47,0.57,17.47,10.5,62.1,1008.9,0.0,rocklea,2020,7,0,202,1662,1,0,0,0,,0,train
2020-07-21,21.52,27.0,23,8.7,0.191,9.42,1.7,0.04,1.12,16.68,12.9,59.4,1013.8,0.0,rocklea,2020,7,1,203,1663,1,0,0,0,,0,train
2020-07-22,22.04,31.33,23,12.91,0.196,7.15,1.71,0.43,1.22,16.24,13.8,64.4,1015.6,0.0,rocklea,2020,7,2,204,1664,1,0,0,0,,0,train
2020-07-23,20.0,27.0,23,14.78,0.265,6.74,1.52,1.28,0.8,15.15,13.4,77.9,1013.9,0.2,rocklea,2020,7,3,205,1665,1,0,0,0,,0,train
2020-07-24,19.65,26.0,23,9.78,0.191,4.92,1.65,0.2,1.34,16.35,14.3,87.4,1013.7,2.0,rocklea,2020,7,4,206,1666,1,0,0,0,,0,train
2020-07-25,13.09,14.67,23,4.91,0.126,4.74,1.44,0.94,0.93,16.78,15.1,91.0,1010.8,6.3,rocklea,2020,7,5,207,1667,1,1,0,0,,0,train
2020-07-26,6.17,4.67,23,2.96,0.057,2.72,2.25,2.13,0.25,17.99,16.1,80.9,1002.6,1.1,rocklea,2020,7,6,208,1668,1,1,0,0,,0,train
2020-07-27,12.26,15.67,23,5.22,0.122,3.59,2.83,2.78,-0.37,16.68,14.0,59.7,1002.0,0.0,rocklea,2020,7,0,209,1669,1,0,0,0,,0,train
2020-07-28,15.2,22.67,20,7.48,0.175,4.21,2.23,2.12,0.14,16.82,13.3,50.5,1003.8,0.0,rocklea,2020,7,1,210,1670,1,0,0,0,,0,train
2020-07-29,23.78,27.0,23,10.3,0.274,6.49,1.32,0.98,0.53,16.51,10.2,67.9,1006.2,0.0,rocklea,2020,7,2,211,1671,1,0,0,0,,0,train
2020-07-30,23.3,28.33,23,9.17,0.217,6.35,1.68,0.6,1.11,17.34,11.8,65.7,1010.6,0.0,rocklea,2020,7,3,212,1672,1,0,0,0,,0,train
2020-07-31,21.3,32.0,23,7.57,0.187,7.81,1.88,0.42,1.49,16.83,11.7,63.1,1014.5,0.0,rocklea,2020,7,4,213,1673,1,0,0,0,,0,train
2020-08-01,13.39,13.0,23,3.39,0.139,5.13,1.59,0.51,0.92,16.91,12.3,69.5,1015.4,0.0,rocklea,2020,8,5,214,1674,1,1,0,0,,0,train
2020-08-02,15.39,14.0,23,3.91,0.257,8.23,1.01,0.32,0.34,16.68,10.9,72.8,1014.8,0.0,rocklea,2020,8,6,215,1675,1,1,0,0,,0,train
2020-08-03,21.52,26.67,23,8.61,0.226,6.49,1.16,0.39,0.19,16.99,12.3,74.7,1011.0,0.0,rocklea,2020,8,0,216,1676,1,0,0,0,,0,train
2020-08-04,23.91,32.0,23,13.35,0.243,8.41,1.13,0.5,-0.25,18.21,14.3,66.7,1006.8,0.0,rocklea,2020,8,1,217,1677,1,0,0,0,,0,train
2020-08-05,28.0,26.67,23,12.65,0.343,22.32,0.91,-0.06,-0.1,17.98,11.4,69.8,1005.5,0.0,rocklea,2020,8,2,218,1678,1,0,0,0,,0,train
2020-08-06,26.83,31.0,23,9.74,0.322,20.57,1.2,-0.04,0.22,18.05,10.9,60.1,1008.1,0.0,rocklea,2020,8,3,219,1679,1,0,0,0,,0,train
2020-08-07,18.57,25.0,23,4.48,0.152,6.04,1.31,-0.84,0.04,18.61,17.3,82.9,1007.7,5.7,rocklea,2020,8,4,220,1680,1,0,0,0,,0,train
2020-08-08,11.04,12.0,23,4.61,0.113,5.37,1.92,1.77,0.54,19.12,15.3,70.0,1004.7,0.0,rocklea,2020,8,5,221,1681,1,1,0,0,,0,train
2020-08-09,10.3,11.67,23,3.87,0.148,2.32,2.17,1.92,0.34,15.35,11.0,52.3,1004.2,0.0,rocklea,2020,8,6,222,1682,1,1,0,0,,0,train
2020-08-10,10.65,17.0,23,5.87,0.109,2.85,2.81,2.78,0.07,15.09,13.0,55.7,1003.5,0.0,rocklea,2020,8,0,223,1683,1,0,0,0,,0,train
2020-08-11,16.83,25.33,23,5.0,0.139,5.3,1.39,0.21,0.32,17.27,11.9,66.0,1008.4,0.0,rocklea,2020,8,1,224,1684,1,0,0,0,,0,train
2020-08-12,18.52,27.33,23,8.0,0.157,6.99,1.33,-0.34,-0.4,17.72,13.0,75.7,1009.2,0.0,rocklea,2020,8,2,225,1685,1,0,0,0,,0,train
2020-08-13,20.17,26.0,23,8.0,0.213,8.25,1.0,-0.33,-0.22,19.1,14.0,78.4,1006.9,0.0,rocklea,2020,8,3,226,1686,1,0,0,0,,0,train
2020-08-14,9.48,14.33,23,5.04,0.083,9.8,1.6,-0.74,-0.52,19.82,16.2,83.5,1005.9,0.0,rocklea,2020,8,4,227,1687,1,0,1,0,,0,train
2020-08-15,13.39,18.0,23,4.43,0.13,4.98,1.49,1.17,-0.15,19.53,16.6,74.3,1003.0,2.7,rocklea,2020,8,5,228,1688,1,1,0,0,,0,train
2020-08-16,9.61,8.33,23,3.87,0.122,2.36,2.18,2.07,0.41,17.7,13.5,55.6,1002.8,0.0,rocklea,2020,8,6,229,1689,1,1,0,0,,0,train
2020-08-17,17.13,21.0,23,7.78,0.174,2.2,1.88,1.82,0.02,17.58,13.4,46.9,1002.6,0.0,rocklea,2020,8,0,230,1690,1,0,0,0,,0,train
2020-08-18,21.7,34.33,23,8.39,0.204,3.77,1.03,-0.11,-0.33,17.64,11.0,56.5,1000.5,0.0,rocklea,2020,8,1,231,1691,1,0,0,0,,0,train
2020-08-19,24.22,26.0,23,8.17,0.261,5.73,1.87,1.72,-0.11,20.91,13.9,43.9,995.4,0.0,rocklea,2020,8,2,232,1692,1,0,0,0,,0,train
2020-08-20,14.96,26.67,23,9.22,0.183,15.59,3.03,2.94,0.42,19.96,16.5,31.1,999.6,0.0,rocklea,2020,8,3,233,1693,1,0,0,0,,0,train
2020-08-21,21.3,34.33,23,8.3,0.291,9.63,2.05,1.85,0.28,18.72,13.4,40.7,1003.5,0.0,rocklea,2020,8,4,234,1694,1,0,0,0,,0,train
2020-08-22,8.17,8.33,23,3.7,0.17,13.57,3.42,3.35,0.13,18.83,14.7,34.3,1002.5,0.0,rocklea,2020,8,5,235,1695,1,1,0,0,,0,train
2020-08-23,8.22,6.0,23,2.52,0.178,4.44,2.78,2.74,0.3,16.09,12.1,30.6,1005.9,0.0,rocklea,2020,8,6,236,1696,1,1,0,0,,0,train
2020-08-24,18.74,25.0,23,7.26,0.243,4.74,1.64,1.12,0.52,16.33,11.3,41.9,1010.9,0.0,rocklea,2020,8,0,237,1697,1,0,0,0,,0,train
2020-08-25,25.3,30.33,23,9.91,0.278,8.32,1.1,0.27,0.06,16.06,9.3,55.7,1015.0,0.0,rocklea,2020,8,1,238,1698,1,0,0,0,,0,train
2020-08-26,25.48,30.67,23,8.39,0.213,7.86,1.38,-0.35,0.59,15.86,10.1,67.9,1017.4,0.0,rocklea,2020,8,2,239,1699,1,0,0,0,,0,train
2020-08-27,22.65,30.67,23,7.65,0.226,8.65,1.16,-0.22,0.04,16.97,11.5,68.5,1016.9,0.0,rocklea,2020,8,3,240,1700,1,0,0,0,,0,train
2020-08-28,26.04,28.0,23,9.35,0.261,9.0,1.54,0.78,0.62,18.34,11.1,57.7,1015.4,0.0,rocklea,2020,8,4,241,1701,1,0,0,0,,0,train
2020-08-29,13.43,13.67,23,3.22,0.139,9.7,1.69,-0.56,0.94,17.98,13.0,62.2,1019.2,0.0,rocklea,2020,8,5,242,1702,1,1,0,0,,0,train
2020-08-30,11.83,12.0,23,2.61,0.183,9.11,1.43,-0.25,0.31,17.88,13.8,72.7,1017.0,0.0,rocklea,2020,8,6,243,1703,1,1,0,0,,0,train
2020-08-31,19.09,26.0,23,8.57,0.209,7.79,1.25,0.33,0.12,18.86,11.8,67.4,1011.4,0.0,rocklea,2020,8,0,244,1704,1,0,0,0,,0,train
2020-09-01,19.91,25.0,23,6.35,0.143,11.35,1.52,-0.4,0.56,19.28,13.7,72.2,1011.4,0.0,rocklea,2020,9,1,245,1705,1,0,0,0,,0,train
2020-09-02,19.26,30.33,23,6.39,0.148,9.24,1.42,-0.61,-0.28,19.92,15.7,73.9,1014.9,0.0,rocklea,2020,9,2,246,1706,1,0,0,0,,0,train
2020-09-03,19.0,29.67,23,6.43,0.222,10.45,1.26,-0.26,-0.53,20.17,15.4,72.7,1014.5,0.0,rocklea,2020,9,3,247,1707,1,0,0,0,,0,train
2020-09-04,16.57,31.67,21,4.61,0.252,8.48,1.45,-0.75,-0.94,21.18,17.9,68.2,1012.5,0.0,rocklea,2020,9,4,248,1708,1,0,0,0,,0,train
2020-09-05,9.09,15.33,23,4.3,0.157,7.15,1.58,-0.84,-0.77,20.82,15.3,72.4,1009.8,0.0,rocklea,2020,9,5,249,1709,1,1,0,0,,0,train
2020-09-06,9.17,8.33,23,2.04,0.148,8.22,2.02,-0.8,1.48,19.82,17.2,75.0,1014.7,0.8,rocklea,2020,9,6,250,1710,1,1,0,0,,0,train
2020-09-07,14.7,25.33,23,2.43,0.157,8.32,2.82,-1.55,2.17,20.22,17.4,64.9,1019.8,0.0,rocklea,2020,9,0,251,1711,1,0,0,0,,0,train
2020-09-08,19.13,27.33,23,4.96,0.213,7.58,1.7,-0.5,0.77,19.15,14.7,70.0,1019.5,0.0,rocklea,2020,9,1,252,1712,1,0,0,0,,0,train
2020-09-09,18.26,25.0,23,6.4,0.257,5.7,1.41,-0.31,0.07,19.14,14.9,68.3,1014.8,0.0,rocklea,2020,9,2,253,1713,1,0,0,0,,0,train
2020-09-10,21.96,25.67,23,8.91,0.278,4.48,1.72,0.57,1.34,17.18,15.0,76.2,1012.1,0.4,rocklea,2020,9,3,254,1714,1,0,0,0,,0,train
2020-09-11,17.2,26.33,20,3.43,0.225,7.0,3.05,-1.21,2.5,18.64,15.5,64.5,1015.5,0.1,rocklea,2020,9,4,255,1715,1,0,0,0,,0,train
2020-09-12,12.04,12.0,23,2.48,0.048,6.2,2.13,-0.58,1.43,18.39,13.3,64.5,1017.2,0.0,rocklea,2020,9,5,256,1716,1,1,0,0,,0,train
2020-09-13,9.52,7.67,23,2.48,0.017,6.15,1.5,-0.28,0.28,18.74,14.0,74.3,1016.0,0.0,rocklea,2020,9,6,257,1717,1,1,0,0,,0,train
2020-09-14,18.17,28.67,23,5.91,0.026,6.75,1.22,-0.13,0.09,20.58,14.8,71.6,1015.0,0.0,rocklea,2020,9,0,258,1718,1,0,0,0,,0,train
2020-09-15,20.04,27.0,23,5.13,0.017,6.53,1.71,-0.61,0.78,20.35,15.8,71.2,1017.1,0.0,rocklea,2020,9,1,259,1719,1,0,0,0,,0,train
2020-09-16,17.52,27.0,23,5.83,0.017,5.38,1.53,-0.35,0.03,20.01,15.1,72.2,1016.6,0.0,rocklea,2020,9,2,260,1720,1,0,0,0,,0,train
2020-09-17,17.35,23.67,23,6.26,0.013,5.15,1.41,-0.2,-0.06,20.56,14.8,73.0,1015.8,0.0,rocklea,2020,9,3,261,1721,1,0,0,0,,0,train
2020-09-18,18.39,26.0,23,3.91,0.013,7.5,1.89,-0.87,0.87,20.65,16.7,75.9,1017.2,0.3,rocklea,2020,9,4,262,1722,1,0,0,0,,0,train
2020-09-19,10.43,16.0,23,1.43,0.0,6.05,1.73,-1.33,0.4,20.89,17.2,73.2,1015.4,1.3,rocklea,2020,9,5,263,1723,1,1,0,1,,0,train
2020-09-20,7.39,10.0,23,2.52,0.0,4.84,1.35,-0.71,-0.31,22.12,17.8,75.7,1009.7,0.0,rocklea,2020,9,6,264,1724,1,1,0,1,,0,train
2020-09-21,7.48,18.33,23,3.09,0.009,6.45,1.95,-1.17,-1.29,23.36,18.6,77.6,1007.4,0.0,rocklea,2020,9,0,265,1725,1,0,0,1,,0,train
2020-09-22,9.13,15.33,23,2.61,0.004,8.88,1.72,-1.17,-1.07,24.48,21.3,79.3,1006.1,0.0,rocklea,2020,9,1,266,1726,1,0,0,1,,0,train
2020-09-23,22.22,29.0,23,8.57,0.039,6.92,1.18,0.27,-0.12,24.95,21.6,70.1,1005.1,0.0,rocklea,2020,9,2,267,1727,1,0,0,1,,0,train
2020-09-24,18.13,28.0,23,7.48,0.0,4.99,1.49,0.16,0.04,23.64,19.9,49.0,1005.7,0.0,rocklea,2020,9,3,268,1728,1,0,0,1,,0,train
2020-09-25,14.91,31.67,23,7.59,0.0,7.18,1.82,-0.81,-0.93,22.29,15.2,70.9,1002.6,2.4,rocklea,2020,9,4,269,1729,1,0,0,1,,0,train
2020-09-26,8.96,6.33,23,4.35,0.0,4.96,2.83,2.68,0.31,20.13,15.9,31.6,1005.5,0.0,rocklea,2020,9,5,270,1730,1,1,0,1,,0,train
2020-09-27,9.0,8.67,23,3.26,0.0,3.42,1.68,0.16,0.71,18.14,11.1,34.8,1011.8,0.0,rocklea,2020,9,6,271,1731,1,1,0,1,,0,train
2020-09-28,18.61,23.33,23,4.0,0.0,6.45,1.89,-0.48,1.06,17.87,12.6,59.5,1014.9,0.0,rocklea,2020,9,0,272,1732,1,0,0,1,,0,train
2020-09-29,20.7,26.33,23,4.35,0.013,7.17,1.82,-0.54,0.82,18.5,14.4,56.7,1014.8,0.0,rocklea,2020,9,1,273,1733,1,0,0,1,,0,train
2020-09-30,15.17,28.0,23,6.3,0.0,5.55,1.59,-0.54,-0.4,19.08,12.9,64.1,1011.8,0.0,rocklea,2020,9,2,274,1734,1,0,0,1,,0,train
2020-10-01,12.7,25.67,23,5.74,0.009,5.1,1.68,-0.6,-0.9,21.52,15.3,66.8,1009.9,0.0,rocklea,2020,10,3,275,1735,1,0,0,1,,0,train
2020-10-02,15.87,21.0,23,5.57,0.0,8.18,1.7,-0.78,0.49,22.6,16.5,67.9,1013.8,0.0,rocklea,2020,10,4,276,1736,1,0,0,1,,0,train
2020-10-03,11.0,13.33,23,1.65,0.0,7.36,1.89,-0.99,0.79,21.88,17.2,65.4,1016.9,0.0,rocklea,2020,10,5,277,1737,1,1,0,1,,0,train
2020-10-04,7.83,10.33,23,2.39,0.0,5.75,1.74,-1.02,-0.11,21.16,15.8,62.8,1015.5,0.0,rocklea,2020,10,6,278,1738,1,1,0,1,,0,train
2020-10-05,8.13,7.33,23,2.83,0.0,6.37,1.55,-0.69,-0.28,21.88,17.0,65.4,1012.8,0.0,rocklea,2020,10,0,279,1739,1,0,1,1,,0,train
2020-10-06,16.91,20.67,23,4.78,0.0,7.22,1.38,-0.46,-0.1,21.75,16.7,68.1,1011.2,0.0,rocklea,2020,10,1,280,1740,1,0,0,0,,0,train
2020-10-07,15.57,26.0,23,4.7,0.013,7.37,1.68,-0.73,-0.33,21.7,16.7,64.0,1010.7,0.0,rocklea,2020,10,2,281,1741,1,0,0,0,,0,train
2020-10-08,14.96,27.0,23,5.77,0.013,6.03,1.63,-0.86,-0.86,21.98,16.8,65.0,1007.9,0.0,rocklea,2020,10,3,282,1742,1,0,0,0,,0,train
2020-10-09,14.96,27.0,23,5.9,0.035,7.42,1.52,-0.79,-0.85,23.44,18.5,68.3,1005.6,0.0,rocklea,2020,10,4,283,1743,1,0,0,0,,0,train
2020-10-10,14.0,15.67,23,,0.0,7.39,1.82,-0.96,0.68,22.32,16.7,68.0,1009.5,0.0,rocklea,2020,10,5,284,1744,1,1,0,0,,0,train
2020-10-11,7.52,9.0,23,,0.0,5.6,1.82,-0.88,0.08,22.01,17.1,63.7,1011.8,0.0,rocklea,2020,10,6,285,1745,1,1,0,0,,0,train
2020-10-12,18.3,28.67,23,,0.03,6.92,1.62,-0.79,0.5,21.92,18.2,63.5,1012.7,0.0,rocklea,2020,10,0,286,1746,1,0,0,0,,0,train
2020-10-13,22.13,23.0,23,4.71,0.035,8.09,2.06,-0.78,1.34,21.69,17.1,58.3,1012.8,0.0,rocklea,2020,10,1,287,1747,1,0,0,0,,0,train
2020-10-14,20.48,25.0,23,5.04,0.083,6.62,2.02,-0.51,1.35,19.8,16.2,67.8,1013.5,0.5,rocklea,2020,10,2,288,1748,1,0,0,0,,0,train
2020-10-15,17.86,23.67,21,4.3,0.041,6.98,1.62,-0.66,0.46,21.08,15.5,63.2,1011.2,0.0,rocklea,2020,10,3,289,1749,1,0,0,0,,0,train
2020-10-16,15.91,19.67,23,7.17,0.0,5.5,1.51,-0.45,-0.44,22.29,15.7,65.0,1008.6,0.0,rocklea,2020,10,4,290,1750,1,0,0,0,,0,train
2020-10-17,9.61,12.0,23,3.3,0.0,6.25,1.85,-0.74,-0.68,22.5,17.6,67.9,1008.3,0.0,rocklea,2020,10,5,291,1751,1,1,0,0,,0,train
2020-10-18,4.39,5.33,23,1.74,0.0,9.28,1.92,-0.93,-1.28,23.36,18.9,66.7,1004.8,0.0,rocklea,2020,10,6,292,1752,1,1,0,0,,0,train
2020-10-19,16.13,20.33,23,4.43,0.0,3.74,1.86,0.89,0.74,22.99,17.8,62.2,1003.6,1.3,rocklea,2020,10,0,293,1753,1,0,0,0,,0,train
2020-10-20,17.61,22.33,23,2.74,0.0,7.09,2.22,-1.13,1.41,22.25,18.7,58.6,1007.1,0.0,rocklea,2020,10,1,294,1754,1,0,0,0,,0,train
2020-10-21,16.35,19.67,23,4.13,0.004,5.8,1.28,-0.29,-0.15,21.75,17.2,61.9,1007.4,0.6,rocklea,2020,10,2,295,1755,1,0,0,0,,0,train
2020-10-22,16.91,24.0,23,7.0,0.0,4.87,1.08,-0.2,-0.3,21.82,18.9,72.4,1006.4,4.2,rocklea,2020,10,3,296,1756,1,0,0,0,,0,train
2020-10-23,12.87,24.67,23,2.0,0.004,4.81,1.58,-1.02,-1.15,23.84,20.9,69.0,1005.7,0.0,rocklea,2020,10,4,297,1757,1,0,0,0,,0,train
2020-10-24,11.87,12.0,23,3.48,0.061,23.42,1.35,-0.7,-0.91,22.61,20.4,81.2,1003.2,15.3,rocklea,2020,10,5,298,1758,1,1,0,0,,0,train
2020-10-25,8.26,4.67,23,,0.0,6.87,1.2,-0.65,-0.57,22.92,20.0,78.0,1008.2,12.7,rocklea,2020,10,6,299,1759,1,1,0,0,,0,train
2020-10-26,15.91,26.33,23,5.05,0.009,4.8,1.37,-0.1,0.31,23.54,19.7,78.8,1002.7,1.1,rocklea,2020,10,0,300,1760,1,0,0,0,,0,train
2020-10-27,19.87,20.0,23,2.26,0.004,6.24,1.82,-0.98,1.25,21.37,18.6,81.1,1006.2,42.3,rocklea,2020,10,1,301,1761,1,0,0,0,,0,train
2020-10-28,17.74,19.67,19,4.7,0.039,4.98,1.3,-0.13,-0.04,21.69,18.0,80.7,1006.1,7.5,rocklea,2020,10,2,302,1762,1,0,0,0,,0,train
2020-10-29,18.78,24.33,23,5.74,0.065,6.23,1.14,-0.26,-0.29,23.08,18.0,75.3,1001.4,1.4,rocklea,2020,10,3,303,1763,1,0,0,0,,0,train
2020-10-30,14.09,23.0,23,4.61,0.022,8.38,1.82,-0.77,-0.73,24.46,17.6,65.8,1001.3,0.0,rocklea,2020,10,4,304,1764,1,0,0,0,,0,train
2020-10-31,7.13,6.33,23,1.74,0.004,7.88,1.82,-1.12,-1.27,24.47,20.0,75.1,1001.1,7.2,rocklea,2020,10,5,305,1765,1,1,0,0,,0,train
2020-11-01,9.35,7.33,23,3.22,0.0,5.15,1.85,0.92,0.69,24.89,17.8,57.3,1005.8,0.0,rocklea,2020,11,6,306,1766,1,1,0,0,,0,train
2020-11-02,15.96,23.0,23,3.52,0.004,6.9,2.17,-0.88,1.42,23.4,19.4,61.7,1011.9,0.0,rocklea,2020,11,0,307,1767,1,0,0,0,,0,train
2020-11-03,14.22,18.33,23,3.57,0.0,8.22,1.8,-0.68,1.17,22.27,18.3,59.8,1012.4,0.0,rocklea,2020,11,1,308,1768,1,0,0,0,,0,train
2020-11-04,11.13,18.0,23,3.91,0.0,6.34,1.72,-0.39,-0.1,22.34,17.2,61.9,1007.6,0.0,rocklea,2020,11,2,309,1769,1,0,0,0,,0,train
2020-11-05,14.09,20.0,23,6.13,0.022,10.08,1.6,-0.65,-0.29,24.73,18.8,68.3,1000.5,3.5,rocklea,2020,11,3,310,1770,1,0,0,0,,0,train
2020-11-06,13.52,20.33,23,3.83,0.0,6.64,1.8,-0.68,0.48,22.68,18.5,54.1,1004.9,0.0,rocklea,2020,11,4,311,1771,1,0,0,0,,0,train
2020-11-07,7.0,10.33,23,2.96,0.0,8.48,1.81,-1.11,0.42,22.68,18.8,60.7,1010.0,0.0,rocklea,2020,11,5,312,1772,1,1,0,0,,0,train
2020-11-08,7.17,4.0,23,1.61,0.0,6.25,2.82,-1.54,2.26,20.74,17.5,62.1,1015.0,0.0,rocklea,2020,11,6,313,1773,1,1,0,0,,0,train
2020-11-09,14.48,18.0,23,3.09,0.0,6.95,2.1,-0.95,1.11,20.61,16.5,61.7,1014.8,0.0,rocklea,2020,11,0,314,1774,1,0,0,0,,0,train
2020-11-10,13.96,16.33,23,3.61,0.004,5.69,1.65,-0.86,0.52,21.4,16.2,62.8,1012.7,0.0,rocklea,2020,11,1,315,1775,1,0,0,0,,0,train
2020-11-11,10.22,15.67,23,4.09,0.013,4.08,1.67,-0.74,-0.28,22.18,16.3,63.8,1010.0,0.0,rocklea,2020,11,2,316,1776,1,0,0,0,,0,train
2020-11-12,10.09,19.0,23,4.91,0.013,3.92,1.78,-0.82,-0.86,23.38,19.4,64.8,1006.9,0.0,rocklea,2020,11,3,317,1777,1,0,0,0,,0,train
2020-11-13,9.22,16.33,23,4.39,0.035,8.04,1.78,-0.61,-1.15,24.05,20.8,66.5,1003.1,4.5,rocklea,2020,11,4,318,1778,1,0,0,0,,0,train
2020-11-14,7.91,9.67,23,3.52,0.057,16.65,1.48,-1.11,-0.64,25.96,20.5,70.0,1001.7,0.0,rocklea,2020,11,5,319,1779,1,1,0,0,,0,train
2020-11-15,7.17,8.0,23,3.13,0.117,25.14,1.68,-0.99,0.05,25.78,21.2,76.4,1006.4,0.0,rocklea,2020,11,6,320,1780,1,1,0,0,,0,train
2020-11-16,6.77,13.33,22,2.13,0.059,17.65,1.99,-1.43,-0.93,26.62,23.3,74.5,1007.6,0.3,rocklea,2020,11,0,321,1781,1,0,0,0,,0,train
2020-11-17,12.26,19.0,23,4.35,0.07,13.45,1.88,-1.24,0.07,26.08,23.1,70.5,1006.8,0.1,rocklea,2020,11,1,322,1782,1,0,0,0,,0,train
2020-11-18,12.96,18.33,23,2.65,0.009,12.22,2.98,-1.54,2.29,24.41,21.5,60.7,1011.8,0.0,rocklea,2020,11,2,323,1783,1,0,0,0,,0,train
2020-11-19,12.61,17.67,23,2.95,0.026,9.33,2.15,-1.42,1.0,23.79,20.7,61.1,1012.9,0.0,rocklea,2020,11,3,324,1784,1,0,0,0,,0,train
2020-11-20,11.48,17.0,23,4.17,0.048,7.79,1.72,-1.01,-0.18,24.19,18.6,63.9,1012.0,0.0,rocklea,2020,11,4,325,1785,1,0,0,0,,0,train
2020-11-21,7.52,8.0,23,3.7,0.026,6.26,1.66,-0.87,-0.31,24.96,19.7,65.2,1011.3,0.0,rocklea,2020,11,5,326,1786,1,1,0,0,,0,train
2020-11-22,5.91,6.33,23,3.3,0.03,5.44,1.65,-0.82,-0.79,25.15,20.3,65.6,1009.2,0.0,rocklea,2020,11,6,327,1787,1,1,0,0,,0,train
2020-11-23,7.96,14.0,23,4.62,0.083,13.11,1.98,-0.97,-1.05,25.8,20.9,67.1,1002.7,0.0,rocklea,2020,11,0,328,1788,1,0,0,0,,0,train
2020-11-24,14.22,22.0,23,4.3,0.117,23.34,2.43,-1.85,0.99,26.16,23.1,64.7,999.2,0.0,rocklea,2020,11,1,329,1789,1,0,0,0,,0,train
2020-11-25,12.83,16.67,23,2.26,0.043,8.57,2.36,-1.68,1.46,24.08,22.0,63.2,1003.2,0.0,rocklea,2020,11,2,330,1790,1,0,0,0,,0,train
2020-11-26,10.74,14.67,23,4.09,0.109,6.25,1.72,-1.13,-0.26,25.01,20.8,65.2,1005.0,0.0,rocklea,2020,11,3,331,1791,1,0,0,0,,0,train
2020-11-27,11.96,14.33,23,3.22,0.139,5.18,1.65,-1.23,-0.17,24.91,20.9,65.6,1008.2,0.0,rocklea,2020,11,4,332,1792,1,0,0,0,,0,train
2020-11-28,7.48,9.0,23,3.48,0.117,5.1,1.91,-1.09,-0.85,24.86,19.1,64.8,1007.0,0.0,rocklea,2020,11,5,333,1793,1,1,0,0,,0,train
2020-11-29,4.57,4.0,23,2.43,0.165,16.46,1.91,-1.14,-1.22,26.28,21.0,65.5,1002.7,0.0,rocklea,2020,11,6,334,1794,1,1,0,0,,0,train
2020-11-30,10.13,12.67,23,1.83,0.109,12.28,2.59,-2.29,0.85,26.41,22.7,68.8,1004.2,0.0,rocklea,2020,11,0,335,1795,1,0,0,0,,0,train
2020-12-01,8.96,14.33,23,3.35,0.183,10.13,1.96,-1.37,-0.41,27.31,23.6,68.8,1005.8,0.0,rocklea,2020,12,1,336,1796,1,0,0,0,,0,train
2020-12-02,7.65,14.0,23,2.43,0.174,11.02,2.14,-1.74,-1.08,27.77,24.4,69.6,1007.0,0.0,rocklea,2020,12,2,337,1797,1,0,0,0,,0,train
2020-12-03,8.38,8.67,21,1.74,0.133,6.71,1.91,-1.7,-0.76,27.4,25.0,74.1,1010.2,0.0,rocklea,2020,12,3,338,1798,1,0,0,0,,0,train
2020-12-04,10.04,16.0,23,4.09,0.196,6.82,1.75,-0.98,-0.9,27.96,24.2,69.1,1006.0,0.0,rocklea,2020,12,4,339,1799,1,0,0,0,,0,train
2020-12-05,5.35,9.0,23,2.57,0.191,15.94,2.05,-1.54,-1.29,27.61,23.8,70.0,1002.8,0.0,rocklea,2020,12,5,340,1800,1,1,0,0,,0,train
2020-12-06,3.7,3.33,23,1.78,0.109,9.03,2.07,-1.52,-1.27,28.48,24.1,69.0,999.0,0.2,rocklea,2020,12,6,341,1801,1,1,0,0,,0,train
2020-12-07,18.61,28.33,23,7.65,0.257,16.23,1.33,-0.41,-0.78,27.93,24.0,76.9,999.8,7.3,rocklea,2020,12,0,342,1802,1,0,0,0,,0,train
2020-12-08,17.43,25.0,23,8.3,0.17,8.91,1.82,0.62,0.38,26.53,22.7,65.6,1002.2,0.0,rocklea,2020,12,1,343,1803,1,0,0,0,,0,train
2020-12-09,9.7,15.33,23,3.57,0.091,9.39,2.1,-1.61,0.08,24.41,20.7,61.8,1008.8,0.0,rocklea,2020,12,2,344,1804,1,0,0,0,,0,train
2020-12-10,10.35,20.33,23,4.61,0.126,7.64,1.87,-1.15,-0.76,25.42,22.0,63.8,1009.1,0.0,rocklea,2020,12,3,345,1805,1,0,0,0,,0,train
2020-12-11,13.43,14.67,23,7.23,0.157,6.25,2.3,-0.57,1.51,22.73,19.3,74.3,1010.9,0.9,rocklea,2020,12,4,346,1806,1,0,0,0,,0,train
2020-12-12,9.17,10.33,23,3.39,0.161,3.85,2.06,0.53,1.85,20.14,17.5,83.8,1009.9,11.1,rocklea,2020,12,5,347,1807,1,1,0,1,,0,train
2020-12-13,6.22,6.0,23,1.7,0.13,4.31,2.82,0.24,2.62,19.89,19.1,89.2,1005.0,28.0,rocklea,2020,12,6,348,1808,1,1,0,1,,0,train
2020-12-14,9.33,11.67,18,2.14,0.172,7.03,3.28,-1.72,2.49,22.33,21.1,89.9,999.0,9.5,rocklea,2020,12,0,349,1809,1,0,0,1,,0,train
2020-12-15,11.87,16.67,23,2.96,0.165,5.69,1.27,-0.48,-0.28,25.6,21.6,79.6,1001.3,1.5,rocklea,2020,12,1,350,1810,1,0,0,1,,0,train
2020-12-16,7.78,14.33,23,2.04,0.148,8.23,2.24,-1.51,0.1,25.92,23.4,84.4,1001.8,1.7,rocklea,2020,12,2,351,1811,1,0,0,1,,0,train
2020-12-17,6.26,13.67,23,2.09,0.109,12.8,1.91,-1.26,-1.37,25.9,23.8,84.3,1001.3,0.4,rocklea,2020,12,3,352,1812,1,0,0,1,,0,train
2020-12-18,6.61,12.33,23,1.43,0.096,10.7,1.85,-1.24,-1.27,27.27,23.7,77.9,1002.0,0.0,rocklea,2020,12,4,353,1813,1,0,0,1,,0,train
2020-12-19,4.04,3.33,23,1.17,0.083,9.19,2.03,-1.56,-1.26,27.4,25.0,76.8,1003.4,0.0,rocklea,2020,12,5,354,1814,1,1,0,1,,0,train
2020-12-20,3.74,3.33,23,1.26,0.091,7.28,1.8,-1.14,-1.1,27.32,24.5,74.4,1002.4,2.6,rocklea,2020,12,6,355,1815,1,1,0,1,,0,train
2020-12-21,5.52,9.33,23,2.04,0.083,6.44,1.82,-1.18,-1.28,27.53,24.5,73.9,1000.4,0.0,rocklea,2020,12,0,356,1816,1,0,0,1,,0,train
2020-12-22,10.0,11.33,23,3.43,0.13,6.37,1.58,-0.26,-0.66,27.49,24.1,74.0,998.8,0.5,rocklea,2020,12,1,357,1817,1,0,0,1,,0,train
2020-12-23,11.0,16.0,21,3.13,0.076,6.75,2.31,-0.14,1.1,26.81,22.9,55.9,1002.9,0.0,rocklea,2020,12,2,358,1818,1,0,0,1,,0,train
2020-12-24,7.3,15.67,23,2.09,0.022,6.94,1.8,-0.86,0.88,24.45,21.0,62.3,1006.3,0.0,rocklea,2020,12,3,359,1819,1,0,0,1,,0,train
2020-12-25,2.83,4.0,23,1.17,0.017,6.96,1.62,-0.89,0.55,24.83,21.8,66.2,1006.5,0.0,rocklea,2020,12,4,360,1820,1,0,1,1,,0,train
2020-12-26,3.13,4.0,23,1.57,0.026,5.36,1.89,-1.3,0.89,24.55,20.7,65.1,1008.2,0.0,rocklea,2020,12,5,361,1821,1,1,1,1,,0,train
2020-12-27,3.57,2.33,23,1.52,0.052,5.55,1.78,-1.03,-0.32,24.97,19.5,67.2,1006.4,0.0,rocklea,2020,12,6,362,1822,1,1,0,1,,0,train
2020-12-28,2.61,2.67,23,2.35,0.039,5.9,1.81,-0.77,-1.0,26.34,21.5,65.5,1003.3,0.0,rocklea,2020,12,0,363,1823,1,0,1,1,,0,train
2020-12-29,4.57,11.0,23,2.61,0.083,7.15,1.62,-0.98,-0.69,26.71,23.3,71.2,1003.5,0.0,rocklea,2020,12,1,364,1824,1,0,0,1,,0,train
2020-12-30,7.35,5.67,23,2.0,0.104,6.05,1.59,-1.27,0.31,24.7,22.6,84.0,1004.8,0.8,rocklea,2020,12,2,365,1825,1,0,0,1,,0,train
2020-12-31,7.48,11.33,23,2.0,0.122,5.44,2.56,-1.24,1.91,25.16,21.2,75.1,1004.8,3.7,rocklea,2020,12,3,366,1826,1,0,0,1,,0,train
2021-01-01,3.52,3.33,23,1.35,0.1,4.73,2.06,-1.17,1.2,24.96,21.7,80.1,1004.7,1.3,rocklea,2021,1,4,1,1827,1,0,1,1,,0,train
2021-01-02,4.17,4.0,23,1.3,0.096,5.48,1.71,-1.11,0.42,25.38,21.7,74.3,1002.3,0.0,rocklea,2021,1,5,2,1828,1,1,0,1,,0,train
2021-01-03,3.22,3.33,23,1.83,0.1,5.61,1.79,-1.43,-0.28,26.12,22.8,72.7,1000.6,0.1,rocklea,2021,1,6,3,1829,1,1,0,1,,0,train
2021-01-04,6.09,10.67,23,1.61,0.109,5.71,1.41,-0.98,-0.71,26.32,24.3,75.8,1000.3,0.0,rocklea,2021,1,0,4,1830,1,0,0,1,,0,train
2021-01-05,7.48,10.0,23,3.22,0.13,5.65,1.35,-0.61,-0.68,28.0,24.5,72.7,1000.5,0.4,rocklea,2021,1,1,5,1831,1,0,0,1,,0,train
2021-01-06,9.35,18.67,23,3.78,0.13,5.4,1.62,-0.56,0.16,27.17,22.3,76.9,1001.1,2.9,rocklea,2021,1,2,6,1832,1,0,0,1,,0,train
2021-01-07,13.48,20.67,23,4.17,0.157,4.33,2.14,0.52,1.9,24.27,21.4,76.1,1003.9,0.0,rocklea,2021,1,3,7,1833,1,0,0,1,,0,train
2021-01-08,9.57,14.67,23,2.65,0.117,5.97,2.6,-0.38,2.43,22.12,19.7,76.0,1006.5,0.1,rocklea,2021,1,4,8,1834,1,0,0,1,snap_lockdown_2021,0,unused
2021-01-09,5.7,6.33,23,1.7,0.061,6.69,2.34,-0.48,1.86,22.23,18.8,71.6,1007.4,0.3,rocklea,2021,1,5,9,1835,1,1,0,1,snap_lockdown_2021,0,unused
2021-01-10,2.65,2.0,23,1.35,0.026,5.96,2.79,-0.99,2.22,23.72,20.0,68.1,1007.6,0.0,rocklea,2021,1,6,10,1836,1,1,0,1,snap_lockdown_2021,0,unused
2021-01-11,9.04,11.33,23,3.22,0.083,6.17,2.3,-0.91,1.56,23.83,19.8,68.8,1007.5,0.0,rocklea,2021,1,0,11,1837,1,0,0,1,snap_lockdown_2021,0,unused
2021-01-12,10.87,14.67,23,2.57,0.109,6.55,2.0,-0.89,1.22,24.62,19.0,68.3,1006.7,0.0,rocklea,2021,1,1,12,1838,1,0,0,1,,0,train
2021-01-13,10.13,14.33,23,2.87,0.113,6.23,2.23,-1.1,1.43,25.54,20.5,67.8,1006.3,0.0,rocklea,2021,1,2,13,1839,1,0,0,1,,0,train
2021-01-14,7.13,12.33,23,2.35,0.104,5.05,1.52,-0.96,0.32,26.42,22.6,69.2,1003.8,0.0,rocklea,2021,1,3,14,1840,1,0,0,1,,0,train
2021-01-15,6.74,11.0,23,3.39,0.117,5.34,1.98,-0.83,-0.73,26.72,21.5,69.7,999.7,0.0,rocklea,2021,1,4,15,1841,1,0,0,1,,0,train
2021-01-16,6.35,5.67,23,1.96,0.113,9.35,1.73,-0.88,0.18,27.02,24.0,72.8,999.4,18.3,rocklea,2021,1,5,16,1842,1,1,0,1,,0,train
2021-01-17,4.04,6.67,23,1.57,0.083,9.6,1.79,-1.35,0.44,26.46,23.7,61.8,1004.5,0.0,rocklea,2021,1,6,17,1843,1,1,0,1,,0,train
2021-01-18,8.52,14.0,23,2.52,0.161,6.76,1.81,-0.63,0.03,25.41,19.9,82.9,1005.0,16.2,rocklea,2021,1,0,18,1844,1,0,0,1,,0,train
2021-01-19,12.0,16.33,23,4.26,0.143,4.27,1.6,0.15,0.73,25.25,20.3,74.3,1005.0,0.1,rocklea,2021,1,1,19,1845,1,0,0,1,,0,train
2021-01-20,10.83,16.33,23,2.17,0.117,11.13,2.6,-1.39,1.96,24.74,22.2,71.9,1009.1,0.0,rocklea,2021,1,2,20,1846,1,0,0,1,,0,train
2021-01-21,9.17,14.67,23,1.91,0.096,7.02,2.05,-1.48,1.2,24.0,21.0,67.1,1008.3,0.0,rocklea,2021,1,3,21,1847,1,0,0,1,,0,train
2021-01-22,10.09,15.33,23,3.65,0.13,6.18,1.38,-0.49,-0.42,25.03,20.3,63.7,1005.3,0.0,rocklea,2021,1,4,22,1848,1,0,0,1,,0,train
2021-01-23,6.7,9.33,23,2.65,0.096,5.1,1.66,-0.88,-0.19,25.35,20.8,65.8,1005.8,0.0,rocklea,2021,1,5,23,1849,1,1,0,1,,0,train
2021-01-24,5.43,5.33,23,2.43,0.074,5.27,1.68,-0.79,0.2,24.88,20.1,71.3,1005.5,0.0,rocklea,2021,1,6,24,1850,1,1,0,1,,0,train
2021-01-25,8.38,14.0,21,2.57,0.125,5.62,1.3,-0.81,-0.45,25.25,22.3,74.9,1002.7,1.8,rocklea,2021,1,0,25,1851,1,0,0,1,,0,train
2021-01-26,4.83,6.67,23,2.17,0.109,6.19,1.58,-0.72,-0.32,25.95,20.2,69.9,999.6,0.0,rocklea,2021,1,1,26,1852,1,0,1,1,,0,train
2021-01-27,6.96,11.33,23,3.05,0.135,7.99,1.67,-0.97,-0.08,27.07,22.4,73.8,1000.7,0.0,rocklea,2021,1,2,27,1853,1,0,0,0,,0,train
2021-01-28,8.8,10.33,20,0.61,0.095,8.49,3.01,-2.25,1.91,27.58,25.0,72.6,1003.7,1.0,rocklea,2021,1,3,28,1854,1,0,0,0,,0,train
2021-01-29,8.09,12.0,23,0.78,0.1,9.52,2.43,-1.93,1.34,26.53,24.0,66.4,1003.5,0.0,rocklea,2021,1,4,29,1855,1,0,0,0,,0,train
2021-01-30,4.91,8.0,23,0.61,0.083,7.92,1.86,-1.42,0.55,26.59,22.4,70.3,1003.2,0.0,rocklea,2021,1,5,30,1856,1,1,0,0,,0,train
2021-01-31,2.83,1.67,23,0.96,0.07,6.04,1.72,-1.22,0.72,26.04,23.3,76.2,1004.0,13.2,rocklea,2021,1,6,31,1857,1,1,0,0,,0,train
2021-02-01,7.7,11.33,23,2.13,0.052,8.48,2.32,-1.58,1.5,25.82,23.0,69.3,1003.5,0.2,rocklea,2021,2,0,32,1858,1,0,0,0,,0,train
2021-02-02,,14.33,8,6.0,,,,,,,,90.3,1000.0,26.8,rocklea,2021,2,1,33,1859,1,0,0,0,,0,train
2021-02-03,,,7,2.7,,,,,,,,70.6,1002.2,0.0,rocklea,2021,2,2,34,1860,1,0,0,0,,0,train
2021-02-04,9.91,16.0,23,3.3,0.096,8.07,1.65,-0.8,0.52,25.31,20.0,69.8,1002.9,0.0,rocklea,2021,2,3,35,1861,1,0,0,0,,0,train
2021-02-05,8.91,12.33,23,2.83,0.148,7.38,1.54,-0.7,0.49,25.41,21.3,71.4,1001.9,0.0,rocklea,2021,2,4,36,1862,1,0,0,0,,0,train
2021-02-06,6.26,6.67,23,2.48,0.13,7.5,1.36,-0.53,-0.11,26.39,21.5,69.9,998.8,0.0,rocklea,2021,2,5,37,1863,1,1,0,0,,0,train
2021-02-07,5.78,5.0,23,2.3,0.174,8.09,1.36,-0.53,-0.01,28.61,24.3,72.7,996.2,7.1,rocklea,2021,2,6,38,1864,1,1,0,0,,0,train
2021-02-08,10.87,20.33,23,2.22,0.117,8.65,2.93,-1.77,2.25,26.3,24.0,67.1,1000.3,0.0,rocklea,2021,2,0,39,1865,1,0,0,0,,0,train
2021-02-09,10.96,15.33,23,2.65,0.113,8.42,2.66,-1.07,2.17,25.18,22.0,59.1,1003.6,0.0,rocklea,2021,2,1,40,1866,1,0,0,0,,0,train
2021-02-10,11.22,16.0,23,3.78,0.113,6.36,1.99,-0.68,1.37,23.51,19.3,66.2,1004.2,0.0,rocklea,2021,2,2,41,1867,1,0,0,0,,0,train
2021-02-11,9.3,13.67,23,2.7,0.096,5.53,1.48,-0.7,0.37,24.04,20.4,67.0,1004.8,0.0,rocklea,2021,2,3,42,1868,1,0,0,0,,0,train
2021-02-12,10.78,17.33,23,3.17,0.117,5.8,1.33,-0.54,-0.68,25.86,22.6,65.0,1003.8,0.0,rocklea,2021,2,4,43,1869,1,0,0,0,,0,train
2021-02-13,5.74,8.33,23,2.91,0.096,5.93,1.65,-0.69,-1.08,26.52,22.7,66.6,1000.8,0.0,rocklea,2021,2,5,44,1870,1,1,0,0,,0,train
2021-02-14,7.22,7.33,23,1.74,0.113,4.35,1.93,0.37,1.65,25.2,22.1,74.7,1000.1,0.0,rocklea,2021,2,6,45,1871,1,1,0,0,,0,train
2021-02-15,9.74,13.0,23,3.74,0.083,8.46,2.02,-0.51,1.24,24.92,21.0,63.7,1003.4,0.0,rocklea,2021,2,0,46,1872,1,0,0,0,,0,train
2021-02-16,12.09,16.0,23,4.09,0.126,5.3,2.1,0.07,1.82,23.92,21.1,72.5,1005.5,0.3,rocklea,2021,2,1,47,1873,1,0,0,0,,0,train
2021-02-17,9.09,14.0,23,3.35,0.109,5.24,2.8,-0.04,2.48,23.51,19.9,73.3,1006.9,0.0,rocklea,2021,2,2,48,1874,1,0,0,0,,0,train
2021-02-18,9.74,16.67,23,4.04,0.143,6.31,2.08,-0.32,1.52,23.11,20.1,85.0,1006.9,6.9,rocklea,2021,2,3,49,1875,1,0,0,0,,0,train
2021-02-19,10.83,14.0,23,4.39,0.191,5.37,1.61,-0.01,1.22,24.43,21.0,86.4,1005.0,0.0,rocklea,2021,2,4,50,1876,1,0,0,0,,0,train
2021-02-20,8.7,8.67,23,3.22,0.148,3.66,1.38,0.34,0.74,25.79,22.5,75.5,1001.5,0.0,rocklea,2021,2,5,51,1877,1,1,0,0,,0,train
2021-02-21,6.43,5.33,23,2.09,0.096,3.51,1.88,0.49,0.59,27.98,23.5,68.1,996.4,0.0,rocklea,2021,2,6,52,1878,1,1,0,0,,0,train
2021-02-22,10.09,17.0,23,4.82,0.157,4.79,1.5,-0.5,-0.52,27.96,23.3,73.0,996.9,2.2,rocklea,2021,2,0,53,1879,1,0,0,0,,0,train
2021-02-23,9.22,13.33,23,2.43,0.135,5.68,1.68,-1.17,-0.54,26.79,21.7,77.9,1000.8,7.3,rocklea,2021,2,1,54,1880,1,0,0,0,,0,train
2021-02-24,8.74,23.0,23,2.35,0.117,6.7,1.97,-1.33,0.19,25.41,21.0,78.3,1004.6,0.0,rocklea,2021,2,2,55,1881,1,0,0,0,,0,train
2021-02-25,9.8,16.67,20,1.26,0.125,8.91,1.51,-1.34,-0.24,25.79,23.8,81.4,1003.8,15.2,rocklea,2021,2,3,56,1882,1,0,0,0,,0,train
2021-02-26,8.95,14.33,22,2.33,0.123,7.46,1.28,-0.76,-0.84,27.59,24.2,73.9,1002.1,0.0,rocklea,2021,2,4,57,1883,1,0,0,0,,0,train
2021-02-27,6.61,8.67,23,1.91,0.126,6.58,1.18,-0.67,-0.21,27.1,23.6,78.2,1002.8,0.0,rocklea,2021,2,5,58,1884,1,1,0,0,,0,train
2021-02-28,3.17,5.0,23,1.52,0.143,6.16,1.25,-0.65,-0.64,27.49,24.4,78.0,1002.5,0.0,rocklea,2021,2,6,59,1885,1,1,0,0,,0,train
2021-03-01,12.43,13.67,23,5.43,0.178,7.73,0.91,0.07,0.08,26.85,24.6,79.4,1001.4,0.4,rocklea,2021,3,0,60,1886,1,0,0,0,,0,train
2021-03-02,,14.67,14,5.39,,,1.53,-0.43,0.48,,,74.9,1000.2,11.2,rocklea,2021,3,1,61,1887,1,0,0,0,,0,train
2021-03-03,12.0,16.33,23,0.83,0.104,10.82,1.98,-1.6,1.04,24.34,22.5,77.5,1002.3,0.0,rocklea,2021,3,2,62,1888,1,0,0,0,,0,train
2021-03-04,14.09,20.67,23,2.3,0.113,6.42,2.02,-1.04,1.57,23.04,20.6,74.1,1002.7,0.0,rocklea,2021,3,3,63,1889,1,0,0,0,,0,train
2021-03-05,15.65,17.33,23,5.78,0.161,7.04,1.34,0.0,0.02,24.88,18.6,68.5,998.5,0.0,rocklea,2021,3,4,64,1890,1,0,0,0,,0,train
2021-03-06,9.7,13.67,23,2.13,0.109,9.13,1.76,-1.01,0.99,24.73,21.6,66.5,1000.8,0.1,rocklea,2021,3,5,65,1891,1,1,0,0,,0,train
2021-03-07,4.39,5.67,23,0.7,0.1,7.54,1.72,-1.33,-0.44,25.08,21.9,70.6,1005.6,0.0,rocklea,2021,3,6,66,1892,1,1,0,0,,0,train
2021-03-08,8.35,17.33,23,1.91,0.122,7.13,1.72,-1.08,-1.24,26.0,23.5,73.3,1006.8,0.2,rocklea,2021,3,0,67,1893,1,0,0,0,,0,train
2021-03-09,12.61,21.0,23,4.83,0.191,7.6,1.32,-0.53,-0.7,26.15,21.5,75.6,1006.0,5.6,rocklea,2021,3,1,68,1894,1,0,0,0,,0,train
2021-03-10,14.78,22.0,23,4.0,0.178,7.38,1.86,-0.74,1.12,25.83,21.0,77.8,1008.4,0.0,rocklea,2021,3,2,69,1895,1,0,0,0,,0,train
2021-03-11,14.3,24.0,23,3.52,0.209,5.12,1.26,-0.36,0.43,23.74,22.0,88.1,1010.6,2.2,rocklea,2021,3,3,70,1896,1,0,0,0,,0,train
2021-03-12,11.57,15.33,23,3.65,0.191,5.65,1.45,-0.76,-0.09,24.45,21.2,81.4,1010.0,0.0,rocklea,2021,3,4,71,1897,1,0,0,0,,0,train
2021-03-13,9.3,11.67,23,3.35,0.178,7.63,1.4,-0.72,-0.34,25.46,21.7,75.6,1007.6,0.2,rocklea,2021,3,5,72,1898,1,1,0,0,,0,train
2021-03-14,5.35,5.33,23,2.83,0.135,6.03,1.59,-0.46,-0.67,26.37,21.7,74.8,1004.6,0.8,rocklea,2021,3,6,73,1899,1,1,0,0,,0,train
2021-03-15,11.78,18.67,23,5.61,0.235,4.13,1.52,0.81,1.12,22.08,20.1,89.5,1007.2,5.2,rocklea,2021,3,0,74,1900,1,0,0,0,,0,train
2021-03-16,14.13,18.0,23,8.04,0.248,6.49,1.89,0.49,1.41,21.04,19.3,82.2,1010.4,3.2,rocklea,2021,3,1,75,1901,1,0,0,0,,0,train
2021-03-17,15.09,17.0,23,5.83,0.296,7.19,1.08,0.22,0.53,20.13,19.1,90.5,1009.1,4.5,rocklea,2021,3,2,76,1902,1,0,0,0,,0,train
2021-03-18,12.48,13.67,23,4.83,0.23,5.68,1.57,0.12,0.96,23.28,19.6,81.3,1007.2,0.0,rocklea,2021,3,3,77,1903,1,0,0,0,,0,train
2021-03-19,11.35,16.67,23,3.35,0.204,5.03,1.23,-0.3,0.24,24.71,20.8,77.9,1006.8,0.0,rocklea,2021,3,4,78,1904,1,0,0,0,,0,train
2021-03-20,7.65,8.0,23,2.09,0.187,5.06,1.31,-0.52,0.07,24.48,22.3,82.3,1007.4,0.4,rocklea,2021,3,5,79,1905,1,1,0,0,,0,train
2021-03-21,4.26,6.33,23,1.09,0.13,7.01,1.57,-0.98,0.13,23.78,22.0,87.0,1008.3,37.2,rocklea,2021,3,6,80,1906,1,1,0,0,,0,train
2021-03-22,10.74,17.0,23,1.57,0.2,6.53,1.19,-1.08,0.03,22.16,21.4,91.3,1007.6,19.8,rocklea,2021,3,0,81,1907,1,0,0,0,,0,train
2021-03-23,7.78,14.0,23,2.0,0.178,5.29,1.66,-1.14,-1.14,23.67,22.1,91.1,1000.0,17.9,rocklea,2021,3,1,82,1908,1,0,0,0,,0,train
2021-03-24,12.74,15.0,23,6.48,0.217,5.13,1.89,1.73,-0.05,26.53,22.2,67.3,995.1,0.0,rocklea,2021,3,2,83,1909,1,0,0,0,,0,train
2021-03-25,18.26,24.0,23,9.0,0.226,6.68,1.58,1.47,0.27,25.59,19.2,51.9,998.2,0.0,rocklea,2021,3,3,84,1910,1,0,0,0,,0,train
2021-03-26,14.52,19.33,23,5.38,0.187,7.02,1.45,0.17,0.52,24.68,19.4,62.2,1003.4,0.0,rocklea,2021,3,4,85,1911,1,0,0,0,,0,train
2021-03-27,12.26,12.33,23,5.26,0.204,7.95,1.25,0.2,-0.0,25.25,20.7,69.7,1005.1,3.4,rocklea,2021,3,5,86,1912,1,1,0,0,,0,train
2021-03-28,10.13,6.0,23,3.87,0.183,7.0,1.24,0.43,0.45,25.22,19.3,67.1,1006.7,0.0,rocklea,2021,3,6,87,1913,1,1,0,0,,0,train
2021-03-29,13.3,19.67,23,4.65,0.174,6.91,1.34,-0.19,0.7,24.7,20.2,67.7,1007.9,0.0,rocklea,2021,3,0,88,1914,1,0,0,0,snap_lockdown_2021,0,unused
2021-03-30,11.62,19.33,21,4.26,0.127,6.03,1.7,-0.45,1.15,22.46,20.0,75.3,1009.8,0.0,rocklea,2021,3,1,89,1915,1,0,0,0,snap_lockdown_2021,0,unused
2021-03-31,13.04,19.0,23,3.96,0.117,6.09,2.0,-0.18,1.58,22.05,18.2,67.9,1010.6,0.0,rocklea,2021,3,2,90,1916,1,0,0,0,snap_lockdown_2021,0,unused
2021-04-01,12.83,17.0,23,4.61,0.139,4.08,1.76,0.44,1.53,21.31,18.7,75.2,1011.5,2.9,rocklea,2021,4,3,91,1917,1,0,0,0,snap_lockdown_2021,0,unused
2021-04-02,6.17,8.67,23,1.83,0.074,5.22,2.82,-1.0,2.29,22.44,18.3,68.8,1012.8,0.5,rocklea,2021,4,4,92,1918,1,0,1,1,,0,train
2021-04-03,7.83,10.67,23,3.09,0.1,5.7,2.34,-0.67,1.96,22.15,20.1,74.0,1011.6,0.5,rocklea,2021,4,5,93,1919,1,1,1,1,,0,train
2021-04-04,8.09,6.33,23,1.78,0.122,6.53,1.35,-0.14,0.8,20.96,19.9,90.1,1009.2,0.3,rocklea,2021,4,6,94,1920,1,1,1,1,,0,train
2021-04-05,8.87,9.33,23,2.0,0.126,2.92,2.08,-0.41,1.96,21.84,20.6,90.5,1006.5,5.4,rocklea,2021,4,0,95,1921,1,0,1,1,,0,train
2021-04-06,12.26,24.0,23,3.87,0.17,3.05,2.48,-0.35,2.13,21.9,19.9,90.9,1005.5,12.8,rocklea,2021,4,1,96,1922,1,0,0,1,,0,train
2021-04-07,12.87,19.33,23,3.57,0.187,3.31,2.1,0.28,1.72,22.91,20.0,79.0,1002.5,0.0,rocklea,2021,4,2,97,1923,1,0,0,1,,0,train
2021-04-08,13.96,17.0,23,5.7,0.183,2.85,1.86,1.07,1.37,23.65,19.6,78.0,999.2,0.4,rocklea,2021,4,3,98,1924,1,0,0,1,,0,train
2021-04-09,15.29,15.0,21,5.83,0.257,4.05,1.1,0.47,0.25,24.35,18.9,72.8,998.7,0.0,rocklea,2021,4,4,99,1925,1,0,0,1,,0,train
2021-04-10,19.0,13.0,23,8.26,0.309,7.92,1.46,1.26,0.59,25.92,18.6,62.4,998.5,0.0,rocklea,2021,4,5,100,1926,1,1,0,1,,0,train
2021-04-11,10.3,9.67,23,7.7,0.17,5.83,1.93,1.77,0.59,23.55,19.4,50.9,1001.3,0.0,rocklea,2021,4,6,101,1927,1,1,0,1,,0,train
2021-04-12,11.26,15.67,23,5.09,0.091,6.22,1.88,0.24,0.92,19.58,14.7,52.7,1008.0,0.0,rocklea,2021,4,0,102,1928,1,0,0,1,,0,train
2021-04-13,16.17,21.33,23,5.22,0.174,6.08,1.45,-0.15,0.73,20.33,16.0,62.6,1011.4,0.0,rocklea,2021,4,1,103,1929,1,0,0,1,,0,train
2021-04-14,16.48,21.0,23,7.91,0.291,6.64,1.16,0.08,-0.0,20.33,14.4,69.4,1010.0,0.0,rocklea,2021,4,2,104,1930,1,0,0,1,,0,train
2021-04-15,16.83,21.0,23,9.0,0.213,5.99,1.25,0.19,-0.04,22.01,15.7,70.2,1007.4,0.0,rocklea,2021,4,3,105,1931,1,0,0,1,,0,train
2021-04-16,14.13,19.67,23,7.78,0.178,8.67,1.68,-0.27,1.0,23.3,17.7,69.4,1008.3,0.0,rocklea,2021,4,4,106,1932,1,0,0,1,,0,train
2021-04-17,10.91,18.33,23,4.7,0.178,10.17,1.5,0.35,0.99,21.27,16.8,75.5,1009.6,10.8,rocklea,2021,4,5,107,1933,1,1,0,1,,0,train
2021-04-18,7.3,4.0,23,2.78,0.143,2.8,1.51,0.81,0.78,19.95,15.5,69.0,1008.6,0.0,rocklea,2021,4,6,108,1934,1,1,0,1,,0,train
2021-04-19,15.74,17.0,23,6.48,0.235,5.3,1.05,0.31,0.21,20.42,15.0,70.8,1008.7,0.0,rocklea,2021,4,0,109,1935,1,0,0,0,,0,train
2021-04-20,16.0,19.67,23,8.96,0.209,5.63,1.15,0.27,-0.31,21.46,15.4,71.7,1007.8,0.0,rocklea,2021,4,1,110,1936,1,0,0,0,,0,train
2021-04-21,20.74,24.67,23,9.96,0.283,7.3,1.46,1.27,0.4,23.12,16.9,54.4,1004.5,0.0,rocklea,2021,4,2,111,1937,1,0,0,0,,0,train
2021-04-22,19.04,20.33,23,12.91,0.23,5.78,1.42,1.27,0.21,19.13,14.2,50.3,1005.6,0.0,rocklea,2021,4,3,112,1938,1,0,0,0,,0,train
2021-04-23,19.87,21.0,23,8.13,0.235,6.31,1.15,0.52,0.36,19.35,13.5,58.6,1008.8,0.0,rocklea,2021,4,4,113,1939,1,0,0,0,,0,train
2021-04-24,13.78,13.0,23,6.61,0.213,9.39,1.31,0.13,0.15,19.03,13.0,71.4,1012.0,0.0,rocklea,2021,4,5,114,1940,1,1,0,0,,0,train
2021-04-25,11.04,7.67,23,5.3,0.226,10.1,1.1,0.27,0.4,19.9,14.2,73.2,1012.1,0.0,rocklea,2021,4,6,115,1941,1,1,0,0,,0,train
2021-04-26,7.78,9.33,23,3.65,0.165,9.28,1.38,-0.11,0.87,20.24,15.6,70.8,1013.5,0.0,rocklea,2021,4,0,116,1942,1,0,1,0,,0,train
2021-04-27,15.3,18.67,23,5.65,0.213,7.12,1.65,0.01,1.11,20.7,16.7,67.3,1014.6,0.0,rocklea,2021,4,1,117,1943,1,0,0,0,,0,train
2021-04-28,14.48,19.33,23,7.57,0.222,6.02,1.81,0.01,1.34,19.78,16.3,75.6,1014.0,0.0,rocklea,2021,4,2,118,1944,1,0,0,0,,0,train
2021-04-29,12.96,18.0,23,5.7,0.204,4.72,1.65,-0.22,1.09,20.12,16.1,76.8,1013.5,0.0,rocklea,2021,4,3,119,1945,1,0,0,0,,0,train
2021-04-30,14.65,19.0,23,8.91,0.27,4.95,1.73,0.08,1.31,19.91,17.7,83.6,1015.5,0.6,rocklea,2021,4,4,120,1946,1,0,0,0,,0,train
2021-05-01,9.91,13.0,23,4.48,0.23,5.69,1.49,0.14,0.79,19.3,17.1,85.2,1016.8,3.7,rocklea,2021,5,5,121,1947,1,1,0,0,,0,train
2021-05-02,7.96,4.67,23,3.61,0.23,6.29,1.45,-0.08,0.93,20.05,17.6,82.3,1015.1,0.3,rocklea,2021,5,6,122,1948,1,1,0,0,,0,train
2021-05-03,6.91,3.0,23,3.13,0.209,5.42,1.41,0.17,0.83,20.72,17.0,78.4,1011.1,0.0,rocklea,2021,5,0,123,1949,1,0,1,0,,0,train
2021-05-04,14.87,12.33,23,6.65,0.287,5.7,1.05,0.39,0.35,20.8,16.3,78.2,1007.0,0.9,rocklea,2021,5,1,124,1950,1,0,0,0,,0,train
2021-05-05,14.86,17.33,21,10.91,0.319,4.7,1.58,1.35,0.59,16.7,13.9,87.4,1002.8,7.9,rocklea,2021,5,2,125,1951,1,0,0,0,,0,train
2021-05-06,10.22,17.0,23,7.61,0.213,5.63,2.33,2.24,0.47,18.57,13.3,67.6,1000.3,0.0,rocklea,2021,5,3,126,1952,1,0,0,0,,0,train
2021-05-07,17.96,25.33,23,10.87,0.296,5.79,1.43,1.3,0.16,21.16,15.2,69.1,1002.0,0.0,rocklea,2021,5,4,127,1953,1,0,0,0,,0,train
2021-05-08,18.0,14.33,23,5.22,0.296,7.7,0.87,0.14,0.16,21.47,16.6,75.3,1005.9,0.0,rocklea,2021,5,5,128,1954,1,1,0,0,,0,train
2021-05-09,16.09,10.67,23,7.04,0.283,10.85,0.94,0.3,0.13,21.34,17.3,79.0,1008.3,0.0,rocklea,2021,5,6,129,1955,1,1,0,0,,0,train
2021-05-10,19.52,17.0,23,9.52,0.27,8.29,0.96,0.01,0.05,22.17,17.3,78.2,1007.5,0.0,rocklea,2021,5,0,130,1956,1,0,0,0,,0,train
2021-05-11,19.22,20.0,23,8.78,0.226,5.74,1.17,0.38,0.26,22.2,16.8,77.3,1008.4,10.8,rocklea,2021,5,1,131,1957,1,0,0,0,,0,train
2021-05-12,19.0,23.0,23,9.13,0.243,5.53,1.19,0.56,0.64,20.54,17.3,85.8,1007.4,32.6,rocklea,2021,5,2,132,1958,1,0,0,0,,0,train
2021-05-13,11.04,16.33,23,10.22,0.161,4.41,2.21,2.07,0.59,20.09,16.7,66.9,1004.0,0.0,rocklea,2021,5,3,133,1959,1,0,0,0,,0,train
2021-05-14,16.13,18.67,23,10.39,0.209,5.89,2.01,1.78,0.83,19.12,14.8,62.4,1004.6,0.0,rocklea,2021,5,4,134,1960,1,0,0,0,,0,train
2021-05-15,11.91,13.67,23,8.17,0.135,5.01,1.76,1.53,0.66,18.42,12.5,55.4,1005.8,0.0,rocklea,2021,5,5,135,1961,1,1,0,0,,0,train
2021-05-16,11.52,5.0,23,5.65,0.196,7.03,1.34,0.75,0.84,16.76,12.4,58.3,1009.9,0.0,rocklea,2021,5,6,136,1962,1,1,0,0,,0,train
2021-05-17,16.65,17.0,23,9.52,0.161,5.9,1.65,1.06,0.8,16.26,9.8,56.0,1013.0,0.0,rocklea,2021,5,0,137,1963,1,0,0,0,,0,train
2021-05-18,14.91,22.33,23,8.78,0.127,6.09,1.71,0.2,1.2,17.42,12.0,65.5,1016.8,0.0,rocklea,2021,5,1,138,1964,1,0,0,0,,0,train
2021-05-19,17.13,20.0,23,7.52,0.17,5.97,1.62,0.17,1.02,18.58,15.1,71.2,1017.5,0.0,rocklea,2021,5,2,139,1965,1,0,0,0,,0,train
2021-05-20,18.04,21.67,23,7.96,0.2,6.29,1.28,0.19,0.79,18.29,13.6,69.4,1016.8,0.0,rocklea,2021,5,3,140,1966,1,0,0,0,,0,train
2021-05-21,17.78,21.67,23,8.78,0.187,6.61,1.79,0.07,1.32,18.12,12.9,68.2,1015.6,0.0,rocklea,2021,5,4,141,1967,1,0,0,0,,0,train
2021-05-22,10.43,9.33,23,5.61,0.157,6.67,2.09,0.42,1.43,18.7,14.5,70.1,1013.2,0.0,rocklea,2021,5,5,142,1968,1,1,0,0,,0,train
2021-05-23,8.52,3.33,23,4.39,0.126,7.12,1.86,0.77,1.28,18.64,14.3,70.5,1014.1,0.0,rocklea,2021,5,6,143,1969,1,1,0,0,,0,train
2021-05-24,15.74,21.33,23,7.35,0.139,6.36,1.8,0.48,1.37,18.72,14.2,68.9,1016.6,0.0,rocklea,2021,5,0,144,1970,1,0,0,0,,0,train
2021-05-25,17.04,18.67,23,8.1,0.161,6.97,1.3,0.24,0.64,18.87,14.8,72.8,1015.2,0.0,rocklea,2021,5,1,145,1971,1,0,0,0,,0,train
2021-05-26,20.13,18.0,23,10.65,0.235,9.02,1.13,0.51,0.37,18.95,13.2,76.0,1010.9,0.0,rocklea,2021,5,2,146,1972,1,0,0,0,,0,train
2021-05-27,17.78,21.0,23,7.52,0.196,11.49,1.3,0.71,0.68,19.09,14.7,71.9,1011.0,0.0,rocklea,2021,5,3,147,1973,1,0,0,0,,0,train
2021-05-28,18.09,20.33,23,8.04,0.143,7.05,1.53,0.78,0.92,16.73,12.0,57.7,1012.0,0.0,rocklea,2021,5,4,148,1974,1,0,0,0,,0,train
2021-05-29,13.3,9.67,23,7.0,0.178,9.33,2.03,1.59,1.17,15.91,12.2,58.7,1014.0,0.0,rocklea,2021,5,5,149,1975,1,1,0,0,,0,train
2021-05-30,10.04,7.0,23,5.39,0.13,6.89,1.75,1.24,1.14,16.71,12.1,63.9,1013.5,0.0,rocklea,2021,5,6,150,1976,1,1,0,0,,0,train
2021-05-31,17.74,21.0,23,7.39,0.191,6.52,1.34,0.63,0.72,17.18,12.8,67.4,1013.8,0.0,rocklea,2021,5,0,151,1977,1,0,0,0,,0,train
2021-06-01,19.09,19.33,23,6.48,0.257,,1.2,0.69,0.38,,,72.8,1014.2,0.0,rocklea,2021,6,1,152,1978,1,0,0,0,,0,train
2021-06-02,22.83,21.67,23,10.26,0.265,8.32,0.99,0.41,0.21,18.26,13.7,75.6,1012.2,0.0,rocklea,2021,6,2,153,1979,1,0,0,0,,0,train
2021-06-03,20.09,21.67,23,16.3,0.309,9.44,0.88,0.58,0.16,17.89,15.9,84.1,1007.0,0.8,rocklea,2021,6,3,154,1980,1,0,0,0,,0,train
2021-06-04,12.43,28.67,23,7.35,0.165,5.55,1.9,1.78,0.24,17.92,14.6,65.5,1004.3,0.0,rocklea,2021,6,4,155,1981,1,0,0,0,,0,train
2021-06-05,13.0,11.33,23,5.3,0.278,8.72,1.54,1.16,0.91,16.74,12.4,66.7,1010.2,0.0,rocklea,2021,6,5,156,1982,1,1,0,0,,0,train
2021-06-06,13.39,6.67,23,6.04,0.274,11.69,1.17,0.81,0.68,15.35,10.3,67.6,1013.8,0.0,rocklea,2021,6,6,157,1983,1,1,0,0,,0,train
2021-06-07,20.24,20.0,21,6.83,0.309,9.97,1.18,0.45,0.31,15.83,10.3,75.0,1013.9,0.0,rocklea,2021,6,0,158,1984,1,0,0,0,,0,train
2021-06-08,20.48,19.33,23,10.43,0.248,9.05,1.14,0.1,-0.2,16.81,11.4,79.4,1008.5,0.0,rocklea,2021,6,1,159,1985,1,0,0,0,,0,train
2021-06-09,9.57,15.33,23,5.22,0.104,3.75,2.61,1.99,-0.18,16.25,13.1,61.4,1001.6,0.2,rocklea,2021,6,2,160,1986,1,0,0,0,,0,train
2021-06-10,18.09,21.33,23,8.04,0.183,3.49,1.2,0.62,-0.62,14.79,11.3,54.6,1003.9,0.0,rocklea,2021,6,3,161,1987,1,0,0,0,,0,train
2021-06-11,17.91,27.67,23,9.04,0.213,5.58,1.26,0.76,-0.37,15.28,11.6,59.6,1007.6,0.0,rocklea,2021,6,4,162,1988,1,0,0,0,,0,train
2021-06-12,11.61,10.33,23,8.57,0.287,8.98,1.08,0.9,0.16,15.51,9.4,68.7,1010.3,0.0,rocklea,2021,6,5,163,1989,1,1,0,0,,0,train
2021-06-13,11.17,9.67,23,5.91,0.291,8.86,1.0,0.77,0.15,16.04,10.1,65.7,1008.8,0.0,rocklea,2021,6,6,164,1990,1,1,0,0,,0,train
2021-06-14,19.35,17.33,23,11.13,0.326,9.08,1.14,0.41,0.26,15.93,9.8,66.6,1007.0,0.0,rocklea,2021,6,0,165,1991,1,0,0,0,,0,train
2021-06-15,18.74,20.0,23,11.13,0.452,10.37,1.06,0.75,0.44,16.25,12.7,78.8,1007.4,6.5,rocklea,2021,6,1,166,1992,1,0,0,0,,0,train
2021-06-16,11.43,7.67,23,11.61,0.243,9.89,1.34,0.42,0.03,17.2,11.7,81.3,1008.5,0.0,rocklea,2021,6,2,167,1993,1,0,0,0,,0,train
2021-06-17,14.86,19.0,21,8.04,0.243,7.61,1.67,1.4,-0.12,19.8,16.7,57.8,1004.9,0.0,rocklea,2021,6,3,168,1994,1,0,0,0,,0,train
2021-06-18,15.7,35.67,23,7.35,0.143,3.41,2.14,1.99,0.25,17.2,12.0,50.3,1003.6,0.0,rocklea,2021,6,4,169,1995,1,0,0,0,,0,train
2021-06-19,3.39,3.67,23,2.39,0.061,2.49,3.19,3.11,0.61,15.42,13.0,55.1,1004.5,0.0,rocklea,2021,6,5,170,1996,1,1,0,0,,0,train
2021-06-20,8.26,5.0,23,4.91,0.143,5.04,1.82,1.38,1.11,16.54,11.6,63.0,1008.2,0.0,rocklea,2021,6,6,171,1997,1,1,0,0,,0,train
2021-06-21,19.13,24.67,23,10.13,0.191,5.53,1.48,0.98,0.9,16.38,11.4,68.4,1012.7,0.0,rocklea,2021,6,0,172,1998,1,0,0,0,,0,train
2021-06-22,20.09,25.67,23,,0.187,5.46,1.89,0.17,1.3,16.49,11.7,70.4,1017.9,0.0,rocklea,2021,6,1,173,1999,1,0,0,0,,0,train
2021-06-23,19.57,24.33,23,,0.213,5.9,1.34,0.1,0.17,17.77,13.7,78.9,1017.1,0.0,rocklea,2021,6,2,174,2000,1,0,0,0,,0,train
2021-06-24,19.96,24.67,23,,0.252,7.69,1.06,0.24,-0.02,18.69,15.5,82.8,1012.5,0.0,rocklea,2021,6,3,175,2001,1,0,0,0,,0,train
2021-06-25,21.04,26.67,23,,0.365,7.68,0.67,0.05,-0.31,18.81,18.0,86.2,1010.0,0.2,rocklea,2021,6,4,176,2002,1,0,0,0,,0,train
2021-06-26,12.61,8.0,23,,0.2,4.72,1.73,1.56,0.63,16.97,14.5,77.2,1012.2,0.0,rocklea,2021,6,5,177,2003,1,1,0,1,,0,train
2021-06-27,10.43,6.67,23,,0.122,5.06,1.6,0.38,1.1,15.7,11.3,65.7,1015.8,0.0,rocklea,2021,6,6,178,2004,1,1,0,1,,0,train
2021-06-28,17.83,18.33,23,,0.178,5.96,1.86,0.54,1.35,15.35,10.1,66.2,1017.3,0.0,rocklea,2021,6,0,179,2005,1,0,0,1,,0,train
2021-06-29,16.78,25.33,23,7.62,0.148,5.44,1.96,0.29,1.42,16.68,12.9,76.7,1018.5,0.3,rocklea,2021,6,1,180,2006,1,0,0,1,snap_lockdown_2021,0,unused
2021-06-30,21.04,25.0,23,7.74,0.248,7.41,1.11,0.45,0.68,16.5,13.6,81.2,1017.4,7.1,rocklea,2021,6,2,181,2007,1,0,0,1,snap_lockdown_2021,0,unused
2021-07-01,20.0,24.0,23,7.23,0.222,8.83,1.04,0.25,0.19,16.51,12.8,87.7,1014.1,1.4,rocklea,2021,7,3,182,2008,1,0,0,1,snap_lockdown_2021,0,unused
2021-07-02,22.35,24.0,23,13.61,0.296,9.97,0.68,0.36,0.24,17.66,15.8,89.4,1010.5,3.9,rocklea,2021,7,4,183,2009,1,0,0,1,snap_lockdown_2021,0,unused
2021-07-03,16.78,17.0,23,9.96,0.226,9.35,0.82,0.39,0.38,17.21,16.2,91.8,1008.0,2.4,rocklea,2021,7,5,184,2010,1,1,0,1,snap_lockdown_2021,0,unused
2021-07-04,8.48,6.0,23,4.74,0.126,7.23,1.55,0.93,0.88,17.94,14.5,81.8,1009.2,0.0,rocklea,2021,7,6,185,2011,1,1,0,1,,0,train
2021-07-05,17.73,29.67,22,13.39,0.173,3.7,1.85,1.59,0.88,15.17,11.4,59.9,1010.2,0.0,rocklea,2021,7,0,186,2012,1,0,0,1,,0,train
2021-07-06,22.57,25.33,23,9.0,0.287,6.98,1.22,0.79,0.62,14.69,10.7,67.3,1011.0,0.0,rocklea,2021,7,1,187,2013,1,0,0,1,,0,train
2021-07-07,23.43,24.33,23,7.83,0.274,8.95,1.12,0.52,0.63,14.92,9.2,68.9,1013.3,0.0,rocklea,2021,7,2,188,2014,1,0,0,1,,0,train
2021-07-08,25.26,28.33,23,10.87,0.335,8.83,1.02,0.31,0.43,15.54,11.3,77.9,1012.8,0.0,rocklea,2021,7,3,189,2015,1,0,0,1,,0,train
2021-07-09,20.13,26.33,23,10.13,0.313,6.93,1.3,0.79,-0.28,17.61,14.8,83.1,1005.3,5.2,rocklea,2021,7,4,190,2016,1,0,0,1,,0,train
2021-07-10,6.78,5.67,23,3.52,0.083,4.62,3.44,3.3,0.73,16.41,13.4,55.5,1006.9,0.0,rocklea,2021,7,5,191,2017,1,1,0,1,,0,train
2021-07-11,12.91,8.67,23,4.17,0.152,7.75,1.65,0.92,1.17,16.31,11.2,65.7,1011.8,0.0,rocklea,2021,7,6,192,2018,1,1,0,1,,0,train
2021-07-12,18.78,25.0,23,6.22,0.226,7.43,1.32,0.33,0.66,15.5,11.3,75.0,1012.9,0.0,rocklea,2021,7,0,193,2019,1,0,0,0,,0,train
2021-07-13,20.78,31.33,23,9.96,0.314,5.56,0.99,0.22,0.08,16.87,12.0,76.6,1011.7,0.0,rocklea,2021,7,1,194,2020,1,0,0,0,,0,train
2021-07-14,18.09,26.33,23,10.04,0.348,7.4,1.27,-0.1,-0.52,18.21,13.0,74.1,1009.5,0.0,rocklea,2021,7,2,195,2021,1,0,0,0,,0,train
2021-07-15,21.91,32.0,23,8.7,0.357,7.4,0.87,-0.4,-0.46,19.66,16.4,80.8,1003.6,0.0,rocklea,2021,7,3,196,2022,1,0,0,0,,0,train
2021-07-16,14.61,22.0,23,8.09,0.239,7.42,2.06,1.64,0.03,19.68,17.3,74.7,997.8,1.0,rocklea,2021,7,4,197,2023,1,0,0,0,,0,train
2021-07-17,6.74,8.67,23,3.87,0.109,5.44,3.4,3.36,-0.1,18.18,15.5,43.3,1000.0,0.0,rocklea,2021,7,5,198,2024,1,1,0,0,,0,train
2021-07-18,10.17,8.33,23,4.52,0.157,4.78,1.97,1.87,0.46,15.98,12.1,43.9,1006.0,0.0,rocklea,2021,7,6,199,2025,1,1,0,0,,0,train
2021-07-19,19.78,26.0,23,10.13,0.23,5.02,1.15,0.68,0.21,15.6,9.7,63.7,1008.4,0.0,rocklea,2021,7,0,200,2026,1,0,0,0,,0,train
2021-07-20,14.74,33.67,23,8.52,0.165,4.42,2.32,2.21,0.4,15.27,9.5,49.5,1004.8,0.0,rocklea,2021,7,1,201,2027,1,0,0,0,,0,train
2021-07-21,12.13,18.0,23,8.74,0.096,3.55,3.07,2.95,0.6,14.29,10.9,52.2,1004.1,0.0,rocklea,2021,7,2,202,2028,1,0,0,0,,0,train
2021-07-22,19.91,21.0,23,7.96,0.2,6.99,1.4,0.55,0.32,14.01,8.4,66.3,1008.4,0.0,rocklea,2021,7,3,203,2029,1,0,0,0,,0,train
2021-07-23,27.35,23.0,23,16.09,0.409,14.13,0.9,0.42,0.12,15.1,11.2,82.8,1004.1,1.8,rocklea,2021,7,4,204,2030,1,0,0,0,,0,train
2021-07-24,11.09,17.33,23,6.0,0.165,6.34,1.77,1.64,-0.12,17.82,13.6,66.2,1000.5,0.0,rocklea,2021,7,5,205,2031,1,1,0,0,,0,train
2021-07-25,4.91,3.0,23,3.0,0.074,2.95,3.48,3.4,0.38,17.35,13.6,45.4,1004.2,0.0,rocklea,2021,7,6,206,2032,1,1,0,0,,0,train
2021-07-26,20.87,23.33,23,12.57,0.257,5.15,1.36,1.11,0.51,16.2,10.5,54.0,1011.1,0.0,rocklea,2021,7,0,207,2033,1,0,0,0,,0,train
2021-07-27,21.26,28.33,23,9.7,0.248,7.32,1.09,-0.23,-0.38,16.4,9.7,66.7,1012.0,0.0,rocklea,2021,7,1,208,2034,1,0,0,0,,0,train
2021-07-28,17.87,27.33,23,9.9,0.23,14.2,1.22,0.02,-0.44,18.36,11.5,74.2,1007.3,0.0,rocklea,2021,7,2,209,2035,1,0,0,0,,0,train
2021-07-29,17.96,28.33,23,10.52,0.235,9.32,2.0,1.64,0.51,19.87,14.0,58.3,1004.4,0.0,rocklea,2021,7,3,210,2036,1,0,0,0,,0,train
2021-07-30,22.43,22.33,23,7.95,0.296,8.93,1.37,0.12,0.24,15.9,10.0,61.2,1011.7,0.0,rocklea,2021,7,4,211,2037,1,0,0,0,,0,train
2021-07-31,11.87,19.67,23,7.17,0.217,11.29,1.32,-0.15,-0.18,16.32,9.9,73.8,1010.5,0.0,rocklea,2021,7,5,212,2038,1,1,0,0,snap_lockdown_2021,0,unused
2021-08-01,9.13,10.33,23,3.91,0.157,12.97,0.95,-0.41,-0.17,18.64,12.2,79.0,1006.2,0.0,rocklea,2021,8,6,213,2039,1,1,0,0,snap_lockdown_2021,0,unused
2021-08-02,13.78,22.33,23,4.33,0.187,11.67,1.27,-0.74,0.44,19.89,15.6,80.2,1007.8,0.0,rocklea,2021,8,0,214,2040,1,0,0,0,snap_lockdown_2021,0,unused
2021-08-03,17.13,28.67,23,9.57,0.222,10.25,1.21,0.36,-0.09,20.73,17.9,78.3,1007.0,0.0,rocklea,2021,8,1,215,2041,1,0,0,0,snap_lockdown_2021,0,unused
2021-08-04,7.74,20.0,23,6.48,0.17,2.56,3.04,2.96,0.44,16.66,13.3,47.2,1008.4,0.0,rocklea,2021,8,2,216,2042,1,0,0,0,snap_lockdown_2021,0,unused
2021-08-05,12.13,21.33,23,10.35,0.222,2.81,2.23,2.05,0.62,15.38,9.9,51.0,1009.9,0.0,rocklea,2021,8,3,217,2043,1,0,0,0,snap_lockdown_2021,0,unused
2021-08-06,15.52,25.67,23,8.22,0.304,5.81,1.22,0.49,0.4,16.3,10.3,64.0,1013.3,0.0,rocklea,2021,8,4,218,2044,1,0,0,0,snap_lockdown_2021,0,unused
2021-08-07,11.0,11.33,23,8.0,0.317,11.22,1.16,0.56,0.25,16.04,9.8,64.9,1015.4,0.0,rocklea,2021,8,5,219,2045,1,1,0,0,snap_lockdown_2021,0,unused
2021-08-08,8.0,6.0,23,3.26,0.239,8.45,1.73,-0.11,1.29,16.59,10.5,66.2,1017.2,0.0,rocklea,2021,8,6,220,2046,1,1,0,0,snap_lockdown_2021,0,unused
2021-08-09,17.96,29.67,23,5.22,,7.96,1.83,-0.39,1.31,16.85,14.5,75.2,1019.2,0.0,rocklea,2021,8,0,221,2047,1,0,0,0,,0,train
2021-08-10,19.96,27.33,23,6.43,,7.76,1.32,0.01,0.33,16.75,13.1,71.0,1019.6,0.0,rocklea,2021,8,1,222,2048,1,0,0,0,,0,train
2021-08-11,16.91,25.67,22,7.18,0.014,6.6,1.28,-0.19,-0.23,17.44,12.6,77.1,1019.4,0.0,rocklea,2021,8,2,223,2049,1,0,0,0,,0,train
2021-08-12,16.61,23.67,23,8.83,0.004,6.39,1.21,-0.28,-0.34,19.0,13.3,77.5,1017.4,0.0,rocklea,2021,8,3,224,2050,1,0,0,0,,0,train
2021-08-13,18.91,21.33,23,8.17,0.009,7.84,1.09,0.26,0.26,20.24,16.1,77.1,1015.9,0.0,rocklea,2021,8,4,225,2051,1,0,0,0,,0,train
2021-08-14,12.09,10.67,23,5.61,0.009,8.35,1.22,-0.06,-0.01,19.55,15.7,80.2,1016.8,0.0,rocklea,2021,8,5,226,2052,1,1,0,0,,0,train
2021-08-15,9.48,9.33,23,5.35,0.004,8.07,1.2,-0.14,-0.16,19.51,14.9,77.1,1016.1,0.0,rocklea,2021,8,6,227,2053,1,1,0,0,,0,train
2021-08-16,16.52,21.0,23,9.57,0.0,6.09,1.51,1.29,0.46,21.19,15.8,68.8,1012.3,0.0,rocklea,2021,8,0,228,2054,1,0,0,0,,0,train
2021-08-17,17.35,28.33,23,8.13,0.0,5.48,1.3,0.45,0.8,18.54,12.9,57.2,1010.5,0.0,rocklea,2021,8,1,229,2055,1,0,0,0,,0,train
2021-08-18,22.65,31.33,23,7.17,0.017,8.03,1.12,0.14,0.6,16.5,13.4,71.7,1013.5,0.0,rocklea,2021,8,2,230,2056,1,0,0,0,,0,train
2021-08-19,20.39,26.0,23,7.14,0.03,10.3,1.26,-0.07,0.31,17.22,12.2,71.6,1014.7,0.0,rocklea,2021,8,3,231,2057,1,0,0,0,,0,train
2021-08-20,19.7,26.0,23,9.48,0.19,6.63,1.16,0.04,-0.19,18.83,14.0,71.0,1013.4,0.0,rocklea,2021,8,4,232,2058,1,0,0,0,,0,train
2021-08-21,16.35,17.67,23,6.87,0.283,8.85,1.13,-0.08,-0.32,19.76,13.6,69.6,1012.0,0.0,rocklea,2021,8,5,233,2059,1,1,0,0,,0,train
2021-08-22,9.74,13.33,23,4.57,0.217,10.6,1.14,-0.42,-0.28,19.97,14.3,73.4,1012.8,0.0,rocklea,2021,8,6,234,2060,1,1,0,0,,0,train
2021-08-23,11.3,23.0,23,6.05,0.161,7.54,1.61,-0.75,-0.72,20.0,15.3,74.6,1009.6,0.0,rocklea,2021,8,0,235,2061,1,0,0,0,,0,train
2021-08-24,10.96,19.67,23,5.65,0.143,3.99,2.88,2.2,-0.04,17.96,13.5,57.7,1004.1,3.5,rocklea,2021,8,1,236,2062,1,0,0,0,,0,train
2021-08-25,11.43,15.0,23,8.87,0.235,3.58,2.61,2.5,0.45,15.89,11.4,48.1,1006.5,0.0,rocklea,2021,8,2,237,2063,1,0,0,0,,0,train
2021-08-26,18.22,29.67,23,11.61,0.283,3.46,1.77,1.58,0.45,16.31,10.8,41.8,1008.4,0.0,rocklea,2021,8,3,238,2064,1,0,0,0,,0,train
2021-08-27,23.39,28.0,23,11.33,0.352,5.03,1.6,1.41,0.62,16.91,9.5,42.3,1009.0,0.0,rocklea,2021,8,4,239,2065,1,0,0,0,,0,train
2021-08-28,15.96,14.0,23,7.43,0.265,6.67,1.32,0.24,0.02,17.39,9.3,51.3,1008.8,0.0,rocklea,2021,8,5,240,2066,1,1,0,0,,0,train
2021-08-29,11.13,13.67,23,6.74,0.2,11.52,1.37,-0.12,-0.1,18.4,11.3,64.2,1006.5,0.5,rocklea,2021,8,6,241,2067,1,1,0,0,,0,train
2021-08-30,20.43,28.33,23,7.61,0.217,6.95,1.18,-0.04,0.1,20.55,14.6,61.8,1009.6,0.0,rocklea,2021,8,0,242,2068,1,0,0,0,,0,train
2021-08-31,20.04,28.33,23,12.57,0.165,10.64,1.2,-0.04,-0.03,20.03,15.5,73.5,1013.5,0.0,rocklea,2021,8,1,243,2069,1,0,0,0,,0,train
2021-09-01,15.78,20.0,23,5.39,0.091,12.77,1.27,-0.29,-0.27,21.7,17.4,76.4,1016.8,0.0,rocklea,2021,9,2,244,2070,1,0,0,0,,0,train
2021-09-02,15.22,20.67,23,1.09,0.139,6.13,1.75,-1.46,0.73,20.48,18.0,69.4,1019.0,0.8,rocklea,2021,9,3,245,2071,1,0,0,0,,0,train
2021-09-03,15.96,24.33,23,5.7,0.217,7.42,1.54,-0.41,0.04,19.14,16.0,71.6,1016.4,0.1,rocklea,2021,9,4,246,2072,1,0,0,0,,0,train
2021-09-04,11.35,10.0,23,3.78,0.13,8.46,1.44,-0.25,-0.29,19.49,15.0,73.8,1013.1,0.1,rocklea,2021,9,5,247,2073,1,1,0,0,,0,train
2021-09-05,8.7,8.67,23,4.43,0.122,6.88,1.75,1.39,0.3,18.9,14.9,70.0,1010.1,0.0,rocklea,2021,9,6,248,2074,1,1,0,0,,0,train
2021-09-06,13.61,19.67,23,5.91,0.2,3.79,1.54,0.86,0.68,17.41,12.9,51.4,1013.5,0.0,rocklea,2021,9,0,249,2075,1,0,0,0,,0,train
2021-09-07,18.17,23.67,23,6.26,0.27,7.98,1.69,0.84,0.85,17.84,11.4,55.8,1017.3,0.0,rocklea,2021,9,1,250,2076,1,0,0,0,,0,train
2021-09-08,19.57,22.0,23,7.13,0.222,11.2,1.43,-0.11,0.71,17.65,10.7,65.1,1019.9,0.0,rocklea,2021,9,2,251,2077,1,0,0,0,,0,train
2021-09-09,17.57,29.0,23,7.61,0.15,10.0,1.35,0.04,-0.31,19.03,13.1,67.7,1019.4,0.0,rocklea,2021,9,3,252,2078,1,0,0,0,,0,train
2021-09-10,23.14,22.0,21,8.3,0.205,12.63,1.23,0.25,0.27,20.84,13.2,61.0,1014.5,0.0,rocklea,2021,9,4,253,2079,1,0,0,0,,0,train
2021-09-11,13.78,21.33,23,5.04,0.135,11.58,1.71,-0.59,-0.51,19.82,13.4,62.9,1010.8,0.0,rocklea,2021,9,5,254,2080,1,1,0,0,,0,train
2021-09-12,6.26,8.67,23,2.3,0.043,6.54,1.68,-1.07,-1.18,20.86,14.7,66.2,1006.7,0.0,rocklea,2021,9,6,255,2081,1,1,0,0,,0,train
2021-09-13,15.94,,18,6.26,0.074,8.74,1.27,-0.32,-0.44,23.22,17.8,70.4,1003.7,0.7,rocklea,2021,9,0,256,2082,1,0,0,0,,0,train
2021-09-14,13.39,18.33,23,6.61,0.126,4.97,2.86,2.3,1.43,18.6,14.6,45.6,1007.3,0.0,rocklea,2021,9,1,257,2083,1,0,0,0,,0,train
2021-09-15,14.13,21.67,23,4.96,0.091,4.94,1.76,0.23,0.91,17.84,11.4,54.9,1010.1,0.0,rocklea,2021,9,2,258,2084,1,0,0,0,,0,train
2021-09-16,14.65,21.33,23,7.09,0.065,5.43,1.42,0.1,0.56,18.14,12.6,61.2,1011.5,0.0,rocklea,2021,9,3,259,2085,1,0,0,0,,0,train
2021-09-17,15.22,20.0,23,5.22,0.07,6.11,1.4,-0.37,-0.18,18.96,13.0,65.6,1013.6,0.0,rocklea,2021,9,4,260,2086,1,0,0,0,,0,train
2021-09-18,11.09,13.0,23,5.13,0.048,8.35,1.73,-0.75,-0.77,20.24,14.6,67.7,1013.4,0.0,rocklea,2021,9,5,261,2087,1,1,0,1,,0,train
2021-09-19,9.3,13.0,20,2.57,0.025,9.1,1.35,-0.74,-0.23,22.88,18.1,61.3,1012.5,0.0,rocklea,2021,9,6,262,2088,1,1,0,1,,0,train
2021-09-20,13.83,22.67,23,6.43,0.03,9.23,1.56,-0.82,-0.86,22.02,16.5,73.5,1008.2,0.0,rocklea,2021,9,0,263,2089,1,0,0,1,,0,train
2021-09-21,11.1,19.67,21,6.0,0.029,6.45,3.25,2.64,0.88,19.73,13.2,41.3,1004.3,0.0,rocklea,2021,9,1,264,2090,1,0,0,1,,0,train
2021-09-22,13.74,16.0,23,5.52,0.017,5.16,1.99,0.82,1.06,17.57,11.9,45.2,1011.2,0.0,rocklea,2021,9,2,265,2091,1,0,0,1,,0,train
2021-09-23,13.83,19.0,23,7.09,0.013,6.91,1.58,0.1,0.01,18.93,11.8,58.3,1012.8,0.2,rocklea,2021,9,3,266,2092,1,0,0,1,,0,train
2021-09-24,14.0,22.33,23,6.96,0.013,8.43,1.51,-0.53,-0.54,20.7,14.2,66.9,1009.5,0.0,rocklea,2021,9,4,267,2093,1,0,0,1,,0,train
2021-09-25,16.74,15.33,23,5.09,0.026,10.69,1.22,-0.59,-0.47,21.86,14.9,64.6,1006.5,0.0,rocklea,2021,9,5,268,2094,1,1,0,1,,0,train
2021-09-26,7.22,7.0,23,2.39,0.0,10.89,2.55,-0.9,1.83,20.54,17.2,70.3,1009.6,0.0,rocklea,2021,9,6,269,2095,1,1,0,1,,0,train
2021-09-27,12.3,20.33,23,2.17,0.0,6.05,2.23,-1.34,1.52,17.96,15.8,71.0,1013.5,0.0,rocklea,2021,9,0,270,2096,1,0,0,1,,0,train
2021-09-28,16.3,26.0,23,3.35,0.009,5.16,1.37,-1.21,-0.17,19.18,16.7,59.6,1013.4,0.0,rocklea,2021,9,1,271,2097,1,0,0,1,,0,train
2021-09-29,15.22,27.0,23,2.61,0.013,4.84,1.54,-0.9,-0.99,19.8,16.6,65.6,1011.8,0.0,rocklea,2021,9,2,272,2098,1,0,0,1,,0,train
2021-09-30,10.61,22.67,23,4.74,0.0,7.77,1.57,-0.61,-1.06,21.35,17.9,80.3,1006.7,24.1,rocklea,2021,9,3,273,2099,1,0,0,1,,0,train
2021-10-01,17.0,26.67,23,5.52,0.0,5.92,1.16,-0.12,-0.33,20.25,15.5,75.7,1000.6,6.2,rocklea,2021,10,4,274,2100,1,0,0,1,,0,train
2021-10-02,16.43,11.33,23,6.87,0.083,7.34,1.4,1.22,0.37,21.08,13.1,60.1,997.7,0.0,rocklea,2021,10,5,275,2101,1,1,0,1,,0,train
2021-10-03,11.83,12.0,23,5.0,0.004,6.48,1.41,0.13,-0.15,22.88,15.4,56.1,997.5,0.0,rocklea,2021,10,6,276,2102,1,1,0,1,,0,train
2021-10-04,10.43,12.33,23,5.7,0.0,10.21,1.81,0.93,0.29,26.23,16.6,55.5,995.5,0.0,rocklea,2021,10,0,277,2103,1,0,1,1,,0,train
2021-10-05,15.39,26.33,23,9.74,0.013,4.82,1.8,1.62,0.51,25.16,18.1,29.9,1001.4,0.0,rocklea,2021,10,1,278,2104,1,0,0,0,,0,train
2021-10-06,14.61,23.33,23,7.04,0.004,5.05,1.58,-0.11,0.16,21.77,15.7,47.7,1006.0,0.0,rocklea,2021,10,2,279,2105,1,0,0,0,,0,train
2021-10-07,15.87,21.67,23,8.04,0.091,7.22,1.47,-0.46,-0.55,21.21,15.5,69.3,1006.4,0.7,rocklea,2021,10,3,280,2106,1,0,0,0,,0,train
2021-10-08,12.39,19.67,23,5.04,0.157,13.36,1.65,-0.64,0.63,23.16,18.4,70.9,1008.0,0.0,rocklea,2021,10,4,281,2107,1,0,0,0,,0,train
2021-10-09,7.91,13.0,23,4.39,0.122,10.05,1.8,-0.96,-0.74,23.04,18.6,71.9,1009.5,0.0,rocklea,2021,10,5,282,2108,1,1,0,0,,0,train
2021-10-10,2.91,5.0,23,1.83,0.1,6.71,2.18,-1.31,-1.51,23.86,20.7,67.3,1006.0,0.0,rocklea,2021,10,6,283,2109,1,1,0,0,,0,train
2021-10-11,9.59,19.33,22,4.04,0.123,8.07,1.8,-0.95,-0.51,22.88,19.2,68.9,1002.5,5.2,rocklea,2021,10,0,284,2110,1,0,0,0,,0,train
2021-10-12,13.83,21.67,23,4.87,0.165,2.49,1.78,1.03,1.39,19.01,16.5,80.1,1002.0,12.8,rocklea,2021,10,1,285,2111,1,0,0,0,,0,train
2021-10-13,10.48,19.0,23,3.26,0.109,4.91,2.02,-1.03,0.4,20.97,17.3,81.9,1003.9,0.0,rocklea,2021,10,2,286,2112,1,0,0,0,,0,train
2021-10-14,11.96,28.67,23,1.3,0.104,5.77,1.88,-1.59,-0.6,21.49,17.9,83.1,1002.7,19.8,rocklea,2021,10,3,287,2113,1,0,0,0,,0,train
2021-10-15,15.57,12.67,23,4.91,0.222,12.94,1.44,0.14,-0.7,25.35,21.9,67.4,998.5,0.0,rocklea,2021,10,4,288,2114,1,0,0,0,,0,train
2021-10-16,14.48,8.33,23,6.04,0.296,7.68,2.18,2.02,0.55,22.56,16.2,35.1,1000.7,0.0,rocklea,2021,10,5,289,2115,1,1,0,0,,0,train
2021-10-17,8.96,7.67,23,3.61,0.209,4.28,1.16,-0.64,-0.06,21.85,15.0,50.8,1005.6,0.0,rocklea,2021,10,6,290,2116,1,1,0,0,,0,train
2021-10-18,15.17,23.33,23,7.83,0.226,6.29,1.52,-0.18,0.08,20.37,16.7,76.6,1007.5,6.6,rocklea,2021,10,0,291,2117,1,0,0,0,,0,train
2021-10-19,14.13,16.0,23,5.26,0.209,6.63,1.42,0.26,0.38,21.43,15.3,71.7,1006.2,0.0,rocklea,2021,10,1,292,2118,1,0,0,0,,0,train
2021-10-20,14.04,25.67,23,4.35,0.174,6.07,1.74,-1.04,-0.24,22.29,18.2,69.4,1005.2,3.6,rocklea,2021,10,2,293,2119,1,0,0,0,,0,train
2021-10-21,13.74,22.67,23,4.65,0.178,5.49,,,,21.55,17.5,75.5,1005.5,2.2,rocklea,2021,10,3,294,2120,1,0,0,0,,0,train
2021-10-22,11.43,19.67,23,,0.161,6.0,1.7,-0.98,-0.67,22.98,19.1,81.9,1006.5,0.0,rocklea,2021,10,4,295,2121,1,0,0,0,,0,train
2021-10-23,6.17,10.67,23,2.0,0.143,6.85,1.64,-1.03,-1.08,25.06,21.5,77.4,1006.0,3.7,rocklea,2021,10,5,296,2122,1,1,0,0,,0,train
2021-10-24,10.61,9.0,23,2.96,0.196,7.41,1.99,1.04,0.65,27.53,21.5,59.5,1004.2,0.0,rocklea,2021,10,6,297,2123,1,1,0,0,,0,train
2021-10-25,10.91,10.0,23,3.04,0.1,12.14,1.36,-0.8,-0.46,23.69,21.6,75.5,1006.8,0.3,rocklea,2021,10,0,298,2124,1,0,0,0,,0,train
2021-10-26,14.13,23.33,23,4.0,0.13,8.37,1.52,-1.12,0.3,23.74,21.1,73.9,1008.2,0.0,rocklea,2021,10,1,299,2125,1,0,0,0,,0,train
2021-10-27,8.39,14.0,23,1.65,0.1,5.7,1.8,-1.23,-0.69,24.59,20.6,75.2,1008.5,1.3,rocklea,2021,10,2,300,2126,1,0,0,0,,0,train
2021-10-28,9.13,14.67,23,3.09,0.126,7.14,1.81,-1.07,-1.19,26.59,23.5,73.9,1004.9,1.7,rocklea,2021,10,3,301,2127,1,0,0,0,,0,train
2021-10-29,13.52,11.0,23,8.04,0.196,7.77,1.18,0.71,0.21,24.64,21.5,72.3,1004.0,0.1,rocklea,2021,10,4,302,2128,1,0,1,0,,0,train
2021-10-30,10.04,13.33,23,4.09,0.178,8.87,1.36,-0.06,0.45,25.72,21.2,69.8,1004.7,9.8,rocklea,2021,10,5,303,2129,1,1,0,0,,0,train
2021-10-31,5.14,5.0,22,1.57,0.105,6.4,2.79,-1.21,2.06,21.5,19.3,71.0,1012.0,5.0,rocklea,2021,10,6,304,2130,1,1,0,0,,0,train
2021-11-01,11.74,20.33,23,3.96,0.139,5.77,1.74,-1.16,0.94,21.14,17.3,60.0,1015.9,0.0,rocklea,2021,11,0,305,2131,1,0,0,0,,0,train
2021-11-02,8.48,16.0,23,3.09,0.117,5.79,1.89,-1.52,0.77,21.78,19.5,66.7,1015.8,0.0,rocklea,2021,11,1,306,2132,1,0,0,0,,0,train
2021-11-03,11.61,15.33,23,2.52,0.157,5.0,1.8,-1.13,0.96,21.32,18.0,65.9,1015.2,0.0,rocklea,2021,11,2,307,2133,1,0,0,0,,0,train
2021-11-04,11.48,18.0,23,4.17,0.165,4.46,1.75,-0.97,0.01,21.47,16.0,64.8,1012.2,0.1,rocklea,2021,11,3,308,2134,1,0,0,0,,0,train
2021-11-05,10.96,20.0,23,3.26,0.13,4.25,1.54,-1.33,0.15,21.8,18.7,69.9,1009.9,0.0,rocklea,2021,11,4,309,2135,1,0,0,0,,0,train
2021-11-06,5.7,7.33,23,1.61,0.113,3.95,1.63,-1.11,-0.25,21.9,18.4,75.0,1006.5,0.0,rocklea,2021,11,5,310,2136,1,1,0,0,,0,train
2021-11-07,3.57,5.0,23,2.22,0.1,4.5,1.85,-1.09,-1.35,23.79,21.0,74.7,1003.2,0.2,rocklea,2021,11,6,311,2137,1,1,0,0,,0,train
2021-11-08,13.0,13.67,23,3.91,0.178,6.25,1.22,-0.72,-0.76,24.11,21.1,82.2,1000.1,9.1,rocklea,2021,11,0,312,2138,1,0,0,0,,0,train
2021-11-09,10.39,17.0,23,3.57,0.113,6.1,1.54,-1.26,0.57,25.06,22.7,77.3,1002.4,0.0,rocklea,2021,11,1,313,2139,1,0,0,0,,0,train
2021-11-10,7.52,12.67,23,1.26,0.078,6.55,2.13,-1.66,-0.94,25.77,23.3,81.7,1001.5,1.2,rocklea,2021,11,2,314,2140,1,0,0,0,,0,train
2021-11-11,13.3,16.0,23,5.35,0.165,5.23,1.2,-0.35,-0.83,26.04,23.8,84.8,997.1,20.4,rocklea,2021,11,3,315,2141,1,0,0,0,,0,train
2021-11-12,12.59,20.0,22,5.3,0.181,3.99,1.51,-0.21,-1.03,25.81,23.3,79.4,993.7,2.0,rocklea,2021,11,4,316,2142,1,0,0,0,,0,train
2021-11-13,7.35,3.33,23,3.91,0.187,3.41,3.53,3.43,0.5,22.99,18.1,37.1,998.5,0.0,rocklea,2021,11,5,317,2143,1,1,0,0,,0,train
2021-11-14,10.13,6.0,23,4.22,0.213,3.16,1.62,1.27,-0.14,23.09,15.8,43.5,1002.4,0.0,rocklea,2021,11,6,318,2144,1,1,0,0,,0,train
2021-11-15,18.04,24.0,23,7.83,0.296,3.93,1.57,1.27,0.02,24.86,16.7,44.1,1002.7,0.0,rocklea,2021,11,0,319,2145,1,0,0,0,,0,train
2021-11-16,15.78,23.67,23,8.35,0.248,4.59,1.42,-0.41,0.05,24.21,17.8,47.2,1005.8,0.0,rocklea,2021,11,1,320,2146,1,0,0,0,,0,train
2021-11-17,9.61,12.67,23,1.17,0.113,6.49,2.52,-1.86,1.35,23.17,20.4,64.6,1011.2,0.0,rocklea,2021,11,2,321,2147,1,0,0,0,,0,train
2021-11-18,9.52,12.33,23,2.26,0.13,5.37,1.77,-1.57,-0.29,22.69,20.1,68.0,1011.5,0.0,rocklea,2021,11,3,322,2148,1,0,0,0,,0,train
2021-11-19,11.83,16.0,23,4.78,0.165,5.22,1.54,-0.57,-0.67,23.51,17.4,68.0,1008.5,0.0,rocklea,2021,11,4,323,2149,1,0,0,0,,0,train
2021-11-20,5.7,6.67,23,3.22,0.1,5.18,1.64,-1.05,-0.95,25.48,20.8,66.0,1005.4,0.0,rocklea,2021,11,5,324,2150,1,1,0,0,,0,train
2021-11-21,4.87,5.0,23,1.52,0.087,5.15,1.37,-1.05,-0.6,24.95,22.8,70.0,1004.3,0.0,rocklea,2021,11,6,325,2151,1,1,0,0,,0,train
2021-11-22,10.87,21.0,23,2.57,0.135,5.98,1.61,-0.65,0.51,22.88,20.4,81.0,1004.8,30.8,rocklea,2021,11,0,326,2152,1,0,0,0,,0,train
2021-11-23,8.13,12.0,23,1.57,0.1,4.78,1.81,-1.26,0.85,22.68,20.0,82.4,1007.0,30.8,rocklea,2021,11,1,327,2153,1,0,0,0,,0,train
2021-11-24,8.35,14.0,23,2.35,0.087,3.88,1.41,-1.0,-0.06,23.92,20.6,85.5,1006.0,0.2,rocklea,2021,11,2,328,2154,1,0,0,0,,0,train
2021-11-25,9.52,16.33,23,2.22,0.13,5.22,1.2,-0.71,-0.59,23.94,22.2,89.2,1003.2,5.8,rocklea,2021,11,3,329,2155,1,0,0,0,,0,train
2021-11-26,7.17,13.67,23,2.26,0.091,4.48,1.71,-1.12,-1.22,25.35,23.1,85.8,999.2,5.2,rocklea,2021,11,4,330,2156,1,0,0,0,,0,train
2021-11-27,6.13,10.0,23,1.57,0.091,3.64,1.71,-0.78,1.07,24.62,22.1,77.1,1002.2,0.0,rocklea,2021,11,5,331,2157,1,1,0,0,,0,train
2021-11-28,3.65,3.33,23,1.09,0.057,3.42,2.28,-1.11,1.66,24.2,21.2,67.6,1007.5,0.0,rocklea,2021,11,6,332,2158,1,1,0,0,,0,train
2021-11-29,8.0,12.67,23,1.48,0.052,3.78,2.34,-1.21,1.74,24.03,21.3,71.6,1008.2,0.3,rocklea,2021,11,0,333,2159,1,0,0,0,,0,train
2021-11-30,11.83,16.67,23,4.73,0.126,3.32,1.46,-0.18,1.2,21.95,20.9,89.6,1005.5,42.9,rocklea,2021,11,1,334,2160,1,0,0,0,,0,train
2021-12-01,10.26,13.0,23,3.91,0.174,3.26,1.07,-0.09,0.69,22.83,21.0,90.6,1003.4,3.8,rocklea,2021,12,2,335,2161,1,0,0,0,,0,train
2021-12-02,11.78,13.0,23,2.87,0.17,3.55,1.11,-0.26,0.66,25.4,21.8,78.6,1003.8,0.0,rocklea,2021,12,3,336,2162,1,0,0,0,,0,train
2021-12-03,7.48,12.0,23,2.48,0.109,3.36,1.56,-0.56,0.67,26.42,21.6,73.2,1005.2,0.0,rocklea,2021,12,4,337,2163,1,0,0,0,,0,train
2021-12-04,7.09,7.0,23,2.39,0.113,5.15,1.48,-0.47,-0.31,25.47,20.3,73.2,1003.3,7.9,rocklea,2021,12,5,338,2164,1,1,0,0,,0,train
2021-12-05,4.78,5.0,23,1.61,0.087,4.5,2.45,-0.53,1.81,23.54,19.5,72.9,1005.2,0.0,rocklea,2021,12,6,339,2165,1,1,0,0,,0,train
2021-12-06,9.74,17.67,23,2.74,0.109,4.49,1.66,-0.47,0.82,23.63,19.2,72.4,1006.0,0.0,rocklea,2021,12,0,340,2166,1,0,0,0,,0,train
2021-12-07,8.61,10.33,23,2.52,0.104,6.18,1.46,-0.82,-0.19,24.91,20.7,78.7,1004.6,0.0,rocklea,2021,12,1,341,2167,1,0,0,0,,0,train
2021-12-08,16.06,12.67,18,7.09,0.189,5.68,0.82,0.04,0.01,23.14,20.6,81.9,1003.3,26.1,rocklea,2021,12,2,342,2168,1,0,0,0,,0,train
2021-12-09,11.96,17.0,23,5.39,0.126,4.97,1.48,0.05,-0.29,25.13,20.1,74.5,1000.4,10.6,rocklea,2021,12,3,343,2169,1,0,0,0,,0,train
2021-12-10,15.04,16.67,23,7.09,0.178,4.27,1.55,1.23,0.28,26.46,20.4,59.0,999.4,2.2,rocklea,2021,12,4,344,2170,1,0,0,0,,0,train
2021-12-11,7.52,7.67,23,3.35,0.135,4.98,1.73,-0.58,0.7,24.87,18.8,52.3,1002.2,0.0,rocklea,2021,12,5,345,2171,1,1,0,1,,0,train
2021-12-12,3.52,3.33,23,0.96,0.052,5.18,1.93,-1.04,1.19,24.64,20.9,67.2,1004.6,0.0,rocklea,2021,12,6,346,2172,1,1,0,1,,0,train
2021-12-13,8.43,13.0,23,2.09,0.096,6.1,1.87,-0.97,1.09,24.52,20.3,66.4,1003.4,0.2,rocklea,2021,12,0,347,2173,1,0,0,1,,0,train
2021-12-14,10.35,15.0,23,2.96,0.109,6.66,1.88,-0.3,1.29,25.48,20.1,57.4,1002.8,0.0,rocklea,2021,12,1,348,2174,1,0,0,1,,0,train
2021-12-15,9.17,15.0,23,2.91,0.109,6.36,1.59,-0.29,0.43,25.29,19.5,62.7,1003.3,0.0,rocklea,2021,12,2,349,2175,1,0,0,1,,0,train
2021-12-16,12.65,13.67,23,5.04,0.122,6.92,1.28,-0.4,-0.27,26.42,20.5,66.2,1003.1,0.0,rocklea,2021,12,3,350,2176,1,0,0,1,,0,train
2021-12-17,12.59,14.67,22,4.04,0.155,5.32,1.37,-0.77,0.38,25.75,22.6,76.8,1006.3,0.3,rocklea,2021,12,4,351,2177,1,0,0,1,,0,train
2021-12-18,6.52,5.67,23,2.26,0.091,5.44,1.66,-1.23,-0.32,26.02,21.8,71.4,1008.2,0.0,rocklea,2021,12,5,352,2178,1,1,0,1,,0,train
2021-12-19,6.09,7.0,23,1.83,0.1,5.11,1.61,-0.82,-0.76,26.1,20.7,67.5,1007.1,0.0,rocklea,2021,12,6,353,2179,1,1,0,1,,0,train
2021-12-20,7.83,11.33,23,3.57,0.087,5.58,1.42,-0.42,-0.36,27.82,22.7,67.2,1005.4,0.0,rocklea,2021,12,0,354,2180,1,0,0,1,,0,train
2021-12-21,8.48,14.0,23,2.39,0.087,5.72,1.54,-0.82,-1.07,28.14,24.3,69.7,1004.8,0.0,rocklea,2021,12,1,355,2181,1,0,0,1,,0,train
2021-12-22,9.13,12.67,23,3.0,0.1,4.89,1.45,-0.57,-0.58,27.48,22.9,67.4,1002.6,0.0,rocklea,2021,12,2,356,2182,1,0,0,1,,0,train
2021-12-23,8.91,12.33,23,2.74,0.148,5.3,1.37,-0.77,0.04,26.32,22.1,76.9,1001.9,8.9,rocklea,2021,12,3,357,2183,1,0,0,1,,0,train
2021-12-24,7.96,10.33,23,2.04,0.1,4.48,1.65,-0.32,1.0,26.12,23.0,78.8,1002.2,3.8,rocklea,2021,12,4,358,2184,1,0,0,1,,0,train
2021-12-25,5.22,5.0,23,1.43,0.083,3.78,1.57,-0.64,0.89,24.97,21.9,80.3,1003.0,3.5,rocklea,2021,12,5,359,2185,1,1,1,1,,0,train
2021-12-26,5.04,6.0,23,1.3,0.083,2.74,1.78,-0.61,1.32,24.58,21.0,79.2,1002.5,0.1,rocklea,2021,12,6,360,2186,1,1,1,1,,0,train
2021-12-27,6.04,4.0,23,1.7,0.091,3.28,1.72,-0.26,1.32,24.55,21.9,76.4,1000.8,1.6,rocklea,2021,12,0,361,2187,1,0,1,1,,0,train
2021-12-28,4.48,3.33,23,1.22,0.065,5.08,3.4,-0.93,3.12,22.52,20.3,68.0,1003.8,0.0,rocklea,2021,12,1,362,2188,1,0,1,1,,0,train
2021-12-29,8.26,11.0,23,1.26,0.096,4.7,2.37,-0.65,1.85,22.62,19.6,65.5,1004.9,0.0,rocklea,2021,12,2,363,2189,1,0,0,1,,0,train
2021-12-30,7.91,12.67,23,2.09,0.1,4.31,2.43,-0.76,1.78,22.74,18.4,69.5,1005.4,0.0,rocklea,2021,12,3,364,2190,1,0,0,1,,0,train
2021-12-31,5.87,10.33,23,1.35,0.083,6.02,1.94,-1.02,1.03,23.01,19.5,75.7,1004.2,0.2,rocklea,2021,12,4,365,2191,1,0,0,1,,0,train
2022-01-01,7.35,5.0,23,1.48,0.125,5.85,1.42,0.16,1.24,22.53,21.1,85.9,1002.3,3.4,rocklea,2022,1,5,1,2192,1,1,1,1,,0,train
2022-01-02,6.04,2.67,23,1.78,0.103,4.9,2.0,0.53,1.55,23.83,20.0,73.2,998.2,2.0,rocklea,2022,1,6,2,2193,1,1,0,1,,0,train
2022-01-03,3.57,2.0,23,1.17,0.086,3.95,3.11,1.63,2.51,26.03,20.9,59.5,994.2,0.0,rocklea,2022,1,0,3,2194,1,0,1,1,,0,train
2022-01-04,5.04,7.0,23,2.22,0.105,2.54,3.07,1.79,2.41,27.35,23.4,63.6,993.9,0.0,rocklea,2022,1,1,4,2195,1,0,0,1,,0,train
2022-01-05,6.04,11.0,23,1.42,0.107,4.98,2.72,-0.81,2.25,26.4,23.8,81.3,996.8,0.9,rocklea,2022,1,2,5,2196,1,0,0,1,,0,train
2022-01-06,3.96,8.0,23,0.17,0.084,8.81,2.82,-2.0,1.88,26.45,23.5,80.8,1000.8,0.5,rocklea,2022,1,3,6,2197,1,0,0,1,,0,train
2022-01-07,1.35,2.0,23,0.13,0.063,12.57,2.64,-2.58,0.27,26.0,25.1,85.2,1003.2,2.7,rocklea,2022,1,4,7,2198,1,0,0,1,,0,train
2022-01-08,4.61,7.0,23,0.39,0.103,10.22,1.52,-1.36,-0.52,25.49,24.0,84.0,1003.2,6.3,rocklea,2022,1,5,8,2199,1,1,0,1,,0,train
2022-01-09,2.65,2.67,23,0.35,0.07,8.65,1.6,-1.5,-0.3,26.45,24.3,78.2,1005.1,0.0,rocklea,2022,1,6,9,2200,1,1,0,1,,0,train
2022-01-10,6.17,9.33,23,1.39,0.115,8.48,1.9,-1.4,1.17,26.46,22.7,72.0,1008.6,0.0,rocklea,2022,1,0,10,2201,1,0,0,1,,0,train
2022-01-11,6.09,7.67,23,0.48,0.102,7.47,2.15,-1.59,1.36,26.0,22.9,70.6,1009.0,0.7,rocklea,2022,1,1,11,2202,1,0,0,1,,0,train
2022-01-12,8.7,15.0,23,2.3,0.127,6.39,1.99,-0.72,1.31,25.05,20.6,68.7,1007.4,0.0,rocklea,2022,1,2,12,2203,1,0,0,1,,0,train
2022-01-13,7.91,11.0,23,2.04,0.123,5.57,1.86,-0.96,1.07,25.7,21.1,65.5,1005.9,0.0,rocklea,2022,1,3,13,2204,1,0,0,1,,0,train
2022-01-14,8.04,13.67,23,2.7,0.134,6.01,1.7,-0.55,0.1,25.13,20.4,69.9,1002.9,0.0,rocklea,2022,1,4,14,2205,1,0,0,1,,0,train
2022-01-15,5.04,6.33,23,2.26,0.11,6.26,1.65,-0.86,-0.73,26.67,21.5,67.5,1000.5,0.0,rocklea,2022,1,5,15,2206,1,1,0,1,,0,train
2022-01-16,4.13,5.67,23,1.78,0.091,4.62,1.72,-0.66,-0.4,26.75,22.1,71.9,999.9,3.4,rocklea,2022,1,6,16,2207,1,1,0,1,,0,train
2022-01-17,5.5,10.0,20,2.0,0.088,6.13,1.73,-1.38,-0.84,28.09,25.1,72.8,1002.0,0.0,rocklea,2022,1,0,17,2208,1,0,0,1,,0,train
2022-01-18,5.3,9.67,23,1.13,0.062,5.65,1.8,-1.52,-0.87,27.93,25.6,74.0,1002.7,0.0,rocklea,2022,1,1,18,2209,1,0,0,1,,0,train
2022-01-19,8.22,13.33,23,2.52,0.091,5.46,1.42,-0.71,0.01,27.34,23.5,74.2,1003.3,3.7,rocklea,2022,1,2,19,2210,1,0,0,1,,0,train
2022-01-20,9.43,14.0,21,2.43,0.109,3.55,2.31,-0.71,2.1,23.49,21.5,85.6,1007.7,6.0,rocklea,2022,1,3,20,2211,1,0,0,1,,0,train
2022-01-21,8.39,13.33,23,1.83,0.093,8.94,3.38,-1.48,2.86,24.3,21.4,65.0,1011.5,0.4,rocklea,2022,1,4,21,2212,1,0,0,1,,0,train
2022-01-22,6.96,9.33,23,2.09,0.1,4.88,1.98,-0.35,1.67,22.96,20.0,75.0,1008.6,1.3,rocklea,2022,1,5,22,2213,1,1,0,1,,0,train
2022-01-23,4.74,3.67,23,1.87,0.077,3.1,1.98,-0.11,1.42,23.98,19.9,72.0,1004.7,0.0,rocklea,2022,1,6,23,2214,1,1,0,1,,0,train
2022-01-24,7.22,11.0,23,3.0,0.09,4.25,1.4,-0.41,0.4,24.98,20.0,71.4,1002.2,0.0,rocklea,2022,1,0,24,2215,1,0,0,1,,0,train
2022-01-25,10.0,12.67,23,3.04,0.101,5.16,1.26,-0.68,0.03,26.62,23.2,69.2,1001.8,0.4,rocklea,2022,1,1,25,2216,1,0,0,1,,0,train
2022-01-26,6.35,6.0,23,1.3,0.062,5.0,1.2,-0.82,0.54,24.03,22.5,85.6,1003.0,3.4,rocklea,2022,1,2,26,2217,1,0,1,1,,0,train
2022-01-27,10.95,16.67,20,3.26,0.115,4.95,1.82,-0.68,1.44,25.05,22.2,71.5,1004.9,0.0,rocklea,2022,1,3,27,2218,1,0,0,1,,0,train
2022-01-28,7.65,13.0,23,1.91,0.109,4.55,1.75,-1.01,0.89,25.6,21.9,74.5,1005.7,0.4,rocklea,2022,1,4,28,2219,1,0,0,1,,0,train
2022-01-29,4.87,6.0,23,1.87,0.074,5.89,1.99,-0.72,1.21,25.79,21.8,74.1,1005.2,0.1,rocklea,2022,1,5,29,2220,1,1,0,1,,0,train
2022-01-30,3.17,3.67,23,1.13,0.05,5.32,1.9,-0.85,1.13,26.49,21.5,73.9,1002.7,0.0,rocklea,2022,1,6,30,2221,1,1,0,1,,0,train
2022-01-31,7.64,11.0,22,2.61,0.082,4.36,1.57,-0.4,0.13,27.6,23.2,72.2,998.8,0.0,rocklea,2022,1,0,31,2222,1,0,0,1,,0,train
2022-02-01,8.48,12.33,23,3.48,0.096,6.25,1.51,-0.56,-0.9,29.47,25.5,73.7,995.7,2.1,rocklea,2022,2,1,32,2223,1,0,0,1,,0,train
2022-02-02,13.48,17.33,23,7.22,0.165,5.48,0.91,-0.02,-0.23,28.47,25.0,81.7,994.5,9.8,rocklea,2022,2,2,33,2224,1,0,0,1,,0,train
2022-02-03,11.13,13.0,23,4.95,0.137,,1.32,0.29,0.65,25.58,21.9,85.1,992.4,15.1,rocklea,2022,2,3,34,2225,1,0,0,1,,0,train
2022-02-04,10.57,13.67,23,2.7,0.182,,2.7,0.41,2.4,23.81,20.2,65.1,998.0,1.3,rocklea,2022,2,4,35,2226,1,0,0,1,,0,train
2022-02-05,7.0,6.0,23,2.3,0.123,7.75,2.7,0.41,2.28,22.86,18.9,60.4,1002.5,0.0,rocklea,2022,2,5,36,2227,1,1,0,1,,0,train
2022-02-06,4.7,4.0,23,1.35,0.094,6.1,2.98,-0.35,2.65,22.57,19.6,67.6,1005.9,0.1,rocklea,2022,2,6,37,2228,1,1,0,1,,0,train
2022-02-07,9.61,12.67,23,3.26,0.125,5.61,2.62,0.16,2.15,23.42,19.6,64.2,1006.4,0.2,rocklea,2022,2,0,38,2229,1,0,0,0,,0,train
2022-02-08,8.78,13.33,23,3.17,0.103,7.55,1.76,-0.12,0.89,23.78,18.6,64.1,1004.7,0.0,rocklea,2022,2,1,39,2230,1,0,0,0,,0,train
2022-02-09,10.52,14.33,23,4.09,0.112,7.06,1.27,-0.23,0.21,24.9,19.7,64.4,1003.7,0.0,rocklea,2022,2,2,40,2231,1,0,0,0,,0,train
2022-02-10,13.39,16.0,23,4.48,0.126,6.09,1.41,-0.36,0.93,25.55,20.0,63.1,1003.3,0.0,rocklea,2022,2,3,41,2232,1,0,0,0,,0,train
2022-02-11,14.09,18.33,23,4.65,0.142,5.62,2.24,-0.02,1.88,25.5,19.6,58.8,1001.6,0.0,rocklea,2022,2,4,42,2233,1,0,0,0,,0,train
2022-02-12,9.04,8.33,23,2.61,0.115,6.88,2.35,0.24,1.96,24.0,21.0,63.5,1003.8,3.7,rocklea,2022,2,5,43,2234,1,1,0,0,,0,train
2022-02-13,4.78,4.67,23,1.57,0.077,7.88,2.7,-0.71,2.04,23.93,19.3,65.3,1009.4,0.1,rocklea,2022,2,6,44,2235,1,1,0,0,,0,train
2022-02-14,10.39,14.33,23,5.0,0.131,6.18,1.95,-0.28,1.5,22.59,19.8,81.9,1013.1,0.0,rocklea,2022,2,0,45,2236,1,0,0,0,,0,train
2022-02-15,11.17,16.33,23,4.39,0.122,9.76,2.01,-0.59,1.58,23.09,19.5,78.2,1012.2,0.0,rocklea,2022,2,1,46,2237,1,0,0,0,,0,train
2022-02-16,10.48,19.0,21,2.65,0.125,7.38,1.86,-0.82,1.25,24.57,20.7,69.4,1008.5,0.0,rocklea,2022,2,2,47,2238,1,0,0,0,,0,train
2022-02-17,10.14,15.0,22,3.43,0.168,7.03,1.37,-0.43,-0.23,25.12,19.6,70.4,1004.2,0.0,rocklea,2022,2,3,48,2239,1,0,0,0,,0,train
2022-02-18,13.39,15.0,23,6.52,0.192,6.76,1.14,-0.19,-0.4,25.97,21.1,72.4,1002.5,10.1,rocklea,2022,2,4,49,2240,1,0,0,0,,0,train
2022-02-19,8.35,10.0,23,3.57,0.157,6.45,1.77,-0.44,1.16,25.04,20.6,76.7,1005.0,7.4,rocklea,2022,2,5,50,2241,1,1,0,0,,0,train
2022-02-20,4.7,6.67,23,1.35,0.1,5.03,1.4,-0.61,0.34,24.47,21.4,80.9,1003.5,2.5,rocklea,2022,2,6,51,2242,1,1,0,0,,0,train
2022-02-21,7.91,12.33,23,2.26,0.154,5.72,1.39,-0.71,-0.1,25.65,21.4,75.6,1001.8,0.0,rocklea,2022,2,0,52,2243,1,0,0,0,,0,train
2022-02-22,8.3,12.0,23,2.17,0.155,6.06,1.64,-0.86,1.0,25.1,21.9,80.6,1004.0,0.3,rocklea,2022,2,1,53,2244,1,0,0,0,,0,train
2022-02-23,9.26,12.33,23,1.22,0.126,4.55,1.74,-1.08,1.1,24.75,21.7,84.4,1004.9,18.5,rocklea,2022,2,2,54,2245,1,0,0,0,,0,train
2022-02-24,4.57,8.67,23,0.61,0.075,7.3,2.28,-2.07,0.15,25.09,23.0,85.2,1002.5,23.6,rocklea,2022,2,3,55,2246,1,0,0,0,,0,train
2022-02-25,5.65,9.33,23,0.26,0.089,7.18,2.26,-1.91,1.09,23.27,22.0,89.8,999.8,81.8,rocklea,2022,2,4,56,2247,1,0,0,0,flood_2022,0,unused
2022-02-26,5.57,6.33,23,0.17,0.085,5.88,2.26,-1.35,1.7,22.24,21.2,89.4,999.2,87.6,springwood,2022,2,5,57,2248,1,1,0,0,flood_2022,0,unused
2022-02-27,5.22,7.0,23,2.3,0.074,1.39,2.32,0.96,1.96,20.66,19.8,91.7,997.6,238.8,springwood,2022,2,6,58,2249,1,1,0,0,flood_2022,0,unused
2022-02-28,4.78,6.67,23,2.83,0.08,1.29,1.99,1.34,1.31,23.9,20.2,84.2,996.1,1.9,springwood,2022,2,0,59,2250,1,0,0,0,flood_2022,0,unused
2022-03-01,6.26,10.0,23,1.96,0.101,3.04,1.85,0.05,1.02,25.58,21.4,78.7,996.6,,,2022,3,1,60,2251,1,0,0,0,flood_2022,0,unused
2022-03-02,8.91,9.33,23,3.52,0.135,5.45,1.48,-0.66,-0.06,26.55,22.2,77.4,996.8,0.0,springwood,2022,3,2,61,2252,1,0,0,0,flood_2022,0,unused
2022-03-03,14.35,21.0,23,3.83,0.146,6.03,1.16,-0.49,-0.22,23.82,20.1,81.0,997.2,22.9,springwood,2022,3,3,62,2253,1,0,0,0,flood_2022,0,unused
2022-03-04,15.09,15.0,23,4.57,0.18,5.95,1.49,-0.25,1.06,24.58,21.9,81.1,997.8,0.0,springwood,2022,3,4,63,2254,1,0,0,0,flood_2022,0,unused
2022-03-05,9.13,9.0,23,3.96,0.142,4.83,1.24,0.03,-0.15,26.14,20.8,74.2,997.6,0.0,springwood,2022,3,5,64,2255,1,1,0,0,flood_2022,0,unused
2022-03-06,9.43,10.0,23,3.26,0.155,6.6,1.0,-0.04,0.03,26.15,22.8,82.8,996.0,24.2,springwood,2022,3,6,65,2256,1,1,0,0,flood_2022,0,unused
2022-03-07,12.26,13.33,23,4.87,0.152,5.06,1.31,-0.32,0.04,25.46,20.2,75.6,995.9,0.0,springwood,2022,3,0,66,2257,1,0,0,0,,0,train
2022-03-08,16.52,22.67,23,4.91,0.188,7.08,1.23,0.26,0.27,28.47,22.8,72.7,996.5,,,2022,3,1,67,2258,1,0,0,0,,0,train
2022-03-09,17.48,23.0,23,8.0,0.227,7.5,1.41,0.26,0.33,28.46,24.0,70.8,1000.1,0.2,springwood,2022,3,2,68,2259,1,0,0,0,,0,train
2022-03-10,11.17,20.0,23,3.35,0.102,6.05,1.86,-0.96,1.27,24.72,23.0,74.0,1005.5,0.0,springwood,2022,3,3,69,2260,1,0,0,0,,0,train
2022-03-11,10.65,13.67,23,2.78,0.11,5.15,2.35,-1.16,1.94,23.58,21.6,75.2,1007.9,,,2022,3,4,70,2261,1,0,0,0,,0,train
2022-03-12,8.22,8.0,23,2.65,0.121,4.64,2.04,-0.38,1.52,23.3,19.6,67.5,1010.6,0.0,springwood,2022,3,5,71,2262,1,1,0,0,,0,train
2022-03-13,7.26,6.0,23,2.87,0.108,4.61,2.01,-0.39,1.51,23.3,18.8,68.5,1011.2,,,2022,3,6,72,2263,1,1,0,0,,0,train
2022-03-14,12.16,14.0,19,4.04,0.14,4.48,1.88,-0.17,1.45,23.63,18.9,67.1,1009.1,,,2022,3,0,73,2264,1,0,0,0,,0,train
2022-03-15,14.87,19.0,23,5.74,0.15,5.53,1.82,0.05,1.41,23.23,19.7,71.9,1007.9,,,2022,3,1,74,2265,1,0,0,0,,0,train
2022-03-16,12.91,17.67,22,5.22,0.148,5.62,1.55,0.01,1.14,24.05,19.7,71.9,1007.3,0.0,springwood,2022,3,2,75,2266,1,0,0,0,,0,train
2022-03-17,11.7,14.0,23,4.83,0.13,5.45,1.9,-0.12,1.37,24.91,19.9,71.7,1006.3,0.0,springwood,2022,3,3,76,2267,1,0,0,0,,0,train
2022-03-18,11.35,17.0,23,3.22,0.127,6.42,1.83,-0.52,1.35,24.65,20.7,71.9,1005.2,0.0,springwood,2022,3,4,77,2268,1,0,0,0,,0,train
2022-03-19,9.3,10.67,23,3.17,0.119,6.11,2.07,-0.42,1.53,24.45,19.9,65.6,1005.0,0.0,springwood,2022,3,5,78,2269,1,1,0,0,,0,train
2022-03-20,6.04,6.0,23,1.78,0.072,6.4,1.52,-0.14,0.7,24.18,20.4,65.6,1005.7,0.0,springwood,2022,3,6,79,2270,1,1,0,0,,0,train
2022-03-21,11.39,17.67,23,3.87,0.132,7.15,1.37,0.18,0.6,24.17,18.6,64.3,1005.3,0.0,springwood,2022,3,0,80,2271,1,0,0,0,,0,train
2022-03-22,13.13,16.0,23,5.22,0.138,7.06,1.29,0.04,0.19,24.53,19.3,65.7,1004.2,0.0,springwood,2022,3,1,81,2272,1,0,0,0,,0,train
2022-03-23,14.35,19.67,23,7.17,0.158,8.72,1.22,-0.21,-0.31,25.38,19.5,73.1,1002.4,0.0,springwood,2022,3,2,82,2273,1,0,0,0,,0,train
2022-03-24,13.87,21.0,23,3.96,0.147,8.29,1.16,-0.65,-0.51,26.48,23.0,72.3,1004.6,0.0,springwood,2022,3,3,83,2274,1,0,0,0,,0,train
2022-03-25,16.0,21.33,23,4.57,0.171,7.25,1.18,-0.01,0.3,24.53,20.3,78.3,1006.0,27.9,springwood,2022,3,4,84,2275,1,0,0,0,,0,train
2022-03-26,11.26,10.33,23,3.43,0.156,4.15,1.2,0.3,0.62,23.04,19.9,78.3,1006.1,1.1,springwood,2022,3,5,85,2276,1,1,0,0,,0,train
2022-03-27,6.65,6.33,23,1.7,0.075,3.18,1.35,-0.35,0.32,23.78,20.3,75.0,1005.2,3.4,springwood,2022,3,6,86,2277,1,1,0,0,,0,train
2022-03-28,14.48,18.67,23,5.17,0.329,3.57,1.76,0.15,1.48,21.01,19.9,90.3,1001.2,75.1,springwood,2022,3,0,87,2278,1,0,0,0,,0,train
2022-03-29,14.17,14.33,23,7.41,0.167,2.46,1.83,1.53,0.73,21.59,19.5,87.4,994.2,3.4,springwood,2022,3,1,88,2279,1,0,0,0,,0,train
2022-03-30,9.96,13.33,23,5.26,0.127,2.77,2.31,2.21,0.06,23.74,20.9,75.4,991.5,0.1,springwood,2022,3,2,89,2280,1,0,0,0,,0,train
2022-03-31,13.83,15.33,23,5.61,0.158,3.3,1.91,1.06,1.47,24.99,21.5,66.8,997.4,0.0,springwood,2022,3,3,90,2281,1,0,0,0,,0,train
2022-04-01,12.83,19.67,23,3.48,0.12,5.81,1.42,0.15,0.55,23.67,19.8,61.8,1002.5,0.0,springwood,2022,4,4,91,2282,1,0,0,0,,0,train
2022-04-02,11.48,11.33,23,4.48,0.144,5.67,1.18,-0.33,-0.41,23.53,19.0,73.8,1005.0,0.0,springwood,2022,4,5,92,2283,1,1,0,1,,0,train
2022-04-03,6.96,9.67,23,2.3,0.093,5.81,1.29,-0.55,-0.58,24.69,20.0,75.5,1006.9,0.0,springwood,2022,4,6,93,2284,1,1,0,1,,0,train
2022-04-04,14.39,20.0,23,2.48,0.141,5.93,1.0,-0.53,-0.15,24.4,21.6,76.6,1007.0,0.0,springwood,2022,4,0,94,2285,1,0,0,1,,0,train
2022-04-05,14.48,15.33,23,5.13,0.151,7.11,1.19,-0.23,0.07,24.42,19.3,72.5,1005.5,0.0,springwood,2022,4,1,95,2286,1,0,0,1,,0,train
2022-04-06,16.61,20.33,23,5.17,0.141,6.83,1.67,-0.67,1.07,24.38,21.3,70.1,1005.4,0.0,springwood,2022,4,2,96,2287,1,0,0,1,,0,train
2022-04-07,14.13,21.33,23,5.96,0.149,7.02,1.9,-0.39,1.34,23.1,19.0,72.7,1005.6,0.3,springwood,2022,4,3,97,2288,1,0,0,1,,0,train
2022-04-08,12.09,18.33,23,4.0,0.109,6.23,2.35,-0.76,1.91,23.43,19.6,74.7,1007.5,1.0,springwood,2022,4,4,98,2289,1,0,0,1,,0,train
2022-04-09,9.35,11.0,23,3.65,0.109,5.56,1.82,-0.28,1.43,21.87,19.5,85.7,1009.9,0.5,springwood,2022,4,5,99,2290,1,1,0,1,,0,train
2022-04-10,7.22,7.0,23,2.52,0.075,5.47,1.41,-0.23,0.97,23.13,18.8,75.2,1009.3,0.0,springwood,2022,4,6,100,2291,1,1,0,1,,0,train
2022-04-11,12.7,14.33,23,4.3,0.146,5.51,1.09,0.28,0.33,23.97,18.9,76.0,1007.9,0.0,springwood,2022,4,0,101,2292,1,0,0,1,,0,train
2022-04-12,14.09,17.0,23,5.65,0.131,6.24,1.48,-0.01,0.81,24.25,20.3,72.4,1008.0,0.0,springwood,2022,4,1,102,2293,1,0,0,1,,0,train
2022-04-13,14.13,20.0,23,5.0,0.111,5.36,1.46,-0.39,1.04,21.9,18.7,76.3,1009.6,0.0,springwood,2022,4,2,103,2294,1,0,0,1,,0,train
2022-04-14,14.17,18.0,23,5.35,0.135,4.05,2.03,0.29,1.72,21.15,17.3,69.6,1011.2,0.0,springwood,2022,4,3,104,2295,1,0,0,1,,0,train
2022-04-15,6.43,4.67,23,3.39,0.082,3.89,2.31,0.45,1.73,21.2,17.6,72.1,1010.8,0.0,springwood,2022,4,4,105,2296,1,0,1,1,,0,train
2022-04-16,8.0,8.0,23,2.87,0.11,3.54,2.07,0.75,1.57,20.94,17.8,72.7,1009.3,0.0,springwood,2022,4,5,106,2297,1,1,1,1,,0,train
2022-04-17,8.35,4.33,23,3.65,0.124,3.88,1.89,0.72,1.37,21.08,18.0,74.5,1009.1,0.0,springwood,2022,4,6,107,2298,1,1,1,1,,0,train
2022-04-18,7.35,5.0,23,2.39,0.103,5.12,1.18,-0.0,0.43,21.8,17.3,72.0,1010.0,0.0,springwood,2022,4,0,108,2299,1,0,1,1,,0,train
2022-04-19,14.7,20.67,23,4.61,0.185,5.2,1.15,-0.0,-0.35,22.11,16.8,73.9,1009.4,0.0,springwood,2022,4,1,109,2300,1,0,0,0,,0,train
2022-04-20,17.5,19.0,22,9.7,0.225,6.0,1.3,0.9,0.11,24.63,19.2,69.5,1007.4,0.0,springwood,2022,4,2,110,2301,1,0,0,0,,0,train
2022-04-21,16.35,19.0,23,6.61,0.174,6.85,1.57,-0.15,0.92,22.31,17.6,70.9,1011.1,0.0,springwood,2022,4,3,111,2302,1,0,0,0,,0,train
2022-04-22,16.52,28.0,23,6.87,0.186,6.74,1.68,-0.4,1.14,22.2,19.1,71.4,1014.5,1.3,springwood,2022,4,4,112,2303,1,0,0,0,,0,train
2022-04-23,10.09,13.33,23,3.74,0.135,5.25,2.19,-0.36,1.9,19.85,17.9,83.9,1015.8,0.2,springwood,2022,4,5,113,2304,1,1,0,0,,0,train
2022-04-24,8.13,8.33,23,2.17,0.125,5.08,2.04,-0.39,1.67,19.65,16.9,77.8,1016.4,1.2,springwood,2022,4,6,114,2305,1,1,0,0,,0,train
2022-04-25,9.61,9.33,23,3.39,0.129,4.35,1.59,-0.24,1.33,18.8,17.4,81.9,1014.3,1.6,springwood,2022,4,0,115,2306,1,0,1,0,,0,train
2022-04-26,16.96,19.33,23,6.13,0.231,5.5,1.19,0.06,0.65,20.18,17.8,74.6,1011.1,0.0,springwood,2022,4,1,116,2307,1,0,0,0,,0,train
2022-04-27,13.35,17.0,23,5.48,0.216,5.18,1.28,-0.3,0.06,21.15,17.2,82.2,1009.6,0.7,springwood,2022,4,2,117,2308,1,0,0,0,,0,train
2022-04-28,15.43,17.67,23,5.57,0.275,6.85,1.17,-0.12,0.31,21.85,18.6,82.3,1011.3,0.8,springwood,2022,4,3,118,2309,1,0,0,0,,0,train
2022-04-29,12.61,16.33,23,4.61,0.21,7.02,1.36,-0.29,0.62,22.53,19.1,80.9,1012.3,0.9,springwood,2022,4,4,119,2310,1,0,0,0,,0,train
2022-04-30,11.22,9.67,23,4.17,0.221,7.47,1.12,0.09,0.09,22.79,19.4,82.0,1010.5,0.4,springwood,2022,4,5,120,2311,1,1,0,0,,0,train
2022-05-01,10.35,8.0,23,6.91,0.23,6.05,1.37,0.95,0.97,20.25,18.8,86.4,1009.9,0.3,springwood,2022,5,6,121,2312,1,1,0,0,,0,train
2022-05-02,7.96,6.33,23,2.96,0.134,5.94,1.99,-0.14,1.41,21.01,17.7,69.5,1011.2,0.0,springwood,2022,5,0,122,2313,1,0,1,0,,0,train
2022-05-03,14.7,19.67,23,7.04,0.196,4.79,1.28,0.27,0.72,20.22,15.4,75.4,1010.0,0.0,springwood,2022,5,1,123,2314,1,0,0,0,,0,train
2022-05-04,15.83,17.33,23,5.38,0.224,4.9,1.0,0.15,0.5,21.17,16.4,79.5,1008.0,0.0,springwood,2022,5,2,124,2315,1,0,0,0,,0,train
2022-05-05,15.17,20.33,23,8.35,0.221,6.58,1.21,-0.08,-0.33,22.99,18.7,80.7,1005.9,0.0,springwood,2022,5,3,125,2316,1,0,0,0,,0,train
2022-05-06,15.48,21.67,23,8.87,0.214,4.85,1.3,0.83,0.42,23.12,20.5,83.3,1007.5,22.1,springwood,2022,5,4,126,2317,1,0,0,0,,0,train
2022-05-07,10.22,10.33,23,7.43,0.199,4.79,1.83,1.56,0.92,20.92,17.6,81.2,1010.6,1.5,springwood,2022,5,5,127,2318,1,1,0,0,,0,train
2022-05-08,7.87,4.33,23,3.61,0.151,4.6,1.9,0.68,1.41,19.46,16.1,79.6,1012.3,0.6,springwood,2022,5,6,128,2319,1,1,0,0,,0,train
2022-05-09,17.87,25.33,23,7.13,0.215,5.48,1.62,0.67,1.3,17.83,17.0,84.0,1014.5,6.2,springwood,2022,5,0,129,2320,1,0,0,0,,0,train
2022-05-10,14.0,23.0,23,5.78,0.164,6.57,2.3,-0.58,1.76,20.3,17.2,76.1,1014.2,0.0,springwood,2022,5,1,130,2321,1,0,0,0,,0,train
2022-05-11,11.26,16.67,23,0.65,0.075,8.95,2.2,-1.8,1.09,20.25,19.2,87.1,1011.8,31.7,springwood,2022,5,2,131,2322,1,0,0,0,,0,train
2022-05-12,8.87,13.33,23,0.7,0.065,10.73,2.39,-2.31,-0.35,21.73,21.0,85.2,1008.2,31.1,springwood,2022,5,3,132,2323,1,0,0,0,,0,train
2022-05-13,13.09,18.0,23,0.91,0.123,14.76,1.95,-1.82,-0.51,22.2,21.0,83.5,1005.8,7.1,springwood,2022,5,4,133,2324,1,0,0,0,,0,train
2022-05-14,8.87,8.33,23,0.3,0.073,5.68,1.72,-1.33,0.88,21.51,19.5,89.8,1004.9,1.3,springwood,2022,5,5,134,2325,1,1,0,0,,0,train
2022-05-15,7.13,2.67,23,1.0,0.109,5.6,1.18,-1.1,-0.24,24.17,22.7,90.2,1004.2,0.2,springwood,2022,5,6,135,2326,1,1,0,0,,0,train
2022-05-16,18.87,18.0,23,5.87,0.271,7.54,0.68,0.19,0.24,24.1,22.3,88.1,1004.8,0.6,springwood,2022,5,0,136,2327,1,0,0,0,,0,train
2022-05-17,15.13,17.67,23,5.39,0.195,7.71,1.28,-0.35,0.89,23.26,21.0,83.5,1007.8,0.0,springwood,2022,5,1,137,2328,1,0,0,0,,0,train
2022-05-18,18.61,21.0,23,5.87,0.243,8.66,0.91,0.21,0.32,22.38,20.3,83.8,1009.7,0.0,rocklea,2022,5,2,138,2329,1,0,0,0,,0,train
2022-05-19,15.91,17.67,23,5.91,0.193,8.08,1.65,-0.25,1.2,20.33,18.2,79.4,1012.9,0.0,rocklea,2022,5,3,139,2330,1,0,0,0,,0,train
2022-05-20,17.75,23.33,20,7.91,0.261,6.61,1.48,0.59,1.21,18.73,17.1,75.6,1016.0,0.1,rocklea,2022,5,4,140,2331,1,0,0,0,,0,train
2022-05-21,12.39,11.0,23,6.57,0.213,5.4,1.22,0.74,0.87,17.12,16.3,89.8,1014.9,6.7,rocklea,2022,5,5,141,2332,1,1,0,0,,0,train
2022-05-22,9.7,9.33,23,3.0,0.151,4.27,1.62,0.37,1.42,17.6,16.1,87.8,1011.9,1.1,rocklea,2022,5,6,142,2333,1,1,0,0,,0,train
2022-05-23,14.13,20.0,23,7.65,0.205,4.52,1.68,0.33,1.36,17.91,15.5,82.8,1013.0,0.0,rocklea,2022,5,0,143,2334,1,0,0,0,,0,train
2022-05-24,16.48,18.0,21,7.91,0.218,5.35,1.86,0.25,1.44,18.6,15.7,82.7,1012.9,0.6,rocklea,2022,5,1,144,2335,1,0,0,0,,0,train
2022-05-25,17.87,21.0,23,5.52,0.201,5.7,1.59,-0.07,1.15,18.94,15.9,79.7,1011.2,0.0,rocklea,2022,5,2,145,2336,1,0,0,0,,0,train
2022-05-26,18.26,20.67,23,7.0,0.261,5.23,1.68,0.17,1.16,18.91,15.8,78.0,1008.8,0.0,rocklea,2022,5,3,146,2337,1,0,0,0,,0,train
2022-05-27,18.78,21.0,23,7.22,0.273,5.52,1.58,0.33,1.1,19.38,15.4,76.8,1006.8,0.0,rocklea,2022,5,4,147,2338,1,0,0,0,,0,train
2022-05-28,17.35,11.33,23,6.22,0.289,5.81,1.26,0.91,0.44,19.79,15.1,77.2,1002.7,0.0,rocklea,2022,5,5,148,2339,1,1,0,0,,0,train
2022-05-29,12.3,15.0,23,4.78,0.217,4.55,1.61,1.53,0.05,18.23,14.4,64.8,1000.0,0.0,rocklea,2022,5,6,149,2340,1,1,0,0,,0,train
2022-05-30,20.39,30.67,23,10.09,0.308,5.03,1.03,-0.05,-0.48,17.68,14.2,67.9,996.8,0.3,rocklea,2022,5,0,150,2341,1,0,0,0,,0,train
2022-05-31,9.0,15.33,23,5.26,0.19,4.49,3.49,3.45,-0.05,18.0,15.9,47.1,998.1,0.0,rocklea,2022,5,1,151,2342,1,0,0,0,,0,train
2022-06-01,10.78,16.67,23,7.48,0.228,3.94,3.22,3.16,0.4,17.38,14.6,48.8,1003.7,0.0,rocklea,2022,6,2,152,2343,1,0,0,0,,0,train
2022-06-02,21.13,27.67,23,9.65,0.407,5.65,1.34,0.68,0.48,15.11,11.4,57.2,1010.3,0.0,rocklea,2022,6,3,153,2344,1,0,0,0,,0,train
2022-06-03,21.04,24.67,23,10.52,0.324,6.66,1.21,0.13,-0.12,16.71,10.3,73.7,1008.4,5.2,rocklea,2022,6,4,154,2345,1,0,0,0,,0,train
2022-06-04,11.74,18.33,23,4.87,0.226,4.1,1.93,1.64,0.1,17.7,13.0,70.3,1005.4,0.7,rocklea,2022,6,5,155,2346,1,1,0,0,,0,train
2022-06-05,10.13,9.33,23,4.22,0.224,3.56,1.33,0.23,-0.02,16.11,10.7,69.6,1007.0,0.0,rocklea,2022,6,6,156,2347,1,1,0,0,,0,train
2022-06-06,18.13,17.33,23,9.71,0.282,4.25,1.48,1.34,-0.2,17.57,13.1,64.2,1004.0,0.1,rocklea,2022,6,0,157,2348,1,0,0,0,,0,train
2022-06-07,19.7,30.67,23,13.05,0.311,3.49,1.48,1.28,0.43,14.48,11.8,61.3,1007.3,0.0,rocklea,2022,6,1,158,2349,1,0,0,0,,0,train
2022-06-08,17.39,28.33,23,10.3,0.314,3.9,1.79,1.58,0.65,14.58,10.2,54.9,1007.2,0.0,rocklea,2022,6,2,159,2350,1,0,0,0,,0,train
2022-06-09,14.0,23.0,23,8.74,0.29,3.24,2.5,2.35,0.48,13.14,8.7,53.9,1007.7,0.0,rocklea,2022,6,3,160,2351,1,0,0,0,,0,train
2022-06-10,14.13,20.0,23,8.18,0.303,3.43,2.5,2.39,0.45,12.82,9.0,56.3,1008.1,0.0,rocklea,2022,6,4,161,2352,1,0,0,0,,0,train
2022-06-11,11.7,16.0,23,5.61,0.292,3.1,2.23,2.08,0.44,13.83,8.7,57.0,1007.7,0.0,rocklea,2022,6,5,162,2353,1,1,0,0,,0,train
2022-06-12,8.52,7.67,23,3.3,0.269,3.34,2.51,2.45,0.28,14.78,11.8,52.0,1006.8,0.0,rocklea,2022,6,6,163,2354,1,1,0,0,,0,train
2022-06-13,19.17,22.67,23,8.91,0.366,7.37,1.45,0.93,0.83,15.45,10.5,64.9,1010.8,0.0,rocklea,2022,6,0,164,2355,1,0,0,0,,0,train
2022-06-14,21.74,23.0,23,8.91,0.35,8.12,1.08,0.35,0.6,16.65,12.6,79.3,1014.0,0.0,rocklea,2022,6,1,165,2356,1,0,0,0,,0,train
2022-06-15,24.91,24.33,23,10.52,0.439,9.47,0.98,0.46,0.25,17.42,12.9,80.6,1013.2,0.0,rocklea,2022,6,2,166,2357,1,0,0,0,,0,train
2022-06-16,25.04,17.33,23,12.48,0.565,11.88,1.22,0.99,0.69,17.05,12.7,75.8,1010.2,0.0,rocklea,2022,6,3,167,2358,1,0,0,0,,0,train
2022-06-17,26.52,24.67,23,11.35,0.491,9.21,1.22,0.86,0.5,16.21,10.5,64.3,1009.8,0.0,rocklea,2022,6,4,168,2359,1,0,0,0,,0,train
2022-06-18,19.74,19.0,23,8.7,0.444,11.71,1.32,0.57,0.81,15.48,10.4,67.8,1012.2,0.0,rocklea,2022,6,5,169,2360,1,1,0,0,,0,train
2022-06-19,16.22,12.0,23,7.96,0.367,8.11,1.54,0.91,1.04,16.3,10.9,70.4,1012.7,0.0,rocklea,2022,6,6,170,2361,1,1,0,0,,0,train
2022-06-20,19.7,25.33,23,8.7,0.312,5.39,1.48,0.63,0.98,17.29,14.0,71.4,1011.6,0.0,rocklea,2022,6,0,171,2362,1,0,0,0,,0,train
2022-06-21,22.57,21.33,23,11.17,0.456,7.23,1.13,0.75,0.49,16.13,10.7,74.3,1013.0,0.0,rocklea,2022,6,1,172,2363,1,0,0,0,,0,train
2022-06-22,24.71,18.67,21,10.65,0.556,9.4,1.06,0.67,0.46,16.54,11.0,72.7,1014.3,0.0,rocklea,2022,6,2,173,2364,1,0,0,0,,0,train
2022-06-23,24.91,19.0,23,10.0,0.549,15.42,0.99,0.4,0.15,16.58,11.4,74.5,1014.9,0.0,rocklea,2022,6,3,174,2365,1,0,0,0,,0,train
2022-06-24,24.91,19.0,23,13.13,0.501,16.35,1.05,0.82,0.07,16.23,10.7,69.1,1012.8,0.0,rocklea,2022,6,4,175,2366,1,0,0,0,,0,train
2022-06-25,22.09,15.0,23,7.04,0.624,18.62,0.89,0.66,0.37,14.89,8.8,66.4,1013.6,0.0,rocklea,2022,6,5,176,2367,1,1,0,1,,0,train
2022-06-26,19.17,13.33,23,7.04,0.537,24.36,1.1,0.65,0.47,14.95,8.8,69.5,1015.6,0.0,rocklea,2022,6,6,177,2368,1,1,0,1,,0,train
2022-06-27,22.57,20.67,23,12.26,0.506,16.41,1.58,1.34,0.82,15.88,10.1,62.7,1013.8,0.0,rocklea,2022,6,0,178,2369,1,0,0,1,,0,train
2022-06-28,20.17,25.0,23,8.87,0.313,6.24,1.77,0.69,1.32,15.67,11.4,62.6,1015.9,0.0,rocklea,2022,6,1,179,2370,1,0,0,1,,0,train
2022-06-29,20.17,25.33,23,9.7,0.344,6.62,1.32,0.9,0.79,15.21,12.8,74.3,1015.1,0.0,rocklea,2022,6,2,180,2371,1,0,0,1,,0,train
2022-06-30,20.5,25.33,22,7.23,0.281,6.54,1.08,0.24,0.66,17.32,13.7,76.1,1013.7,0.0,rocklea,2022,6,3,181,2372,1,0,0,1,,0,train
2022-07-01,20.13,25.67,23,11.04,0.319,8.83,1.25,0.9,0.84,15.75,14.9,88.2,1012.8,2.6,rocklea,2022,7,4,182,2373,1,0,0,1,,0,train
2022-07-02,12.43,13.67,23,7.09,0.283,5.36,1.04,0.78,0.67,16.01,15.0,90.3,1008.7,0.8,rocklea,2022,7,5,183,2374,1,1,0,1,,0,train
2022-07-03,9.48,5.33,23,3.65,0.228,5.62,1.99,1.7,1.01,15.15,12.9,72.9,1006.0,0.0,rocklea,2022,7,6,184,2375,1,1,0,1,,0,train
2022-07-04,16.83,25.33,23,9.04,0.277,6.97,1.39,1.21,0.51,13.18,11.2,72.9,1006.0,0.5,rocklea,2022,7,0,185,2376,1,0,0,1,,0,train
2022-07-05,15.17,18.33,23,11.65,0.257,7.02,1.46,1.14,0.87,11.98,10.8,89.7,1005.2,3.8,rocklea,2022,7,1,186,2377,1,0,0,1,,0,train
2022-07-06,14.09,22.0,23,7.09,0.213,4.83,1.78,1.57,0.28,15.24,12.8,80.0,1002.2,0.6,rocklea,2022,7,2,187,2378,1,0,0,1,,0,train
2022-07-07,11.39,15.67,23,5.48,0.173,3.92,2.45,2.42,-0.02,17.8,14.6,67.6,1001.1,0.0,rocklea,2022,7,3,188,2379,1,0,0,1,,0,train
2022-07-08,13.3,22.67,23,6.35,0.22,3.34,2.45,2.38,0.41,15.6,12.6,56.7,1004.5,0.0,rocklea,2022,7,4,189,2380,1,0,0,1,,0,train
2022-07-09,18.17,12.0,23,6.13,0.411,9.38,1.45,1.17,0.75,13.5,9.0,64.2,1008.3,0.0,rocklea,2022,7,5,190,2381,1,1,0,1,,0,train
2022-07-10,16.0,11.0,23,5.57,0.322,9.75,1.38,0.79,0.87,13.24,7.7,67.8,1010.2,0.0,rocklea,2022,7,6,191,2382,1,1,0,1,,0,train
2022-07-11,21.26,23.0,23,9.13,0.285,6.65,1.44,0.83,0.97,14.21,7.7,72.3,1010.9,0.0,rocklea,2022,7,0,192,2383,1,0,0,0,,0,train
2022-07-12,21.74,20.0,23,11.95,0.297,7.55,1.11,0.85,0.46,13.72,9.6,80.9,1007.7,0.2,rocklea,2022,7,1,193,2384,1,0,0,0,,0,train
2022-07-13,14.26,24.33,23,8.48,0.239,4.9,2.35,2.18,0.76,13.88,9.9,64.6,1003.4,0.0,rocklea,2022,7,2,194,2385,1,0,0,0,,0,train
2022-07-14,18.3,20.33,23,10.57,0.283,4.15,2.21,1.72,1.24,14.34,9.7,58.9,1007.6,0.0,rocklea,2022,7,3,195,2386,1,0,0,0,,0,train
2022-07-15,21.65,26.33,23,9.09,0.292,6.92,1.29,0.69,0.56,15.31,9.9,61.9,1015.9,0.0,rocklea,2022,7,4,196,2387,1,0,0,0,,0,train
2022-07-16,21.09,16.33,23,7.52,0.418,12.85,1.14,0.41,0.29,14.9,8.3,70.9,1017.9,0.0,rocklea,2022,7,5,197,2388,1,1,0,0,,0,train
2022-07-17,14.0,12.0,23,7.09,0.207,8.27,1.09,0.23,-0.37,16.86,10.3,69.7,1014.6,0.0,rocklea,2022,7,6,198,2389,1,1,0,0,,0,train
2022-07-18,26.86,31.33,22,11.0,0.36,6.89,0.91,0.66,0.03,19.02,14.1,64.4,1009.6,0.0,rocklea,2022,7,0,199,2390,1,0,0,0,,0,train
2022-07-19,19.65,30.33,23,11.05,0.219,5.78,1.94,0.72,1.37,15.54,11.0,62.3,1012.6,0.0,rocklea,2022,7,1,200,2391,1,0,0,0,,0,train
2022-07-20,20.52,30.67,23,6.83,0.188,5.2,2.11,-0.14,1.68,15.27,12.8,73.4,1016.0,0.0,rocklea,2022,7,2,201,2392,1,0,0,0,,0,train
2022-07-21,18.04,31.33,23,4.17,0.138,5.7,1.69,-0.64,1.1,15.51,12.5,81.1,1013.7,2.8,rocklea,2022,7,3,202,2393,1,0,0,0,,0,train
2022-07-22,19.2,23.33,20,3.13,0.123,6.52,2.83,-0.59,2.49,16.31,15.3,81.5,1008.7,1.2,rocklea,2022,7,4,203,2394,1,0,0,0,,0,train
2022-07-23,14.35,14.0,23,4.04,0.151,4.18,2.06,1.32,1.51,17.31,14.5,71.7,1008.6,0.0,rocklea,2022,7,5,204,2395,1,1,0,0,,0,train
2022-07-24,12.96,10.0,23,3.04,0.169,5.48,1.5,0.74,1.06,16.78,11.9,70.5,1010.4,0.0,rocklea,2022,7,6,205,2396,1,1,0,0,,0,train
2022-07-25,23.78,24.0,23,7.65,0.283,7.72,1.02,0.34,0.16,16.17,10.9,74.0,1010.5,0.0,rocklea,2022,7,0,206,2397,1,0,0,0,,0,train
2022-07-26,18.84,20.67,19,12.45,0.274,9.08,1.57,0.8,0.16,17.87,11.3,73.1,1006.5,0.0,rocklea,2022,7,1,207,2398,1,0,0,0,,0,train
2022-07-27,14.43,27.67,23,11.52,0.232,4.69,2.53,2.43,0.49,15.32,11.2,43.0,1009.0,0.0,rocklea,2022,7,2,208,2399,1,0,0,0,,0,train
2022-07-28,24.7,28.67,23,9.91,0.391,8.19,1.05,0.65,0.54,14.9,8.8,60.6,1013.5,0.0,rocklea,2022,7,3,209,2400,1,0,0,0,,0,train
2022-07-29,25.35,21.0,23,12.83,0.427,8.75,1.47,1.22,0.64,15.35,8.9,59.8,1012.8,0.0,rocklea,2022,7,4,210,2401,1,0,0,0,,0,train
2022-07-30,12.43,15.0,23,4.39,0.197,7.25,1.63,-0.14,1.1,15.48,11.0,61.0,1016.0,0.0,rocklea,2022,7,5,211,2402,1,1,0,0,,0,train
2022-07-31,13.17,10.67,23,3.87,0.239,7.74,1.3,0.05,0.12,15.67,11.6,69.9,1015.9,0.0,rocklea,2022,7,6,212,2403,1,1,0,0,,0,train
2022-08-01,23.22,26.67,23,12.22,0.287,8.99,0.92,0.21,-0.07,16.15,13.3,80.0,1012.1,0.0,rocklea,2022,8,0,213,2404,1,0,0,0,,0,train
2022-08-02,17.83,17.67,23,7.78,0.237,7.52,1.09,0.38,0.32,17.43,12.9,77.3,1010.8,0.0,rocklea,2022,8,1,214,2405,1,0,0,0,,0,train
2022-08-03,19.57,24.67,23,10.52,0.218,9.27,1.13,-0.15,-0.22,18.18,13.6,77.5,1010.9,0.0,rocklea,2022,8,2,215,2406,1,0,0,0,,0,train
2022-08-04,14.43,18.67,23,9.52,0.154,7.56,1.5,-0.41,-0.53,18.25,13.5,80.9,1007.5,0.0,rocklea,2022,8,3,216,2407,1,0,0,0,,0,train
2022-08-05,18.74,25.33,23,9.52,0.219,7.7,1.03,0.55,0.0,19.82,16.0,72.2,1004.3,0.0,rocklea,2022,8,4,217,2408,1,0,0,0,,0,train
2022-08-06,13.87,12.67,23,7.26,0.181,5.22,1.7,1.63,0.18,18.52,14.7,68.1,1004.6,1.4,rocklea,2022,8,5,218,2409,1,1,0,0,,0,train
2022-08-07,11.13,7.33,23,5.91,0.206,5.08,1.85,1.59,0.77,16.8,12.3,51.4,1007.3,0.0,rocklea,2022,8,6,219,2410,1,1,0,0,,0,train
2022-08-08,17.65,25.67,23,6.87,0.226,4.06,1.4,0.84,0.67,15.83,10.2,55.5,1009.8,0.0,rocklea,2022,8,0,220,2411,1,0,0,0,,0,train
2022-08-09,16.83,25.33,23,9.67,0.197,6.07,1.54,0.57,0.88,15.82,10.5,60.0,1011.6,0.0,rocklea,2022,8,1,221,2412,1,0,0,0,,0,train
2022-08-10,12.7,14.33,23,7.17,0.165,6.65,1.81,0.42,1.25,15.9,11.0,60.0,1015.2,0.0,rocklea,2022,8,2,222,2413,1,0,1,0,,0,train
2022-08-11,15.17,24.67,23,5.48,0.163,6.32,1.28,-0.06,0.38,16.06,10.5,72.6,1015.2,0.0,rocklea,2022,8,3,223,2414,1,0,0,0,,0,train
2022-08-12,19.17,21.67,23,8.13,0.204,7.17,1.2,-0.1,-0.3,16.78,14.2,84.3,1012.0,0.0,rocklea,2022,8,4,224,2415,1,0,0,0,,0,train
2022-08-13,16.48,13.67,23,7.96,0.285,7.7,0.85,0.22,-0.25,16.26,12.6,88.1,1007.5,0.9,rocklea,2022,8,5,225,2416,1,1,0,0,,0,train
2022-08-14,14.48,10.33,23,6.22,0.256,6.29,1.33,1.15,0.35,16.33,10.3,63.1,1006.1,0.0,rocklea,2022,8,6,226,2417,1,1,0,0,,0,train
2022-08-15,21.7,32.0,23,11.61,0.31,4.46,1.2,0.95,0.14,15.76,9.4,58.1,1004.9,0.0,rocklea,2022,8,0,227,2418,1,0,0,0,,0,train
2022-08-16,22.09,27.0,23,11.26,0.305,6.48,0.93,0.69,0.42,15.68,9.1,64.6,1003.4,0.0,rocklea,2022,8,1,228,2419,1,0,0,0,,0,train
2022-08-17,23.04,25.0,23,9.91,0.369,6.48,1.31,0.86,0.88,15.98,10.3,62.8,1007.5,0.0,rocklea,2022,8,2,229,2420,1,0,0,0,,0,train
2022-08-18,21.0,24.33,23,12.22,0.285,10.05,1.19,0.1,-0.15,16.75,9.6,62.1,1009.0,0.0,rocklea,2022,8,3,230,2421,1,0,0,0,,0,train
2022-08-19,26.57,32.0,23,14.04,0.38,15.34,1.08,0.78,-0.06,19.83,10.9,59.8,1006.8,0.0,rocklea,2022,8,4,231,2422,1,0,0,0,,0,train
2022-08-20,15.78,17.33,23,6.22,0.213,7.17,1.07,0.23,0.17,18.35,12.5,62.8,1011.2,0.0,rocklea,2022,8,5,232,2423,1,1,0,0,,0,train
2022-08-21,9.52,10.33,23,4.17,0.145,7.92,1.53,-0.2,0.87,16.49,11.1,67.5,1014.6,0.0,rocklea,2022,8,6,233,2424,1,1,0,0,,0,train
2022-08-22,16.74,24.0,23,7.13,0.188,7.74,1.25,-0.14,-0.07,16.95,11.4,72.4,1014.1,0.0,rocklea,2022,8,0,234,2425,1,0,0,0,,0,train
2022-08-23,14.13,22.67,23,8.96,0.163,7.58,1.46,0.19,-0.42,18.93,13.3,71.7,1007.2,2.0,rocklea,2022,8,1,235,2426,1,0,0,0,,0,train
2022-08-24,10.39,13.33,23,6.52,0.181,2.35,2.96,2.82,0.59,14.81,10.2,50.3,1009.3,0.0,rocklea,2022,8,2,236,2427,1,0,0,0,,0,train
2022-08-25,19.48,25.33,23,9.43,0.242,5.02,1.25,0.33,0.15,16.0,9.1,56.0,1012.9,0.0,rocklea,2022,8,3,237,2428,1,0,0,0,,0,train
2022-08-26,21.91,23.67,23,9.04,0.282,9.83,1.23,0.09,0.25,16.04,10.1,67.9,1015.3,0.0,rocklea,2022,8,4,238,2429,1,0,0,0,,0,train
2022-08-27,13.61,18.33,23,4.7,0.187,7.2,1.5,-0.34,1.0,16.73,10.9,70.2,1017.1,0.0,rocklea,2022,8,5,239,2430,1,1,0,0,,0,train
2022-08-28,10.09,9.67,23,2.61,0.154,7.23,1.33,-0.24,0.48,17.66,13.4,72.5,1018.2,0.0,rocklea,2022,8,6,240,2431,1,1,0,0,,0,train
2022-08-29,16.26,23.33,23,6.48,0.189,8.51,1.59,-0.33,0.03,17.92,14.1,74.6,1016.6,0.2,rocklea,2022,8,0,241,2432,1,0,0,0,,0,train
2022-08-30,24.57,24.33,23,16.39,0.32,9.17,0.69,0.37,0.23,17.65,15.3,82.7,1013.2,0.2,rocklea,2022,8,1,242,2433,1,0,0,0,,0,train
2022-08-31,16.3,18.33,23,8.74,0.167,9.3,1.32,0.21,0.76,18.91,16.2,79.5,1012.2,0.5,rocklea,2022,8,2,243,2434,1,0,0,0,,0,train
2022-09-01,19.0,19.33,23,5.09,0.222,8.22,0.97,-0.11,0.34,18.43,14.0,76.0,1013.5,0.0,rocklea,2022,9,3,244,2435,1,0,0,0,,0,train
2022-09-02,22.74,24.33,23,12.61,0.293,10.1,1.26,0.57,0.9,18.06,15.7,85.8,1011.0,3.2,rocklea,2022,9,4,245,2436,1,0,0,0,,0,train
2022-09-03,11.0,15.33,23,3.13,0.139,3.22,2.26,1.01,1.73,16.77,15.1,79.5,1004.2,2.8,rocklea,2022,9,5,246,2437,1,1,0,0,,0,train
2022-09-04,7.35,3.67,23,3.0,0.12,3.79,2.59,1.51,2.06,17.75,14.5,60.6,1006.9,0.0,rocklea,2022,9,6,247,2438,1,1,0,0,,0,train
2022-09-05,17.71,24.0,21,5.17,,6.24,1.53,0.17,1.0,16.64,12.3,63.3,1011.5,0.0,rocklea,2022,9,0,248,2439,1,0,0,0,,0,train
2022-09-06,17.27,26.0,22,5.48,,6.72,1.48,0.04,0.82,16.93,12.7,66.5,1013.2,0.0,rocklea,2022,9,1,249,2440,1,0,0,0,,0,train
2022-09-07,21.13,23.33,23,5.95,,6.55,1.06,-0.17,0.31,16.28,11.8,70.2,1014.1,0.0,rocklea,2022,9,2,250,2441,1,0,0,0,,0,train
2022-09-08,18.39,24.33,23,6.15,,6.22,1.32,-0.38,-0.17,17.06,11.8,75.5,1012.5,0.0,rocklea,2022,9,3,251,2442,1,0,0,0,,0,train
2022-09-09,18.74,22.33,23,6.22,,5.25,0.95,-0.2,-0.5,18.55,15.9,84.1,1007.2,9.5,rocklea,2022,9,4,252,2443,1,0,0,0,,0,train
2022-09-10,14.43,20.33,23,6.7,,4.46,1.5,1.38,-0.03,20.74,14.5,58.1,1005.0,0.0,rocklea,2022,9,5,253,2444,1,1,0,0,,0,train
2022-09-11,10.91,8.67,23,3.91,,3.5,1.19,0.39,0.09,20.11,15.6,53.1,1006.5,0.0,rocklea,2022,9,6,254,2445,1,1,0,0,,0,train
2022-09-12,16.96,26.33,23,9.26,,4.25,1.22,1.06,-0.23,20.15,17.9,53.7,1008.6,0.0,rocklea,2022,9,0,255,2446,1,0,0,0,,0,train
2022-09-13,13.35,19.33,23,5.13,,5.82,1.6,0.27,0.63,19.33,14.5,55.6,1013.0,0.0,rocklea,2022,9,1,256,2447,1,0,0,0,,0,train
2022-09-14,14.78,23.33,23,5.0,,7.14,1.39,-0.27,0.29,18.59,14.5,65.2,1015.4,0.0,rocklea,2022,9,2,257,2448,1,0,0,0,,0,train
2022-09-15,14.7,27.0,23,5.57,,6.7,1.78,-0.72,-0.82,19.06,15.4,69.8,1009.9,0.0,rocklea,2022,9,3,258,2449,1,0,0,0,,0,train
2022-09-16,18.91,25.0,23,7.26,,8.54,1.08,-0.52,-0.58,19.8,17.0,78.7,1003.3,2.6,rocklea,2022,9,4,259,2450,1,0,0,0,,0,train
2022-09-17,15.26,14.67,23,8.17,,10.1,1.23,1.04,-0.18,22.85,16.2,59.1,1002.5,0.0,rocklea,2022,9,5,260,2451,1,1,0,1,,0,train
2022-09-18,15.52,15.0,23,4.57,,5.9,0.97,0.68,-0.14,21.59,14.8,47.6,1006.5,0.0,rocklea,2022,9,6,261,2452,1,1,0,1,,0,train
2022-09-19,19.57,27.33,23,9.68,,8.26,1.25,0.17,0.05,21.1,13.4,58.6,1007.9,0.0,rocklea,2022,9,0,262,2453,1,0,0,1,,0,train
2022-09-20,15.3,23.67,23,8.22,,9.51,1.48,-0.1,0.71,20.63,13.6,64.1,1010.4,0.0,rocklea,2022,9,1,263,2454,1,0,0,1,,0,train
2022-09-21,17.13,27.67,23,5.35,,8.83,1.44,-0.68,-0.17,19.78,17.0,76.4,1010.7,3.3,rocklea,2022,9,2,264,2455,1,0,0,1,,0,train
2022-09-22,9.26,11.67,23,2.26,,7.42,1.19,-0.65,-0.36,19.06,17.1,86.4,1005.5,11.0,rocklea,2022,9,3,265,2456,1,0,1,1,,0,train
2022-09-23,14.52,17.33,23,7.09,,3.85,1.87,1.65,0.68,20.46,16.2,75.9,1002.4,0.2,rocklea,2022,9,4,266,2457,1,0,0,1,,0,train
2022-09-24,11.65,9.33,23,6.3,,4.11,1.93,1.79,0.42,22.84,17.1,59.4,1002.5,0.0,rocklea,2022,9,5,267,2458,1,1,0,1,,0,train
2022-09-25,9.3,7.0,23,2.78,,5.66,1.43,0.26,0.32,21.51,16.2,60.9,1006.3,0.0,rocklea,2022,9,6,268,2459,1,1,0,1,,0,train
2022-09-26,11.65,16.67,23,6.22,,7.12,1.45,-0.36,-0.39,21.38,16.1,68.3,1007.0,0.0,rocklea,2022,9,0,269,2460,1,0,0,1,,0,train
2022-09-27,11.86,26.0,21,4.83,,6.92,1.5,-0.93,-1.06,21.78,19.1,70.4,1005.3,0.1,rocklea,2022,9,1,270,2461,1,0,0,1,,0,train
2022-09-28,15.74,24.67,23,7.7,0.164,7.78,1.24,0.52,-0.47,22.09,17.9,73.0,1004.2,0.5,rocklea,2022,9,2,271,2462,1,0,0,1,,0,train
2022-09-29,17.04,21.0,23,8.91,0.292,4.0,1.86,1.38,0.64,19.27,15.4,55.2,1006.0,0.0,rocklea,2022,9,3,272,2463,1,0,0,1,,0,train
2022-09-30,15.17,18.33,23,9.61,0.23,6.2,1.47,0.39,0.78,20.08,12.7,61.0,1007.4,0.0,rocklea,2022,9,4,273,2464,1,0,0,1,,0,train
2022-10-01,10.17,8.0,23,4.0,0.154,3.79,1.95,0.31,1.59,18.2,15.3,77.8,1008.0,1.3,rocklea,2022,10,5,274,2465,1,1,0,1,,0,train
2022-10-02,9.17,8.67,23,3.96,0.153,3.78,1.3,0.65,0.86,15.86,13.5,82.5,1007.7,4.5,rocklea,2022,10,6,275,2466,1,1,0,1,,0,train
2022-10-03,6.57,5.67,23,2.48,0.15,4.36,1.36,-0.25,0.77,17.59,12.6,69.3,1011.1,0.0,rocklea,2022,10,0,276,2467,1,0,1,1,,0,train
2022-10-04,15.0,18.67,23,5.13,0.215,4.39,1.36,-0.38,-0.01,18.38,14.2,69.9,1013.2,0.0,rocklea,2022,10,1,277,2468,1,0,0,0,,0,train
2022-10-05,12.26,19.67,23,4.35,0.17,5.26,1.46,-0.66,0.21,19.32,14.2,67.9,1014.0,0.1,rocklea,2022,10,2,278,2469,1,0,0,0,,0,train
2022-10-06,15.86,18.33,21,3.29,0.166,3.62,1.09,-0.38,0.27,19.29,16.8,81.6,1013.0,1.6,rocklea,2022,10,3,279,2470,1,0,0,0,,0,train
2022-10-07,12.04,17.67,23,3.73,0.165,4.54,1.6,-0.85,-0.62,20.66,16.2,73.8,1011.1,0.0,rocklea,2022,10,4,280,2471,1,0,0,0,,0,train
2022-10-08,5.87,11.33,23,2.22,0.078,5.15,1.86,-1.25,-1.26,21.96,18.8,75.5,1009.4,0.0,rocklea,2022,10,5,281,2472,1,1,0,0,,0,train
2022-10-09,6.26,4.0,23,2.35,0.09,5.22,1.8,0.01,0.11,22.46,19.7,77.4,1008.7,2.1,rocklea,2022,10,6,282,2473,1,1,0,0,,0,train
2022-10-10,12.91,19.67,23,2.22,0.143,7.63,2.56,-1.22,2.14,19.88,17.4,69.0,1012.8,0.0,rocklea,2022,10,0,283,2474,1,0,0,0,,0,train
2022-10-11,14.96,20.0,23,3.87,0.202,6.01,2.18,-0.65,1.7,19.55,15.3,59.5,1012.0,0.0,rocklea,2022,10,1,284,2475,1,0,0,0,,0,train
2022-10-12,12.26,20.67,23,3.7,0.176,5.43,2.55,-0.82,2.0,19.97,15.6,60.6,1011.3,0.0,rocklea,2022,10,2,285,2476,1,0,0,0,,0,train
2022-10-13,10.83,20.0,23,2.91,0.133,5.77,1.64,-0.79,0.42,20.87,16.1,69.4,1010.2,0.0,rocklea,2022,10,3,286,2477,1,0,0,0,,0,train
2022-10-14,12.91,16.33,23,4.83,0.178,6.55,1.22,-0.45,-0.76,22.45,18.6,77.4,1006.5,0.1,rocklea,2022,10,4,287,2478,1,0,0,0,,0,train
2022-10-15,6.52,7.0,23,2.35,0.159,5.46,1.77,-0.26,0.6,22.1,17.3,62.2,1008.2,0.0,rocklea,2022,10,5,288,2479,1,1,0,0,,0,train
2022-10-16,7.13,7.33,23,2.26,0.137,6.53,1.45,-1.1,-0.46,21.46,18.3,70.1,1009.3,0.0,rocklea,2022,10,6,289,2480,1,1,0,0,,0,train
2022-10-17,11.26,18.0,23,5.39,0.157,5.4,1.25,-0.48,-0.29,21.28,18.5,73.7,1009.5,0.0,rocklea,2022,10,0,290,2481,1,0,0,0,,0,train
2022-10-18,10.52,22.0,23,3.13,0.163,5.15,1.66,-1.13,-0.86,21.83,18.2,70.5,1010.8,0.0,rocklea,2022,10,1,291,2482,1,0,0,0,,0,train
2022-10-19,11.43,17.33,23,1.17,0.142,5.45,1.48,-1.17,-0.85,20.96,18.8,78.7,1009.9,8.0,rocklea,2022,10,2,292,2483,1,0,0,0,,0,train
2022-10-20,10.43,23.67,23,1.17,0.12,5.8,1.67,-1.27,-1.06,21.95,19.2,79.5,1008.4,0.7,rocklea,2022,10,3,293,2484,1,0,0,0,,0,train
2022-10-21,11.35,10.0,23,0.91,0.115,8.95,1.95,-1.72,-0.88,21.55,20.1,82.9,1007.2,7.2,rocklea,2022,10,4,294,2485,1,0,0,0,,0,train
2022-10-22,6.17,3.0,23,0.74,0.092,9.15,1.73,-1.42,0.04,20.74,18.5,83.9,1005.2,3.3,rocklea,2022,10,5,295,2486,1,1,0,0,,0,train
2022-10-23,6.7,5.0,23,1.87,0.111,3.29,2.15,0.93,1.59,19.94,17.9,86.6,999.0,34.1,rocklea,2022,10,6,296,2487,1,1,0,0,,0,train
2022-10-24,12.83,15.0,23,4.39,0.181,3.92,1.68,0.73,0.03,24.76,18.3,69.4,998.1,0.0,rocklea,2022,10,0,297,2488,1,0,0,0,,0,train
2022-10-25,14.74,24.67,23,5.13,0.167,6.51,1.54,-0.04,-0.47,23.67,19.8,75.9,998.9,5.3,rocklea,2022,10,1,298,2489,1,0,0,0,,0,train
2022-10-26,18.39,21.33,23,7.61,0.27,6.3,1.48,1.16,0.13,26.56,20.6,62.1,996.7,0.0,rocklea,2022,10,2,299,2490,1,0,0,0,,0,train
2022-10-27,17.35,21.0,23,10.57,0.24,6.23,1.47,-0.26,-0.53,26.19,20.2,60.7,995.5,0.0,rocklea,2022,10,3,300,2491,1,0,0,0,,0,train
2022-10-28,17.22,22.0,23,7.83,0.298,4.73,1.93,1.74,0.06,27.31,22.2,44.7,996.9,0.0,rocklea,2022,10,4,301,2492,1,0,0,0,,0,train
2022-10-29,13.35,10.0,23,5.52,0.305,4.61,1.44,1.14,0.41,25.29,18.0,44.8,999.3,0.0,rocklea,2022,10,5,302,2493,1,1,0,0,,0,train
2022-10-30,9.74,9.33,23,3.48,0.257,4.6,1.33,-0.52,-0.02,24.05,18.1,49.3,1002.2,0.0,rocklea,2022,10,6,303,2494,1,1,0,0,,0,train
2022-10-31,11.39,18.0,23,5.74,0.163,6.47,1.76,-0.95,-0.89,24.65,18.5,69.5,999.6,0.0,rocklea,2022,10,0,304,2495,1,0,0,0,,0,train
2022-11-01,12.7,19.33,23,7.17,0.147,4.97,1.62,0.78,-0.46,22.8,19.4,70.1,994.4,7.1,rocklea,2022,11,1,305,2496,1,0,0,0,,0,train
2022-11-02,8.3,11.0,23,5.57,0.267,2.78,3.08,2.99,0.53,20.15,16.3,35.7,1000.5,0.0,rocklea,2022,11,2,306,2497,1,0,0,0,,0,train
2022-11-03,11.39,15.33,23,4.7,0.249,3.84,1.41,0.31,0.71,19.34,13.2,46.9,1008.0,0.0,rocklea,2022,11,3,307,2498,1,0,0,0,,0,train
2022-11-04,10.13,16.0,23,3.78,0.186,4.76,2.39,-0.92,1.64,20.28,14.6,56.8,1014.8,0.0,rocklea,2022,11,4,308,2499,1,0,0,0,,0,train
2022-11-05,6.96,8.0,23,2.78,0.156,4.88,1.94,-0.68,1.34,20.73,16.4,62.6,1016.3,0.0,rocklea,2022,11,5,309,2500,1,1,0,0,,0,train
2022-11-06,4.7,4.0,23,1.39,0.13,4.65,1.7,-0.75,0.99,21.15,16.5,64.3,1014.0,0.0,rocklea,2022,11,6,310,2501,1,1,0,0,,0,train
2022-11-07,11.55,13.33,22,3.83,0.21,4.77,1.79,-0.7,1.17,21.3,16.5,58.6,1011.4,0.0,rocklea,2022,11,0,311,2502,1,0,0,0,,0,train
2022-11-08,11.61,15.33,23,5.04,0.196,4.72,2.15,-0.54,1.7,20.32,15.3,67.7,1010.0,0.0,rocklea,2022,11,1,312,2503,1,0,0,0,,0,train
2022-11-09,11.26,15.67,23,,0.211,5.27,2.12,-0.43,1.66,20.48,15.3,59.4,1016.9,0.0,rocklea,2022,11,2,313,2504,1,0,0,0,,0,train
2022-11-10,11.35,17.0,23,,0.213,5.12,1.86,-0.56,1.14,20.98,16.6,56.8,1016.3,0.0,rocklea,2022,11,3,314,2505,1,0,0,0,,0,train
2022-11-11,11.91,17.33,23,,0.242,5.89,1.54,-0.42,-0.49,21.59,15.3,61.0,1006.5,0.0,rocklea,2022,11,4,315,2506,1,0,0,0,,0,train
2022-11-12,7.39,10.0,23,,0.19,9.03,1.62,-0.87,-0.82,23.31,17.2,66.6,1004.9,0.0,rocklea,2022,11,5,316,2507,1,1,0,0,,0,train
2022-11-13,3.43,4.0,23,,0.12,5.87,2.1,-1.56,-1.46,24.23,20.0,68.0,1005.0,0.0,rocklea,2022,11,6,317,2508,1,1,0,0,,0,train
2022-11-14,8.09,17.0,22,,0.134,6.66,1.96,-1.28,-1.31,25.1,21.4,71.5,1000.4,0.0,rocklea,2022,11,0,318,2509,1,0,0,0,,0,train
2022-11-15,15.05,17.33,21,,,6.29,1.57,0.63,0.32,26.62,21.0,59.9,998.9,0.0,rocklea,2022,11,1,319,2510,1,0,0,0,,0,train
2022-11-16,12.48,19.0,23,,0.195,5.03,2.54,2.29,0.98,24.78,19.4,44.5,999.4,0.0,rocklea,2022,11,2,320,2511,1,0,0,0,,0,train
2022-11-17,11.52,13.0,23,,0.225,4.78,1.72,0.56,0.59,20.65,17.5,40.6,1003.5,0.0,rocklea,2022,11,3,321,2512,1,0,0,0,,0,train
2022-11-18,12.96,16.0,23,,0.17,6.26,1.42,-0.36,-0.22,21.27,14.4,55.6,1004.6,0.0,rocklea,2022,11,4,322,2513,1,0,0,0,,0,train
2022-11-19,8.3,10.0,23,,0.104,7.26,1.9,-0.81,-0.97,23.47,16.8,65.6,1002.0,0.0,rocklea,2022,11,5,323,2514,1,1,0,0,,0,train
2022-11-20,9.3,5.67,23,,0.11,8.12,0.96,-0.03,-0.67,26.52,21.9,74.5,997.0,7.1,rocklea,2022,11,6,324,2515,1,1,0,0,,0,train
2022-11-21,14.35,18.33,23,,0.193,5.78,1.94,1.5,0.32,28.13,22.6,53.7,998.0,0.0,rocklea,2022,11,0,325,2516,1,0,0,0,,0,train
2022-11-22,10.65,16.33,23,,0.205,4.46,2.1,0.83,0.47,24.94,21.6,35.9,1003.7,0.0,rocklea,2022,11,1,326,2517,1,0,0,0,,0,train
2022-11-23,17.96,18.33,23,,0.282,6.47,1.25,0.81,-0.1,23.74,19.4,41.2,1006.4,0.0,rocklea,2022,11,2,327,2518,1,0,0,0,,0,train
2022-11-24,17.52,21.67,23,,0.225,6.82,1.24,-0.23,0.01,24.1,19.6,52.9,1007.5,0.0,rocklea,2022,11,3,328,2519,1,0,0,0,,0,train
2022-11-25,13.87,21.0,23,,0.189,7.91,1.56,-0.48,-0.35,25.41,18.5,59.4,1006.3,0.0,rocklea,2022,11,4,329,2520,1,0,0,0,,0,train
2022-11-26,8.09,10.33,23,4.61,0.133,7.97,1.6,-0.33,0.71,25.42,18.7,59.9,1002.9,0.0,rocklea,2022,11,5,330,2521,1,1,0,0,,0,train
2022-11-27,7.48,4.33,23,3.7,0.093,8.15,1.31,-0.74,-0.34,23.74,20.7,75.5,1000.7,0.4,rocklea,2022,11,6,331,2522,1,1,0,0,,0,train
2022-11-28,9.13,17.67,23,4.9,0.092,6.4,1.65,-1.05,-0.78,25.61,21.8,72.1,998.0,19.7,rocklea,2022,11,0,332,2523,1,0,0,0,,0,train
2022-11-29,12.39,18.67,23,4.35,0.127,8.22,1.75,-0.23,0.58,24.3,21.9,77.5,1000.5,0.4,rocklea,2022,11,1,333,2524,1,0,0,0,,0,train
2022-11-30,12.78,16.67,23,4.57,0.147,8.88,2.69,-0.88,2.37,20.72,16.6,73.1,1004.6,6.8,rocklea,2022,11,2,334,2525,1,0,0,0,,0,train
2022-12-01,12.0,17.67,23,6.3,0.145,3.73,2.45,1.39,1.97,16.88,16.1,87.5,999.5,2.9,rocklea,2022,12,3,335,2526,1,0,0,0,,0,train
2022-12-02,12.74,14.33,23,4.26,0.204,3.9,2.71,0.47,2.23,21.04,16.5,61.3,1000.2,0.0,rocklea,2022,12,4,336,2527,1,0,0,0,,0,train
2022-12-03,6.74,6.0,23,2.48,0.135,6.38,2.8,-0.24,2.35,21.26,16.7,63.4,1004.5,0.0,rocklea,2022,12,5,337,2528,1,1,0,0,,0,train
2022-12-04,4.96,3.0,23,1.83,0.093,4.18,2.49,-0.63,1.99,21.88,17.1,67.9,1004.2,0.0,rocklea,2022,12,6,338,2529,1,1,0,0,,0,train
2022-12-05,8.61,11.0,23,2.83,0.109,5.69,1.7,-0.18,0.14,24.14,18.2,67.1,1000.6,0.0,rocklea,2022,12,0,339,2530,1,0,0,0,,0,train
2022-12-06,13.17,11.67,23,5.35,0.142,6.62,1.51,0.02,-0.19,27.76,20.1,62.7,997.2,0.0,rocklea,2022,12,1,340,2531,1,0,0,0,,0,train
2022-12-07,10.7,16.0,23,4.22,0.098,10.68,1.77,-1.32,-0.66,25.83,21.0,67.5,998.3,0.7,rocklea,2022,12,2,341,2532,1,0,0,0,,0,train
2022-12-08,11.3,17.33,23,5.0,0.118,7.71,1.84,-0.44,-0.92,26.51,21.0,72.6,995.9,22.6,rocklea,2022,12,3,342,2533,1,0,0,0,,0,train
2022-12-09,7.1,12.67,21,1.61,0.08,9.1,1.98,-1.41,0.83,23.92,21.6,63.2,1002.0,0.0,rocklea,2022,12,4,343,2534,1,0,0,0,,0,train
2022-12-10,3.65,6.67,23,1.52,0.075,7.66,1.86,-1.69,-0.19,23.38,21.5,66.3,1006.3,0.1,rocklea,2022,12,5,344,2535,1,1,0,1,,0,train
2022-12-11,4.87,6.33,23,1.43,0.09,7.02,1.67,-1.17,-0.79,24.1,19.7,67.0,1006.0,0.0,rocklea,2022,12,6,345,2536,1,1,0,1,,0,train
2022-12-12,7.74,13.0,23,3.09,0.093,8.08,1.74,-0.69,-1.04,25.92,21.3,74.6,1001.4,4.0,rocklea,2022,12,0,346,2537,1,0,0,1,,0,train
2022-12-13,9.87,16.33,23,3.57,0.107,7.84,1.43,-0.64,0.5,25.09,22.6,73.0,1000.4,1.7,rocklea,2022,12,1,347,2538,1,0,0,1,,0,train
2022-12-14,16.09,15.67,23,4.91,0.187,8.39,1.69,1.37,0.72,27.09,21.2,59.4,997.6,0.0,rocklea,2022,12,2,348,2539,1,0,0,1,,0,train
2022-12-15,11.83,20.67,23,3.71,0.158,6.42,1.4,0.04,0.37,24.04,19.3,65.0,998.5,0.0,rocklea,2022,12,3,349,2540,1,0,0,1,,0,train
2022-12-16,8.83,18.0,23,1.96,0.104,5.9,1.92,-1.18,0.64,23.26,19.7,66.9,1001.7,1.7,rocklea,2022,12,4,350,2541,1,0,0,1,,0,train
2022-12-17,5.74,7.33,23,1.57,0.107,6.42,2.02,-0.9,1.23,22.5,18.4,60.7,1006.8,0.0,rocklea,2022,12,5,351,2542,1,1,0,1,,0,train
2022-12-18,3.96,3.33,23,1.39,0.122,5.51,2.1,-0.84,1.56,22.51,18.0,56.2,1008.2,0.0,rocklea,2022,12,6,352,2543,1,1,0,1,,0,train
2022-12-19,8.04,12.0,23,2.35,0.15,5.95,1.99,-0.53,1.53,22.17,17.9,57.0,1008.8,0.0,rocklea,2022,12,0,353,2544,1,0,0,1,,0,train
2022-12-20,7.22,12.0,23,2.43,0.148,8.5,2.21,-0.57,1.54,22.12,17.0,53.9,1008.0,0.0,rocklea,2022,12,1,354,2545,1,0,0,1,,0,train
2022-12-21,6.83,11.67,23,2.04,0.142,5.61,1.75,-0.66,0.83,22.39,17.6,58.4,1007.0,0.0,rocklea,2022,12,2,355,2546,1,0,0,1,,0,train
2022-12-22,7.13,9.0,23,2.35,0.139,4.83,1.61,-0.96,-0.65,23.7,20.5,59.9,1006.7,0.0,rocklea,2022,12,3,356,2547,1,0,0,1,,0,train
2022-12-23,5.7,9.0,23,3.04,0.117,4.15,1.68,-0.62,-0.94,24.83,20.6,63.7,1005.2,0.0,rocklea,2022,12,4,357,2548,1,0,0,1,,0,train
2022-12-24,8.61,8.33,23,4.48,0.137,6.02,0.98,0.35,0.14,24.6,21.7,74.7,1004.0,0.0,rocklea,2022,12,5,358,2549,1,1,0,1,,0,train
2022-12-25,4.13,4.33,23,1.39,0.087,6.51,1.42,-0.53,0.24,24.09,21.5,73.2,1006.1,2.8,rocklea,2022,12,6,359,2550,1,1,1,1,,0,train
2022-12-26,2.65,1.33,23,1.0,0.07,4.39,1.9,-1.32,1.06,24.54,20.4,69.2,1010.6,0.1,rocklea,2022,12,0,360,2551,1,0,1,1,,0,train
2022-12-27,3.17,3.0,23,1.39,0.08,5.29,2.05,-1.15,1.44,23.76,20.3,67.8,1010.4,0.7,rocklea,2022,12,1,361,2552,1,0,1,1,,0,train
2022-12-28,6.39,10.0,23,1.78,0.116,5.8,1.91,-0.9,1.22,23.89,19.9,65.2,1006.2,0.2,rocklea,2022,12,2,362,2553,1,0,0,1,,0,train
2022-12-29,6.78,9.0,23,2.3,0.117,7.9,2.39,-0.59,1.92,23.82,19.0,69.0,1004.2,0.0,rocklea,2022,12,3,363,2554,1,0,0,1,,0,train
2022-12-30,5.91,9.33,23,1.91,0.101,5.82,2.04,-0.78,1.67,23.2,21.3,85.3,1004.1,0.0,rocklea,2022,12,4,364,2555,1,0,0,1,,0,train
2022-12-31,3.78,4.0,23,1.39,0.08,9.63,1.86,-1.07,1.31,24.55,21.2,74.3,1004.1,0.1,rocklea,2022,12,5,365,2556,1,1,0,1,,0,train
2023-01-01,4.17,2.67,23,1.09,0.091,8.65,1.55,-0.82,0.67,24.39,20.8,71.3,1003.9,0.0,rocklea,2023,1,6,1,2557,1,1,1,1,,0,train
2023-01-02,3.87,3.33,23,1.22,0.071,7.59,1.58,-0.66,0.73,24.6,20.1,66.0,1001.8,0.0,rocklea,2023,1,0,2,2558,1,0,1,1,,0,train
2023-01-03,5.87,8.0,23,2.3,0.078,7.63,1.62,-0.67,-0.15,25.47,20.0,65.1,997.5,0.0,rocklea,2023,1,1,3,2559,1,0,0,1,,0,train
2023-01-04,6.78,11.33,23,2.65,0.06,8.65,1.65,-1.09,-0.48,26.51,21.5,71.5,994.8,21.6,rocklea,2023,1,2,4,2560,1,0,0,1,,0,train
2023-01-05,13.87,16.67,23,4.96,0.13,7.05,1.12,0.13,0.09,24.2,22.1,82.3,995.1,4.9,rocklea,2023,1,3,5,2561,1,0,0,1,,0,train
2023-01-06,8.43,12.67,23,2.09,0.062,4.67,1.88,-0.45,1.29,24.53,20.6,68.4,997.8,0.0,rocklea,2023,1,4,6,2562,1,0,0,1,,0,train
2023-01-07,5.3,5.67,23,1.52,0.028,5.5,1.51,-0.51,0.87,24.95,20.1,62.6,999.4,0.0,rocklea,2023,1,5,7,2563,1,1,0,1,,0,train
2023-01-08,2.7,2.67,23,1.26,0.041,5.03,1.62,-0.61,0.47,25.32,20.9,64.3,1001.5,0.0,rocklea,2023,1,6,8,2564,1,1,0,1,,0,train
2023-01-09,5.41,9.67,22,2.22,0.037,7.13,1.59,-1.1,-0.14,25.78,22.7,65.6,1002.7,0.0,rocklea,2023,1,0,9,2565,1,0,0,1,,0,train
2023-01-10,7.96,14.0,23,2.74,0.051,6.81,1.65,-0.98,0.68,25.58,21.7,65.0,1002.2,0.0,rocklea,2023,1,1,10,2566,1,0,0,1,,0,train
2023-01-11,7.74,13.33,23,2.04,0.06,7.2,1.49,-0.69,0.49,25.12,20.9,62.1,1004.2,0.0,rocklea,2023,1,2,11,2567,1,0,0,1,,0,train
2023-01-12,6.65,11.67,23,2.7,0.042,5.48,1.58,-0.47,0.49,25.04,21.7,65.8,1006.3,0.0,rocklea,2023,1,3,12,2568,1,0,0,1,,0,train
2023-01-13,6.74,11.67,23,2.13,0.032,5.62,1.88,-1.17,0.9,25.02,20.1,64.6,1007.4,0.0,rocklea,2023,1,4,13,2569,1,0,0,1,,0,train
2023-01-14,6.17,6.0,23,2.83,0.047,5.52,1.82,-0.74,1.46,23.29,21.2,78.8,1007.5,0.1,rocklea,2023,1,5,14,2570,1,1,0,1,,0,train
2023-01-15,3.39,3.67,23,1.35,0.007,5.4,1.48,-0.66,0.64,24.2,20.2,70.3,1007.9,0.0,rocklea,2023,1,6,15,2571,1,1,0,1,,0,train
2023-01-16,7.3,13.67,23,2.61,0.042,6.75,1.64,-0.77,1.0,24.18,22.2,77.3,1009.1,2.8,rocklea,2023,1,0,16,2572,1,0,0,1,,0,train
2023-01-17,6.04,10.0,23,1.17,0.018,7.12,1.95,-1.34,1.2,25.3,21.4,67.9,1007.5,0.0,rocklea,2023,1,1,17,2573,1,0,0,1,,0,train
2023-01-18,7.26,11.0,23,2.48,0.015,6.55,1.55,-0.99,0.54,24.74,20.6,66.9,1003.2,0.0,rocklea,2023,1,2,18,2574,1,0,0,1,,0,train
2023-01-19,8.91,14.33,23,2.87,0.033,6.64,1.61,-0.63,-0.22,25.35,19.3,63.3,999.2,0.0,rocklea,2023,1,3,19,2575,1,0,0,1,,0,train
2023-01-20,10.35,16.33,23,2.61,0.062,6.02,2.09,-0.62,1.62,23.98,21.2,72.1,1001.9,2.5,rocklea,2023,1,4,20,2576,1,0,0,1,,0,train
2023-01-21,5.04,5.0,23,1.65,0.034,6.18,2.11,-0.66,1.39,24.51,19.6,61.6,1003.9,0.0,rocklea,2023,1,5,21,2577,1,1,0,1,,0,train
2023-01-22,3.17,4.0,23,1.17,,5.39,1.75,-0.74,0.11,24.54,19.9,65.6,1003.4,0.0,rocklea,2023,1,6,22,2578,1,1,0,1,,0,train
2023-01-23,6.52,11.0,23,2.52,,5.82,1.7,-0.93,-0.21,25.92,20.6,67.1,1003.0,0.0,rocklea,2023,1,0,23,2579,1,0,0,0,,0,train
2023-01-24,9.48,14.67,23,3.04,,5.25,1.3,-0.56,-0.35,25.57,21.5,74.5,1003.2,57.0,rocklea,2023,1,1,24,2580,1,0,0,0,,0,train
2023-01-25,10.83,19.0,23,5.0,,5.94,1.42,-0.36,-0.51,26.62,21.6,76.3,1003.4,0.0,rocklea,2023,1,2,25,2581,1,0,0,0,,0,train
2023-01-26,5.17,6.0,23,2.57,,7.11,1.5,-0.46,-0.33,27.71,22.8,72.4,1004.6,0.0,rocklea,2023,1,3,26,2582,1,0,1,0,,0,train
2023-01-27,12.43,18.0,23,4.35,,6.33,1.31,-0.07,0.5,27.97,24.7,70.4,1005.1,0.0,rocklea,2023,1,4,27,2583,1,0,0,0,,0,train
2023-01-28,6.65,10.67,23,3.04,,5.71,1.38,-0.89,-0.35,27.97,23.4,73.7,1004.9,0.0,rocklea,2023,1,5,28,2584,1,1,0,0,,0,train
2023-01-29,4.04,5.0,23,1.3,,4.96,1.54,-0.8,-0.79,28.08,25.0,71.7,1005.2,0.0,rocklea,2023,1,6,29,2585,1,1,0,0,,0,train
2023-01-30,6.96,13.33,23,2.91,,5.44,1.57,-0.82,-0.8,28.09,24.9,69.8,1002.3,1.1,rocklea,2023,1,0,30,2586,1,0,0,0,,0,train
2023-01-31,9.87,14.0,23,3.91,,6.63,1.23,-0.05,-0.69,28.18,23.1,77.3,995.4,1.7,rocklea,2023,1,1,31,2587,1,0,0,0,,0,train
2023-02-01,10.3,16.67,23,2.91,,6.9,1.46,-0.37,0.18,29.18,26.1,71.2,992.9,0.0,rocklea,2023,2,2,32,2588,1,0,0,0,,0,train
2023-02-02,7.13,12.67,23,1.61,,5.42,1.52,-1.15,0.38,28.03,25.5,74.9,991.8,0.0,rocklea,2023,2,3,33,2589,1,0,0,0,,0,train
2023-02-03,11.35,14.33,23,5.57,,6.93,1.44,-0.5,-0.44,29.94,24.6,74.8,989.2,0.0,rocklea,2023,2,4,34,2590,1,0,0,0,,0,train
2023-02-04,13.35,17.0,23,4.96,,6.55,1.15,0.29,0.05,27.27,23.0,77.2,996.0,1.7,rocklea,2023,2,5,35,2591,1,1,0,0,,0,train
2023-02-05,4.74,6.0,23,1.48,,6.99,1.8,-0.93,1.15,27.1,22.5,66.5,1004.5,0.0,rocklea,2023,2,6,36,2592,1,1,0,0,,0,train
2023-02-06,8.52,19.67,23,2.52,,6.12,1.68,-0.99,0.7,26.53,21.6,63.5,1006.8,0.0,rocklea,2023,2,0,37,2593,1,0,0,0,,0,train
2023-02-07,10.09,19.0,23,3.43,,5.7,1.66,-0.9,1.0,25.84,21.3,66.0,1005.2,0.0,rocklea,2023,2,1,38,2594,1,0,0,0,,0,train
2023-02-08,8.09,15.0,23,3.0,,5.82,2.02,-1.13,1.46,26.09,22.5,63.7,1004.0,0.2,rocklea,2023,2,2,39,2595,1,0,0,0,,0,train
2023-02-09,7.87,8.33,23,1.35,,5.29,1.6,-1.1,0.83,25.32,22.1,65.7,1001.8,2.5,rocklea,2023,2,3,40,2596,1,0,0,0,,0,train
2023-02-10,10.33,15.33,21,3.09,,6.99,2.2,-0.7,1.77,25.7,20.4,61.0,997.8,0.0,rocklea,2023,2,4,41,2597,1,0,0,0,,0,train
2023-02-11,6.35,8.0,23,2.39,0.11,6.08,1.59,-0.33,0.29,26.88,21.3,60.7,998.0,0.0,rocklea,2023,2,5,42,2598,1,1,0,0,,0,train
2023-02-12,4.61,4.0,23,2.91,0.083,7.01,1.63,-0.67,-0.72,28.32,22.2,65.6,995.5,0.0,rocklea,2023,2,6,43,2599,1,1,0,0,,0,train
2023-02-13,8.35,19.0,20,2.87,0.099,10.58,1.89,-0.63,0.98,28.92,24.6,69.3,996.4,0.0,rocklea,2023,2,0,44,2600,1,0,0,0,,0,train
2023-02-14,10.43,15.67,23,2.7,0.121,8.34,1.8,-0.66,1.13,25.22,21.0,78.4,998.6,35.5,rocklea,2023,2,1,45,2601,1,0,0,0,,0,train
2023-02-15,9.91,16.0,23,3.52,0.11,6.26,2.29,-0.72,1.81,24.49,20.3,69.6,1004.8,0.0,rocklea,2023,2,2,46,2602,1,0,0,0,,0,train
2023-02-16,9.04,13.0,23,3.0,0.116,5.24,1.32,-0.5,0.36,24.44,19.6,62.2,1008.3,0.0,rocklea,2023,2,3,47,2603,1,0,0,0,,0,train
2023-02-17,9.13,16.33,23,4.13,0.132,4.17,1.3,-0.43,0.1,24.97,19.0,63.2,1007.9,0.0,rocklea,2023,2,4,48,2604,1,0,0,0,,0,train
2023-02-18,7.22,8.33,23,2.83,0.101,4.11,1.47,-0.5,-0.04,26.02,21.3,64.5,1007.0,0.0,rocklea,2023,2,5,49,2605,1,1,0,0,,0,train
2023-02-19,4.1,4.67,21,2.26,0.071,4.13,1.45,-0.59,0.11,25.96,21.9,64.3,1008.8,0.0,rocklea,2023,2,6,50,2606,1,1,0,0,,0,train
2023-02-20,6.83,12.67,23,2.91,0.075,6.04,1.49,-1.15,0.48,25.64,23.1,67.4,1010.9,0.0,rocklea,2023,2,0,51,2607,1,0,0,0,,0,train
2023-02-21,9.35,16.67,23,3.04,0.099,7.04,1.54,-0.87,0.79,25.5,22.1,66.6,1010.7,0.0,rocklea,2023,2,1,52,2608,1,0,0,0,,0,train
2023-02-22,9.09,17.33,23,3.17,0.099,6.16,2.39,-0.84,1.94,24.05,21.2,73.3,1008.5,3.9,rocklea,2023,2,2,53,2609,1,0,0,0,,0,train
2023-02-23,9.83,15.67,23,3.05,0.114,5.69,2.37,-0.68,1.99,24.2,20.5,70.2,1007.2,0.0,rocklea,2023,2,3,54,2610,1,0,0,0,,0,train
2023-02-24,10.35,16.0,23,3.22,0.117,4.54,2.53,-0.49,2.23,22.96,20.4,75.0,1007.4,0.3,rocklea,2023,2,4,55,2611,1,0,0,0,,0,train
2023-02-25,5.61,6.67,23,,0.083,4.62,1.71,-0.65,1.07,24.1,19.2,65.3,1013.2,0.1,rocklea,2023,2,5,56,2612,1,1,0,0,,0,train
2023-02-26,4.48,4.67,23,,0.074,4.88,1.62,-0.66,-0.17,25.02,19.3,65.6,1012.2,0.0,rocklea,2023,2,6,57,2613,1,1,0,0,,0,train
2023-02-27,8.7,13.33,23,,0.108,5.15,1.46,-0.62,-0.54,26.41,21.3,64.1,1010.8,0.0,rocklea,2023,2,0,58,2614,1,0,0,0,,0,train
2023-02-28,8.26,13.67,23,,0.101,4.32,1.36,-0.64,-0.73,26.63,24.1,62.7,1008.9,0.0,rocklea,2023,2,1,59,2615,1,0,0,0,,0,train
2023-03-01,7.65,12.33,23,,0.101,3.75,1.58,-0.71,-0.93,26.69,22.5,67.3,999.5,3.7,rocklea,2023,3,2,60,2616,1,0,0,0,,0,train
2023-03-02,12.36,19.33,22,4.04,0.146,,1.22,-0.64,0.37,,,74.0,1001.1,6.3,rocklea,2023,3,3,61,2617,1,0,0,0,,0,train
2023-03-03,11.65,17.0,23,3.87,0.129,5.8,2.07,-0.74,1.58,25.74,22.2,66.7,1003.4,0.1,rocklea,2023,3,4,62,2618,1,0,0,0,,0,train
2023-03-04,7.17,8.0,23,2.74,0.104,5.3,2.28,-0.31,1.82,24.87,20.2,60.8,1003.8,0.0,rocklea,2023,3,5,63,2619,1,1,0,0,,0,train
2023-03-05,3.7,4.0,23,1.65,0.073,5.13,1.71,-0.41,0.44,25.1,19.9,62.4,1003.8,0.0,rocklea,2023,3,6,64,2620,1,1,0,0,,0,train
2023-03-06,7.52,15.0,23,4.17,0.107,5.68,1.66,-0.7,-0.69,25.74,21.0,65.0,1003.5,0.0,rocklea,2023,3,0,65,2621,1,0,0,0,,0,train
2023-03-07,7.35,14.67,23,4.7,0.097,6.38,1.61,-0.79,-1.1,,,66.0,1002.4,0.0,rocklea,2023,3,1,66,2622,1,0,0,0,,0,train
2023-03-08,10.91,15.0,23,5.52,0.153,7.28,1.14,-0.54,-0.82,27.52,24.8,70.6,1000.3,0.0,rocklea,2023,3,2,67,2623,1,0,0,0,,0,train
2023-03-09,20.3,16.67,23,11.83,0.268,7.78,0.9,0.51,0.05,27.39,24.9,69.4,1001.2,0.0,rocklea,2023,3,3,68,2624,1,0,0,0,,0,train
2023-03-10,16.7,18.33,23,7.0,0.226,9.87,0.98,-0.36,0.24,25.14,22.7,77.8,1005.5,0.6,rocklea,2023,3,4,69,2625,1,0,0,0,,0,train
2023-03-11,10.39,13.33,23,4.57,0.189,7.23,1.0,-0.0,0.01,25.0,22.2,82.2,1005.0,2.4,rocklea,2023,3,5,70,2626,1,1,0,0,,0,train
2023-03-12,9.22,5.67,23,4.48,0.148,4.68,0.88,0.04,0.04,24.85,22.4,86.2,1000.6,18.9,rocklea,2023,3,6,71,2627,1,1,0,0,,0,train
2023-03-13,11.04,15.33,23,5.13,0.164,6.05,1.27,0.07,0.6,26.51,22.8,75.1,1001.5,0.0,rocklea,2023,3,0,72,2628,1,0,0,0,,0,train
2023-03-14,8.52,13.67,23,4.09,0.121,5.27,1.44,-0.35,0.17,26.61,22.0,69.3,1004.6,0.0,rocklea,2023,3,1,73,2629,1,0,0,0,,0,train
2023-03-15,10.57,14.67,23,5.57,0.143,6.19,1.25,-0.53,-0.52,27.02,23.1,75.6,1004.2,4.0,rocklea,2023,3,2,74,2630,1,0,0,0,,0,train
2023-03-16,11.39,15.67,23,6.52,0.151,6.3,1.38,-0.46,-0.05,28.28,23.0,75.2,1003.6,0.0,rocklea,2023,3,3,75,2631,1,0,0,0,,0,train
2023-03-17,11.04,13.33,23,4.61,0.228,7.83,1.51,-0.24,0.05,29.25,24.4,73.8,1005.6,0.0,rocklea,2023,3,4,76,2632,1,0,0,0,,0,train
2023-03-18,7.3,16.67,23,2.78,0.123,7.7,1.52,-0.91,0.01,28.3,24.1,73.0,1010.6,0.0,rocklea,2023,3,5,77,2633,1,1,0,0,,0,train
2023-03-19,5.96,10.0,23,2.09,0.104,6.43,1.48,-0.83,-0.2,27.37,23.3,72.0,1011.3,0.0,rocklea,2023,3,6,78,2634,1,1,0,0,,0,train
2023-03-20,8.17,16.0,23,3.35,0.109,6.12,1.43,-0.64,0.24,26.88,21.8,69.3,1011.1,0.0,rocklea,2023,3,0,79,2635,1,0,0,0,,0,train
2023-03-21,8.48,12.67,23,1.83,0.093,5.2,1.84,-1.21,1.09,26.14,22.5,68.7,1012.6,0.1,rocklea,2023,3,1,80,2636,1,0,0,0,,0,train
2023-03-22,9.96,19.33,23,2.22,0.101,5.35,2.17,-1.12,1.78,23.45,21.8,83.5,1011.9,2.5,rocklea,2023,3,2,81,2637,1,0,0,0,,0,train
2023-03-23,12.57,18.33,23,3.7,0.162,7.85,1.22,-0.73,0.17,24.91,21.4,68.2,1010.5,0.0,rocklea,2023,3,3,82,2638,1,0,0,0,,0,train
2023-03-24,12.04,12.33,23,5.78,0.165,6.78,1.3,-0.18,-0.34,25.62,19.7,71.5,1007.4,0.0,rocklea,2023,3,4,83,2639,1,0,0,0,,0,train
2023-03-25,7.52,9.67,23,3.3,0.12,6.15,1.35,-0.51,0.14,26.1,22.6,76.0,1006.5,10.1,rocklea,2023,3,5,84,2640,1,1,0,0,,0,train
2023-03-26,5.26,6.0,23,1.96,0.103,3.99,1.28,-0.35,0.49,24.45,20.8,83.1,1006.1,0.0,rocklea,2023,3,6,85,2641,1,1,0,0,,0,train
2023-03-27,10.26,14.67,23,4.39,0.15,4.59,1.26,-0.49,-0.45,26.24,21.5,73.5,1006.0,0.0,rocklea,2023,3,0,86,2642,1,0,0,0,,0,train
2023-03-28,15.0,15.67,23,7.0,0.175,5.81,1.01,-0.4,-0.36,26.74,22.6,77.4,1005.2,0.0,rocklea,2023,3,1,87,2643,1,0,0,0,,0,train
2023-03-29,15.26,18.0,23,8.0,0.203,7.03,0.89,0.07,-0.41,25.55,24.5,81.1,1002.3,0.0,rocklea,2023,3,2,88,2644,1,0,0,0,,0,train
2023-03-30,16.61,23.67,23,8.52,0.223,5.44,1.52,1.29,0.47,25.59,20.6,59.6,999.0,5.8,rocklea,2023,3,3,89,2645,1,0,0,0,,0,train
2023-03-31,15.57,21.0,23,7.7,0.264,4.07,1.28,0.41,0.52,23.94,17.0,47.4,1002.4,0.0,rocklea,2023,3,4,90,2646,1,0,0,0,,0,train
2023-04-01,17.48,16.0,23,8.35,0.305,6.24,1.19,0.97,0.68,22.63,19.6,61.3,1003.5,0.0,rocklea,2023,4,5,91,2647,1,1,0,1,,0,train
2023-04-02,6.35,5.0,23,3.26,0.169,5.69,1.53,0.08,0.88,22.27,16.6,64.2,1005.0,0.0,rocklea,2023,4,6,92,2648,1,1,0,1,,0,train
2023-04-03,11.61,16.67,23,3.78,0.158,3.82,2.33,0.17,1.82,23.12,18.8,65.8,1006.4,0.0,rocklea,2023,4,0,93,2649,1,0,0,1,,0,train
2023-04-04,14.9,17.67,21,3.57,0.203,3.57,1.35,0.74,0.47,23.26,19.8,72.8,1004.8,0.4,rocklea,2023,4,1,94,2650,1,0,0,1,,0,train
2023-04-05,12.65,14.0,23,7.71,0.186,4.6,1.53,0.46,1.01,24.21,18.8,63.0,1002.5,0.0,rocklea,2023,4,2,95,2651,1,0,0,1,,0,train
2023-04-06,10.48,15.33,23,3.9,0.153,5.07,1.16,-0.08,0.45,23.44,19.5,65.9,1003.5,0.0,rocklea,2023,4,3,96,2652,1,0,0,1,,0,train
2023-04-07,6.57,7.67,23,3.91,0.137,4.93,1.31,-0.22,-0.36,21.8,19.6,81.9,1000.0,25.3,rocklea,2023,4,4,97,2653,1,0,1,1,,0,train
2023-04-08,9.48,4.0,23,4.61,0.186,4.17,2.52,2.39,0.5,23.9,19.5,56.7,995.6,0.0,rocklea,2023,4,5,98,2654,1,1,1,1,,0,train
2023-04-09,6.7,6.0,23,3.22,0.19,4.49,2.61,2.46,0.66,22.8,18.1,41.5,998.8,0.0,rocklea,2023,4,6,99,2655,1,1,1,1,,0,train
2023-04-10,6.83,6.33,23,2.52,0.185,4.28,2.31,2.15,0.72,21.47,16.3,40.0,1000.4,0.0,rocklea,2023,4,0,100,2656,1,0,1,1,,0,train
2023-04-11,13.91,16.33,23,10.26,0.275,4.61,1.82,1.66,0.57,21.4,14.9,41.5,1002.4,0.0,rocklea,2023,4,1,101,2657,1,0,0,1,,0,train
2023-04-12,18.74,16.67,23,10.09,0.345,5.1,1.38,1.04,0.37,21.85,14.4,45.1,1001.6,0.0,rocklea,2023,4,2,102,2658,1,0,0,1,,0,train
2023-04-13,16.13,21.0,23,9.91,0.27,5.16,2.14,1.75,0.6,23.04,16.7,44.5,997.7,0.0,rocklea,2023,4,3,103,2659,1,0,0,1,,0,train
2023-04-14,12.65,19.33,23,7.0,0.196,5.55,1.17,0.19,0.37,21.93,16.2,57.0,1000.5,0.0,rocklea,2023,4,4,104,2660,1,0,0,1,,0,train
2023-04-15,9.13,10.67,23,4.04,0.136,5.75,1.37,-0.23,-0.13,22.39,17.1,66.8,1001.8,0.0,rocklea,2023,4,5,105,2661,1,1,0,1,,0,train
2023-04-16,7.17,7.67,23,4.52,0.205,5.23,1.34,-0.46,-0.43,23.91,17.8,70.2,1001.9,0.0,rocklea,2023,4,6,106,2662,1,1,0,1,,0,train
2023-04-17,12.22,19.33,23,4.7,0.158,6.92,1.86,-0.67,1.33,24.69,21.4,67.3,1007.6,0.0,rocklea,2023,4,0,107,2663,1,0,0,0,,0,train
2023-04-18,13.61,18.67,23,5.22,0.167,6.74,2.32,-0.03,1.82,22.57,18.9,59.4,1011.0,0.0,rocklea,2023,4,1,108,2664,1,0,0,0,,0,train
2023-04-19,12.22,16.0,23,4.61,0.165,6.17,2.02,0.44,1.44,21.63,17.5,64.1,1007.6,0.0,rocklea,2023,4,2,109,2665,1,0,0,0,,0,train
2023-04-20,13.09,16.0,23,4.96,0.192,5.62,1.92,0.72,1.47,21.98,16.5,57.9,1008.2,0.0,rocklea,2023,4,3,110,2666,1,0,0,0,,0,train
2023-04-21,11.7,16.67,23,5.39,0.162,5.1,2.15,1.27,1.65,21.52,18.8,64.0,1012.3,0.0,rocklea,2023,4,4,111,2667,1,0,0,0,,0,train
2023-04-22,7.74,9.0,23,2.26,0.122,4.47,2.59,0.08,2.1,21.58,17.8,59.9,1015.1,0.0,rocklea,2023,4,5,112,2668,1,1,0,0,,0,train
2023-04-23,6.0,3.67,23,1.7,0.105,5.18,2.82,0.04,2.23,21.78,17.2,59.2,1016.5,0.2,rocklea,2023,4,6,113,2669,1,1,0,0,,0,train
2023-04-24,10.61,18.33,23,2.17,0.112,5.52,1.92,-0.65,1.31,20.41,17.9,75.4,1017.2,2.1,rocklea,2023,4,0,114,2670,1,0,0,0,,0,train
2023-04-25,7.26,6.67,23,2.0,0.072,6.6,1.91,-0.28,1.72,20.33,18.3,78.3,1016.0,0.4,rocklea,2023,4,1,115,2671,1,0,1,0,,0,train
2023-04-26,13.22,19.0,23,5.3,0.138,4.4,1.82,-0.09,1.41,19.6,16.5,82.1,1014.5,1.8,rocklea,2023,4,2,116,2672,1,0,0,0,,0,train
2023-04-27,15.04,17.0,23,6.61,0.164,4.77,1.41,0.34,1.04,20.28,16.8,81.9,1013.0,1.4,rocklea,2023,4,3,117,2673,1,0,0,0,,0,train
2023-04-28,13.91,17.33,23,3.87,0.23,5.66,1.22,-0.13,0.68,21.14,18.1,75.4,1009.3,0.5,rocklea,2023,4,4,118,2674,1,0,0,0,,0,train
2023-04-29,14.0,13.0,23,5.61,0.161,6.71,1.06,0.35,0.13,20.7,15.8,76.8,1003.2,0.0,rocklea,2023,4,5,119,2675,1,1,0,0,,0,train
2023-04-30,8.74,7.67,23,4.0,0.104,3.4,1.64,1.53,0.32,20.53,16.9,65.2,1002.9,3.8,rocklea,2023,4,6,120,2676,1,1,0,0,,0,train
2023-05-01,7.61,8.33,23,4.3,0.146,3.51,1.9,1.74,0.55,19.32,14.4,47.5,1005.7,0.0,rocklea,2023,5,0,121,2677,1,0,1,0,,0,train
2023-05-02,16.04,26.0,23,14.83,0.228,4.19,1.58,1.35,0.64,18.63,13.0,46.1,1009.4,0.0,rocklea,2023,5,1,122,2678,1,0,0,0,,0,train
2023-05-03,18.35,21.0,23,9.83,0.211,4.58,1.18,0.53,0.17,20.71,15.0,54.1,1010.0,0.0,rocklea,2023,5,2,123,2679,1,0,0,0,,0,train
2023-05-04,18.87,18.33,23,9.17,0.296,13.85,1.08,0.28,0.31,20.1,13.6,59.9,1008.7,0.0,rocklea,2023,5,3,124,2680,1,0,0,0,,0,train
2023-05-05,15.87,18.33,23,5.86,0.204,9.71,1.32,0.03,0.28,19.75,15.6,68.0,1009.2,0.0,rocklea,2023,5,4,125,2681,1,0,0,0,,0,train
2023-05-06,13.83,15.67,23,5.48,0.179,9.11,1.18,-0.08,-0.04,20.2,14.6,71.7,1009.4,0.0,rocklea,2023,5,5,126,2682,1,1,0,0,,0,train
2023-05-07,13.13,7.67,23,6.74,0.188,8.41,1.07,0.53,0.04,20.2,16.3,66.7,1007.2,0.5,rocklea,2023,5,6,127,2683,1,1,0,0,,0,train
2023-05-08,9.26,13.33,23,7.87,0.216,3.33,2.93,2.8,0.75,16.32,11.8,31.0,1008.0,0.0,rocklea,2023,5,0,128,2684,1,0,0,0,,0,train
2023-05-09,19.48,18.0,23,10.74,0.344,7.82,1.4,0.87,0.53,16.23,9.4,46.3,1010.6,0.0,rocklea,2023,5,1,129,2685,1,0,0,0,,0,train
2023-05-10,17.39,21.0,23,9.43,0.197,9.17,1.55,0.38,0.97,17.86,11.3,60.5,1014.4,0.0,rocklea,2023,5,2,130,2686,1,0,0,0,,0,train
2023-05-11,13.25,19.33,20,6.22,0.183,6.33,1.62,-0.18,1.11,19.04,14.5,68.0,1017.7,0.0,rocklea,2023,5,3,131,2687,1,0,0,0,,0,train
2023-05-12,14.0,19.0,23,5.43,0.235,5.76,1.73,-0.13,1.13,19.25,15.4,71.8,1019.0,0.0,rocklea,2023,5,4,132,2688,1,0,0,0,,0,train
2023-05-13,10.22,10.33,23,3.96,0.21,5.54,1.8,-0.09,1.3,19.08,14.6,70.3,1018.2,0.0,rocklea,2023,5,5,133,2689,1,1,0,0,,0,train
2023-05-14,10.3,8.67,23,4.57,0.209,5.49,1.43,0.31,1.07,18.4,15.8,81.7,1015.7,4.1,rocklea,2023,5,6,134,2690,1,1,0,0,,0,train
2023-05-15,11.43,18.67,23,5.0,0.167,4.77,1.53,-0.23,1.07,19.65,16.6,84.5,1012.2,21.3,rocklea,2023,5,0,135,2691,1,0,0,0,,0,train
2023-05-16,12.04,18.33,23,7.13,0.193,3.15,2.2,0.9,1.47,17.93,16.5,83.1,1005.3,13.3,rocklea,2023,5,1,136,2692,1,0,0,0,,0,train
2023-05-17,16.74,18.0,23,9.13,0.29,6.1,1.67,1.23,1.06,18.92,14.6,66.5,1007.5,0.0,rocklea,2023,5,2,137,2693,1,0,0,0,,0,train
2023-05-18,16.04,20.0,23,7.04,0.163,4.65,1.54,0.85,0.58,18.28,14.5,60.8,1008.3,0.0,rocklea,2023,5,3,138,2694,1,0,0,0,,0,train
2023-05-19,20.04,21.0,23,9.09,0.273,9.44,1.18,0.68,0.53,16.35,11.2,64.3,1007.4,0.0,rocklea,2023,5,4,139,2695,1,0,0,0,,0,train
2023-05-20,17.35,14.0,23,8.04,0.252,11.01,1.61,1.41,0.51,16.47,9.8,51.8,1008.4,0.0,rocklea,2023,5,5,140,2696,1,1,0,0,,0,train
2023-05-21,10.91,9.0,23,5.35,0.17,5.41,1.92,1.76,0.54,16.48,10.3,44.4,1009.5,0.0,rocklea,2023,5,6,141,2697,1,1,0,0,,0,train
2023-05-22,18.22,19.67,23,8.61,0.231,7.02,1.33,0.67,0.69,16.64,10.8,55.4,1015.9,0.0,rocklea,2023,5,0,142,2698,1,0,0,0,,0,train
2023-05-23,20.61,19.33,23,11.04,0.282,9.91,1.13,0.36,0.24,16.39,10.1,64.9,1018.1,0.0,rocklea,2023,5,1,143,2699,1,0,0,0,,0,train
2023-05-24,23.83,22.33,23,10.13,0.333,13.53,1.03,0.35,0.23,16.9,11.0,71.4,1017.5,0.0,rocklea,2023,5,2,144,2700,1,0,0,0,,0,train
2023-05-25,20.65,24.67,23,12.09,0.22,10.35,1.17,0.34,-0.0,17.67,11.8,71.8,1014.1,0.0,rocklea,2023,5,3,145,2701,1,0,0,0,,0,train
2023-05-26,15.96,22.67,23,,0.188,7.71,1.85,1.68,0.31,18.64,11.7,57.4,1005.7,0.0,rocklea,2023,5,4,146,2702,1,0,0,0,,0,train
2023-05-27,13.7,11.0,23,5.09,0.229,6.68,1.6,1.3,0.62,16.96,11.5,60.4,1006.3,0.0,rocklea,2023,5,5,147,2703,1,1,0,0,,0,train
2023-05-28,13.17,11.0,23,7.26,0.292,30.8,1.47,1.27,0.33,16.77,10.6,50.7,1007.3,0.0,rocklea,2023,5,6,148,2704,1,1,0,0,,0,train
2023-05-29,19.04,22.67,23,11.26,0.417,25.45,1.55,1.31,0.65,15.95,11.4,50.7,1011.0,0.0,rocklea,2023,5,0,149,2705,1,0,0,0,,0,train
2023-05-30,21.61,20.0,23,12.3,0.437,39.6,1.01,0.5,0.39,15.77,9.3,60.1,1014.8,0.0,rocklea,2023,5,1,150,2706,1,0,0,0,,0,train
2023-05-31,22.74,20.33,23,14.57,0.424,45.0,1.0,0.22,-0.04,16.3,9.5,63.6,1013.4,0.0,rocklea,2023,5,2,151,2707,1,0,0,0,,0,train
2023-06-01,23.96,25.67,23,14.96,0.399,20.48,1.08,0.79,0.15,18.47,11.9,65.2,1011.7,0.0,rocklea,2023,6,3,152,2708,1,0,0,0,,0,train
2023-06-02,16.65,16.67,23,9.96,0.282,13.85,1.17,0.24,0.55,18.14,12.5,71.6,1014.3,0.0,rocklea,2023,6,4,153,2709,1,0,0,0,,0,train
2023-06-03,10.52,14.0,23,6.04,0.149,8.48,1.23,0.09,0.57,18.79,14.1,78.6,1015.8,0.0,rocklea,2023,6,5,154,2710,1,1,0,0,,0,train
2023-06-04,8.96,8.0,23,4.78,0.122,7.52,1.48,0.04,1.1,19.42,17.0,80.5,1017.3,0.0,rocklea,2023,6,6,155,2711,1,1,0,0,,0,train
2023-06-05,12.57,20.0,23,4.4,0.09,7.12,1.88,-0.57,1.44,18.68,16.5,74.5,1017.6,0.0,rocklea,2023,6,0,156,2712,1,0,0,0,,0,train
2023-06-06,12.0,18.33,23,5.91,0.096,4.45,1.38,-0.26,0.89,18.49,15.0,72.7,1017.7,0.0,rocklea,2023,6,1,157,2713,1,0,0,0,,0,train
2023-06-07,15.09,16.0,23,,0.161,5.13,1.28,0.01,0.89,18.05,14.9,75.5,1016.1,0.0,rocklea,2023,6,2,158,2714,1,0,0,0,,0,train
2023-06-08,15.04,17.0,23,9.42,0.165,5.39,1.23,0.55,0.17,18.43,14.2,75.4,1011.1,0.0,rocklea,2023,6,3,159,2715,1,0,0,0,,0,train
2023-06-09,16.26,16.67,23,9.48,0.297,7.24,1.51,1.28,0.61,18.7,14.5,68.4,1009.2,0.0,rocklea,2023,6,4,160,2716,1,0,0,0,,0,train
2023-06-10,13.48,12.33,23,8.7,0.276,8.89,1.14,0.5,0.23,16.77,10.8,66.8,1012.9,0.0,rocklea,2023,6,5,161,2717,1,1,0,0,,0,train
2023-06-11,10.91,11.0,23,5.0,0.207,9.33,1.23,0.29,0.7,17.25,11.4,68.9,1014.2,0.0,rocklea,2023,6,6,162,2718,1,1,0,0,,0,train
2023-06-12,16.65,18.0,23,14.91,0.259,7.06,0.94,0.56,0.35,17.8,15.0,75.7,1012.4,0.0,rocklea,2023,6,0,163,2719,1,0,0,0,,0,train
2023-06-13,13.61,11.33,23,11.0,0.175,6.92,1.12,0.49,0.2,18.68,14.3,76.0,1008.3,0.0,rocklea,2023,6,1,164,2720,1,0,0,0,,0,train
2023-06-14,14.61,14.0,23,13.91,0.255,6.05,1.56,1.45,0.39,18.43,13.2,56.8,1007.0,0.0,rocklea,2023,6,2,165,2721,1,0,0,0,,0,train
2023-06-15,18.43,22.67,23,12.96,0.345,5.84,1.11,0.64,0.52,15.61,9.9,53.0,1008.8,0.0,rocklea,2023,6,3,166,2722,1,0,0,0,,0,train
2023-06-16,16.83,21.33,23,11.57,0.301,9.04,1.08,0.48,0.38,15.08,9.4,59.6,1011.5,0.0,rocklea,2023,6,4,167,2723,1,0,0,0,,0,train
2023-06-17,12.96,12.0,23,6.61,0.33,12.93,1.09,0.51,0.34,15.54,9.3,70.7,1012.0,0.0,rocklea,2023,6,5,168,2724,1,1,0,0,,0,train
2023-06-18,6.83,6.33,23,6.39,0.178,11.01,1.21,0.12,-0.04,16.63,11.0,73.7,1009.1,0.0,rocklea,2023,6,6,169,2725,1,1,0,0,,0,train
2023-06-19,14.7,19.67,23,13.91,0.275,7.95,1.36,1.23,0.23,17.74,11.7,53.5,1007.8,0.0,rocklea,2023,6,0,170,2726,1,0,0,0,,0,train
2023-06-20,21.73,23.67,22,11.43,0.228,4.43,1.46,0.96,0.83,15.5,10.1,41.6,1010.3,0.0,rocklea,2023,6,1,171,2727,1,0,0,0,,0,train
2023-06-21,25.35,26.33,23,12.35,0.243,8.47,0.93,0.34,0.25,14.51,8.7,50.1,1013.0,0.0,rocklea,2023,6,2,172,2728,1,0,0,0,,0,train
2023-06-22,28.65,28.67,23,10.04,0.203,10.85,0.98,0.15,0.05,15.19,9.1,61.8,1010.9,0.0,rocklea,2023,6,3,173,2729,1,0,0,0,,0,train
2023-06-23,24.39,28.67,23,14.3,0.203,12.12,1.2,1.05,0.15,18.3,12.5,67.5,1006.1,0.0,rocklea,2023,6,4,174,2730,1,0,0,0,,0,train
2023-06-24,22.13,22.0,23,7.26,0.263,6.95,1.03,0.64,0.36,17.23,10.7,57.8,1007.9,0.0,rocklea,2023,6,5,175,2731,1,1,0,1,,0,train
2023-06-25,24.13,17.33,23,9.26,0.395,13.25,0.95,0.33,0.09,17.37,10.3,57.4,1007.5,0.0,rocklea,2023,6,6,176,2732,1,1,0,1,,0,train
2023-06-26,15.09,25.33,23,8.0,0.164,3.31,2.3,2.22,0.3,20.54,16.1,29.5,1008.5,0.0,rocklea,2023,6,0,177,2733,1,0,0,1,,0,train
2023-06-27,22.43,32.33,23,8.13,0.272,5.47,1.45,0.41,0.4,17.35,12.8,43.0,1011.2,0.0,rocklea,2023,6,1,178,2734,1,0,0,1,,0,train
2023-06-28,25.57,30.0,23,17.87,0.253,13.55,1.2,0.22,0.02,18.28,12.7,61.9,1007.4,0.0,rocklea,2023,6,2,179,2735,1,0,0,1,,0,train
2023-06-29,9.87,13.67,23,6.39,0.133,3.25,2.73,2.66,0.44,18.06,12.9,56.0,1006.2,0.0,rocklea,2023,6,3,180,2736,1,0,0,1,,0,train
2023-06-30,13.43,14.67,23,8.83,0.177,3.7,2.57,2.37,0.88,14.53,10.3,48.5,1010.2,0.0,rocklea,2023,6,4,181,2737,1,0,0,1,,0,train
2023-07-01,13.3,18.0,23,6.61,0.217,5.1,1.42,1.19,0.59,14.48,9.1,52.5,1012.1,0.0,rocklea,2023,7,5,182,2738,1,1,0,1,,0,train
2023-07-02,10.13,8.33,23,4.04,0.13,7.02,1.7,0.21,1.23,16.29,10.9,61.0,1017.3,0.0,rocklea,2023,7,6,183,2739,1,1,0,1,,0,train
2023-07-03,18.09,29.33,23,7.57,0.142,8.62,1.63,-0.2,1.29,17.1,14.8,75.7,1017.2,0.7,rocklea,2023,7,0,184,2740,1,0,0,1,,0,train
2023-07-04,21.35,24.33,23,7.61,0.265,7.41,0.78,0.56,0.3,17.24,15.1,88.8,1010.2,11.2,rocklea,2023,7,1,185,2741,1,0,0,1,,0,train
2023-07-05,15.0,17.67,23,12.81,0.181,6.65,1.57,1.4,0.54,19.96,16.8,72.3,1006.0,0.0,rocklea,2023,7,2,186,2742,1,0,0,1,,0,train
2023-07-06,17.52,19.0,23,10.55,0.189,4.72,1.15,0.52,-0.05,18.39,13.0,62.6,1006.1,0.0,rocklea,2023,7,3,187,2743,1,0,0,1,,0,train
2023-07-07,13.7,26.0,23,8.04,0.17,2.43,2.35,2.3,0.23,18.4,14.6,46.8,1007.4,0.0,rocklea,2023,7,4,188,2744,1,0,0,1,,0,train
2023-07-08,14.65,18.0,23,6.65,0.212,3.72,1.72,1.55,0.44,16.05,10.1,49.4,1010.2,0.0,rocklea,2023,7,5,189,2745,1,1,0,1,,0,train
2023-07-09,17.35,17.67,23,7.96,0.32,6.01,1.06,0.84,0.39,15.83,11.2,54.6,1011.0,0.0,rocklea,2023,7,6,190,2746,1,1,0,1,,0,train
2023-07-10,24.04,31.33,23,9.04,0.314,7.72,1.09,0.22,0.09,16.21,10.6,64.5,1013.3,0.0,rocklea,2023,7,0,191,2747,1,0,0,0,,0,train
2023-07-11,28.7,25.0,23,12.65,0.471,11.12,0.97,0.6,0.47,16.69,10.8,65.3,1015.2,0.0,rocklea,2023,7,1,192,2748,1,0,0,0,,0,train
2023-07-12,22.39,26.0,23,11.87,0.244,10.3,1.4,0.65,0.9,15.94,10.7,70.0,1018.0,0.0,rocklea,2023,7,2,193,2749,1,0,0,0,,0,train
2023-07-13,20.57,25.67,23,,0.215,7.04,1.19,0.13,0.71,17.69,14.1,69.4,1018.4,0.0,rocklea,2023,7,3,194,2750,1,0,0,0,,0,train
2023-07-14,24.48,25.0,23,,0.39,9.89,0.99,0.07,0.1,16.6,11.6,72.6,1017.8,0.0,rocklea,2023,7,4,195,2751,1,0,0,0,,0,train
2023-07-15,22.52,18.33,23,11.17,0.49,15.19,1.04,0.75,0.5,15.68,10.9,74.7,1016.3,0.0,rocklea,2023,7,5,196,2752,1,1,0,0,,0,train
2023-07-16,17.57,15.67,23,5.57,0.286,13.74,1.25,0.57,0.72,17.51,10.5,60.5,1016.5,0.0,rocklea,2023,7,6,197,2753,1,1,0,0,,0,train
2023-07-17,21.57,31.0,23,8.04,0.221,9.02,0.98,0.19,0.3,16.87,14.9,71.9,1016.7,0.5,rocklea,2023,7,0,198,2754,1,0,0,0,,0,train
2023-07-18,18.95,25.33,20,8.22,0.272,6.51,0.97,0.36,0.54,17.45,14.9,82.8,1013.2,0.9,rocklea,2023,7,1,199,2755,1,0,0,0,,0,train
2023-07-19,16.43,18.5,21,8.04,0.145,7.34,1.24,0.4,0.64,17.9,13.5,67.2,1010.6,0.0,rocklea,2023,7,2,200,2756,1,0,0,0,,0,train
2023-07-20,23.26,26.0,23,12.43,0.211,8.73,1.05,0.21,0.05,16.02,10.2,65.2,1011.4,0.0,rocklea,2023,7,3,201,2757,1,0,0,0,,0,train
2023-07-21,30.83,23.0,23,14.7,0.343,15.24,1.03,0.71,0.38,16.84,9.4,59.8,1008.7,0.0,rocklea,2023,7,4,202,2758,1,0,0,0,,0,train
2023-07-22,20.17,22.67,23,6.78,0.259,12.45,1.05,0.44,0.57,16.03,10.5,53.0,1009.5,0.0,rocklea,2023,7,5,203,2759,1,1,0,0,,0,train
2023-07-23,9.65,12.0,23,5.0,0.14,10.5,1.79,0.31,1.22,15.58,9.0,62.0,1010.3,0.0,rocklea,2023,7,6,204,2760,1,1,0,0,,0,train
2023-07-24,18.05,27.0,22,6.74,0.135,5.85,2.42,0.3,1.96,16.5,13.5,62.1,1014.2,0.0,rocklea,2023,7,0,205,2761,1,0,0,0,,0,train
2023-07-25,19.65,26.33,23,8.39,0.173,5.72,2.13,0.03,1.56,16.78,12.2,58.1,1022.3,0.0,rocklea,2023,7,1,206,2762,1,0,0,0,,0,train
2023-07-26,18.57,23.67,23,8.3,0.17,5.63,1.5,0.17,1.08,16.92,11.9,65.3,1023.5,0.0,rocklea,2023,7,2,207,2763,1,0,0,0,,0,train
2023-07-27,15.09,22.0,23,5.7,0.134,5.39,1.27,-0.06,0.64,17.18,12.7,68.5,1020.6,0.0,rocklea,2023,7,3,208,2764,1,0,0,0,,0,train
2023-07-28,17.83,22.33,23,8.7,0.174,5.83,1.21,0.01,-0.26,18.95,15.4,62.8,1016.7,0.0,rocklea,2023,7,4,209,2765,1,0,0,0,,0,train
2023-07-29,15.22,18.0,23,9.83,0.167,9.21,1.21,0.45,0.27,18.17,11.7,68.4,1014.5,0.0,rocklea,2023,7,5,210,2766,1,1,0,0,,0,train
2023-07-30,12.13,13.0,23,8.39,0.155,9.2,1.1,0.06,-0.21,18.5,11.8,67.6,1013.6,0.0,rocklea,2023,7,6,211,2767,1,1,0,0,,0,train
2023-07-31,23.04,24.67,23,11.3,0.227,10.7,1.04,0.3,0.25,19.36,13.5,66.3,1013.5,0.0,rocklea,2023,7,0,212,2768,1,0,0,0,,0,train
2023-08-01,18.48,30.0,23,9.13,0.193,14.86,1.17,0.0,0.15,19.81,14.5,74.2,1016.5,0.0,rocklea,2023,8,1,213,2769,1,0,0,0,,0,validation
2023-08-02,15.65,25.67,23,6.74,0.134,9.5,2.33,-0.42,1.87,18.98,16.0,67.0,1022.0,0.0,rocklea,2023,8,2,214,2770,1,0,0,0,,0,validation
2023-08-03,15.3,24.67,23,6.09,0.116,5.11,1.51,0.01,0.93,16.87,13.8,76.4,1024.2,0.1,rocklea,2023,8,3,215,2771,1,0,0,0,,0,validation
2023-08-04,14.95,22.5,22,6.26,0.138,5.73,1.26,-0.1,0.61,17.55,13.9,75.5,1023.5,0.0,rocklea,2023,8,4,216,2772,1,0,0,0,,0,validation
2023-08-05,9.83,11.67,23,3.43,0.14,7.41,1.25,-0.1,0.63,17.87,12.8,69.5,1020.7,0.0,rocklea,2023,8,5,217,2773,1,1,0,0,,0,validation
2023-08-06,11.3,8.0,23,4.39,0.165,12.5,1.23,0.27,0.74,16.69,13.2,77.5,1018.5,0.0,rocklea,2023,8,6,218,2774,1,1,0,0,,0,validation
2023-08-07,20.0,24.33,23,7.83,0.196,6.26,1.16,0.36,0.81,16.61,12.8,73.3,1017.4,0.0,rocklea,2023,8,0,219,2775,1,0,0,0,,0,validation
2023-08-08,16.7,22.67,23,7.26,0.161,5.89,1.65,0.4,1.2,17.01,12.8,65.1,1018.6,0.0,rocklea,2023,8,1,220,2776,1,0,0,0,,0,validation
2023-08-09,15.04,22.33,23,4.87,0.183,5.41,1.55,0.05,0.8,17.08,12.3,67.4,1019.8,0.0,rocklea,2023,8,2,221,2777,1,0,0,0,,0,validation
2023-08-10,17.26,27.33,23,9.32,0.194,6.72,1.32,0.15,-0.32,17.14,11.1,66.6,1017.0,0.0,rocklea,2023,8,3,222,2778,1,0,0,0,,0,validation
2023-08-11,24.26,22.33,23,9.96,0.292,8.75,0.98,0.46,0.13,19.1,11.8,65.5,1012.8,0.0,rocklea,2023,8,4,223,2779,1,0,0,0,,0,validation
2023-08-12,18.3,18.67,23,8.09,0.245,18.6,1.25,-0.15,-0.17,19.05,12.1,63.6,1011.0,0.0,rocklea,2023,8,5,224,2780,1,1,0,0,,0,validation
2023-08-13,16.65,18.33,23,5.74,0.257,16.75,0.96,0.29,0.24,21.19,15.0,59.3,1009.2,0.0,rocklea,2023,8,6,225,2781,1,1,0,0,,0,validation
2023-08-14,22.82,28.67,22,9.48,0.263,22.03,1.21,-0.07,-0.02,19.87,13.8,67.5,1007.6,0.0,rocklea,2023,8,0,226,2782,1,0,0,0,,0,validation
2023-08-15,20.43,39.0,23,7.74,0.234,15.77,1.36,-0.41,0.38,19.94,14.8,66.6,1007.4,0.0,rocklea,2023,8,1,227,2783,1,0,0,0,,0,validation
2023-08-16,9.57,15.67,23,5.65,0.102,7.22,1.26,-0.21,0.16,19.02,15.3,67.3,1010.6,0.0,rocklea,2023,8,2,228,2784,1,0,1,0,,0,validation
2023-08-17,18.04,27.33,23,7.3,0.185,10.91,1.32,-0.48,-0.51,19.8,15.7,75.6,1006.6,0.1,rocklea,2023,8,3,229,2785,1,0,0,0,,0,validation
2023-08-18,12.78,19.67,23,9.09,0.141,6.62,2.25,1.77,-0.04,21.06,17.5,60.2,1001.8,0.0,rocklea,2023,8,4,230,2786,1,0,0,0,,0,validation
2023-08-19,8.52,6.33,23,4.3,0.199,3.46,2.59,2.42,0.82,17.88,14.6,36.6,1008.7,0.0,rocklea,2023,8,5,231,2787,1,1,0,0,,0,validation
2023-08-20,12.91,13.0,23,3.57,0.228,7.16,0.95,-0.0,0.08,17.0,10.5,48.6,1013.8,0.0,rocklea,2023,8,6,232,2788,1,1,0,0,,0,validation
2023-08-21,17.13,27.33,23,9.13,0.198,10.88,1.38,-0.16,-0.22,18.06,12.3,67.4,1014.8,0.0,rocklea,2023,8,0,233,2789,1,0,0,0,,0,validation
2023-08-22,16.22,24.0,23,8.61,0.154,7.89,1.32,-0.18,-0.3,19.4,13.6,72.1,1014.0,0.0,rocklea,2023,8,1,234,2790,1,0,0,0,,0,validation
2023-08-23,17.39,20.33,23,8.7,0.152,6.21,1.04,-0.18,-0.28,20.88,15.1,71.6,1013.4,0.0,rocklea,2023,8,2,235,2791,1,0,0,0,,0,validation
2023-08-24,15.57,27.67,23,6.48,0.16,12.06,1.55,-0.51,1.01,19.53,15.3,65.1,1015.9,0.0,rocklea,2023,8,3,236,2792,1,0,0,0,,0,validation
2023-08-25,14.48,19.33,23,5.61,0.154,8.73,1.35,0.03,0.57,18.74,13.9,64.0,1016.0,0.0,rocklea,2023,8,4,237,2793,1,0,0,0,,0,validation
2023-08-26,10.83,13.67,23,3.7,0.148,8.35,1.23,-0.14,0.64,18.15,12.5,66.1,1016.7,0.0,rocklea,2023,8,5,238,2794,1,1,0,0,,0,validation
2023-08-27,6.35,4.33,23,2.74,0.115,7.04,1.5,0.06,0.76,19.0,14.8,66.7,1016.4,0.1,rocklea,2023,8,6,239,2795,1,1,0,0,,0,validation
2023-08-28,14.39,20.0,23,5.48,0.151,6.7,1.22,-0.36,0.28,19.03,14.0,65.8,1014.5,0.0,rocklea,2023,8,0,240,2796,1,0,0,0,,0,validation
2023-08-29,15.17,20.67,23,6.26,0.156,6.42,1.22,0.09,-0.1,19.22,14.0,72.3,1011.5,0.1,rocklea,2023,8,1,241,2797,1,0,0,0,,0,validation
2023-08-30,15.65,20.67,23,9.22,0.15,6.44,1.31,-0.18,-0.03,19.0,14.5,72.5,1007.9,0.8,rocklea,2023,8,2,242,2798,1,0,0,0,,0,validation
2023-08-31,14.7,21.33,23,8.65,0.167,6.18,1.27,-0.31,-0.24,19.64,14.5,68.6,1006.4,0.0,rocklea,2023,8,3,243,2799,1,0,0,0,,0,validation
2023-09-01,15.22,23.67,23,7.91,0.173,7.87,1.33,-0.04,0.42,21.02,14.7,67.1,1006.9,0.0,rocklea,2023,9,4,244,2800,1,0,0,0,,0,validation
2023-09-02,6.61,12.67,23,2.43,0.092,8.6,1.55,-1.05,0.11,19.81,17.1,63.1,1011.0,0.0,rocklea,2023,9,5,245,2801,1,1,0,0,,0,validation
2023-09-03,7.09,9.67,23,3.48,0.087,8.52,1.38,-0.59,-0.28,20.57,16.7,68.1,1010.5,0.0,rocklea,2023,9,6,246,2802,1,1,0,0,,0,validation
2023-09-04,12.74,23.0,23,4.22,0.11,7.84,1.14,-0.55,-0.67,20.51,18.2,75.5,1009.0,0.6,rocklea,2023,9,0,247,2803,1,0,0,0,,0,validation
2023-09-05,10.61,18.33,23,4.7,0.123,7.68,1.48,-0.66,-0.66,21.59,15.9,70.4,1007.7,11.3,rocklea,2023,9,1,248,2804,1,0,0,0,,0,validation
2023-09-06,13.7,31.0,23,4.52,0.144,8.24,1.35,-0.67,0.02,21.38,17.4,65.9,1012.5,0.4,rocklea,2023,9,2,249,2805,1,0,0,0,,0,validation
2023-09-07,15.22,26.33,23,6.7,0.143,7.65,1.52,-0.66,-0.62,21.49,16.9,71.4,1014.1,0.0,rocklea,2023,9,3,250,2806,1,0,0,0,,0,validation
2023-09-08,11.78,22.67,23,4.87,0.136,8.58,1.59,-0.72,-0.8,21.93,17.3,74.3,1012.7,0.1,rocklea,2023,9,4,251,2807,1,0,0,0,,0,validation
2023-09-09,8.74,9.33,23,3.17,0.188,5.89,1.39,0.21,0.26,19.67,15.8,46.2,1014.9,0.0,rocklea,2023,9,5,252,2808,1,1,0,0,,0,validation
2023-09-10,5.74,6.67,23,2.87,0.126,7.3,1.65,-0.48,1.15,17.43,11.6,55.0,1017.0,0.0,rocklea,2023,9,6,253,2809,1,1,0,0,,0,validation
2023-09-11,12.3,18.67,23,6.17,0.147,5.26,2.2,-0.27,1.66,17.78,13.8,57.4,1018.5,0.0,rocklea,2023,9,0,254,2810,1,0,0,0,,0,validation
2023-09-12,12.09,20.33,23,4.87,0.152,4.79,1.58,-0.01,0.83,17.93,12.1,62.1,1018.7,0.1,rocklea,2023,9,1,255,2811,1,0,0,0,,0,validation
2023-09-13,15.05,18.67,21,6.52,0.161,6.8,1.19,-0.15,0.26,18.62,12.9,63.0,1018.2,2.0,rocklea,2023,9,2,256,2812,1,0,0,0,,0,validation
2023-09-14,14.91,20.67,23,5.74,0.129,7.73,1.6,-0.19,1.0,18.83,14.3,62.7,1018.1,0.0,rocklea,2023,9,3,257,2813,1,0,0,0,,0,validation
2023-09-15,14.91,21.33,23,4.83,0.167,5.87,1.5,-0.22,0.71,19.02,12.9,61.1,1017.3,0.1,rocklea,2023,9,4,258,2814,1,0,0,0,,0,validation
2023-09-16,12.3,13.0,23,4.74,0.137,6.84,1.28,-0.34,-0.14,19.32,13.5,67.8,1016.5,0.1,rocklea,2023,9,5,259,2815,1,1,0,1,,0,validation
2023-09-17,8.78,9.33,23,4.17,0.106,8.11,1.38,-0.37,-0.38,20.24,13.9,67.7,1015.8,0.0,rocklea,2023,9,6,260,2816,1,1,0,1,,0,validation
2023-09-18,13.65,18.67,23,5.52,0.112,7.96,1.3,-0.51,-0.34,20.62,15.7,66.2,1015.2,0.1,rocklea,2023,9,0,261,2817,1,0,0,1,,0,validation
2023-09-19,14.39,21.67,23,7.22,0.117,7.03,1.43,-0.35,-0.4,20.77,16.0,63.2,1013.0,0.0,rocklea,2023,9,1,262,2818,1,0,0,1,,0,validation
2023-09-20,10.3,20.33,23,7.48,0.075,6.22,1.55,-0.45,-0.66,21.69,15.9,70.3,1008.9,0.0,rocklea,2023,9,2,263,2819,1,0,0,1,,0,validation
2023-09-21,16.04,14.67,23,7.09,0.128,10.22,1.5,-0.38,-0.01,23.43,15.9,62.7,1006.0,0.0,rocklea,2023,9,3,264,2820,1,0,0,1,,0,validation
2023-09-22,11.22,15.0,23,2.61,0.063,8.23,3.03,-1.24,2.49,20.59,17.5,56.6,1013.4,0.0,rocklea,2023,9,4,265,2821,1,0,0,1,,0,validation
2023-09-23,9.26,10.0,23,2.04,0.083,5.07,2.56,-0.58,2.03,18.88,14.7,56.7,1016.2,0.0,rocklea,2023,9,5,266,2822,1,1,0,1,,0,validation
2023-09-24,6.35,5.67,23,2.26,0.061,3.98,1.92,-0.75,1.49,18.83,16.6,66.0,1015.9,0.0,rocklea,2023,9,6,267,2823,1,1,0,1,,0,validation
2023-09-25,16.0,25.67,23,4.7,0.137,5.75,1.28,-0.2,0.04,19.2,16.1,62.6,1014.4,0.0,rocklea,2023,9,0,268,2824,1,0,0,1,,0,validation
2023-09-26,14.3,22.0,23,8.48,0.131,5.92,1.55,-0.58,-0.59,19.95,13.3,62.9,1012.6,0.0,rocklea,2023,9,1,269,2825,1,0,0,1,,0,validation
2023-09-27,12.57,22.67,23,6.78,0.111,9.78,1.42,-0.72,-0.66,22.03,15.0,61.8,1010.9,0.0,rocklea,2023,9,2,270,2826,1,0,0,1,,0,validation
2023-09-28,18.65,23.67,23,8.22,0.187,14.39,1.37,-0.2,0.84,20.91,18.1,78.2,1014.8,9.8,rocklea,2023,9,3,271,2827,1,0,0,1,,0,validation
2023-09-29,12.17,18.33,23,5.65,0.105,8.17,1.4,-0.3,-0.5,21.98,17.8,70.9,1016.5,0.0,rocklea,2023,9,4,272,2828,1,0,0,1,,0,validation
2023-09-30,8.39,12.67,23,4.57,0.078,6.62,1.52,-0.85,-0.81,21.8,16.7,68.1,1014.3,0.0,rocklea,2023,9,5,273,2829,1,1,0,1,,0,validation
2023-10-01,7.83,7.67,23,2.87,0.087,6.7,1.67,-0.77,-0.88,21.58,16.3,63.0,1013.3,0.0,rocklea,2023,10,6,274,2830,1,1,0,1,,0,validation
2023-10-02,5.52,7.33,23,3.04,0.05,6.53,1.56,-0.65,-0.68,22.35,16.3,66.1,1013.8,0.0,rocklea,2023,10,0,275,2831,1,0,1,1,,0,validation
2023-10-03,11.35,21.67,23,3.0,0.097,8.68,1.78,-1.02,-0.82,22.18,17.2,67.8,1013.9,0.0,rocklea,2023,10,1,276,2832,1,0,0,0,,0,validation
2023-10-04,7.65,20.33,23,0.65,0.046,8.81,2.5,-1.73,-1.73,22.82,20.0,71.5,1010.1,1.0,rocklea,2023,10,2,277,2833,1,0,0,0,,0,validation
2023-10-05,16.78,20.0,23,7.0,0.154,7.41,1.88,1.41,0.21,23.15,18.9,52.4,1009.4,0.2,rocklea,2023,10,3,278,2834,1,0,0,0,,0,validation
2023-10-06,14.52,27.67,23,5.26,0.137,8.25,1.89,-0.46,1.09,21.39,16.9,49.7,1012.5,0.0,rocklea,2023,10,4,279,2835,1,0,0,0,,0,validation
2023-10-07,9.52,10.0,23,2.7,0.108,4.84,2.51,-0.56,2.05,19.51,16.6,62.0,1016.5,0.0,rocklea,2023,10,5,280,2836,1,1,0,0,,0,validation
2023-10-08,9.26,8.0,23,1.35,0.101,5.11,1.78,-0.49,1.15,18.64,15.7,65.4,1019.1,0.0,rocklea,2023,10,6,281,2837,1,1,0,0,,0,validation
2023-10-09,13.39,22.0,23,3.48,0.153,4.93,1.56,-0.67,-0.09,19.84,13.8,60.3,1016.5,0.0,rocklea,2023,10,0,282,2838,1,0,0,0,,0,validation
2023-10-10,15.19,20.33,21,6.0,0.16,7.22,1.55,-0.57,-0.49,21.0,14.8,59.4,1013.0,0.0,rocklea,2023,10,1,283,2839,1,0,0,0,,0,validation
2023-10-11,16.38,27.0,21,7.3,0.148,5.47,1.55,-0.64,-0.35,21.91,17.3,63.0,1014.4,0.1,rocklea,2023,10,2,284,2840,1,0,0,0,,0,validation
2023-10-12,13.26,18.67,23,5.0,0.122,5.65,1.92,-0.88,-0.98,22.24,16.7,63.3,1012.7,0.0,rocklea,2023,10,3,285,2841,1,0,0,0,,0,validation
2023-10-13,10.78,21.67,23,3.91,0.107,7.08,1.88,-0.85,-0.22,24.05,18.3,60.9,1007.6,0.0,rocklea,2023,10,4,286,2842,1,0,0,0,,0,validation
2023-10-14,6.83,9.0,23,2.26,0.082,8.85,1.74,-0.62,0.04,23.5,18.4,64.5,1008.8,0.0,rocklea,2023,10,5,287,2843,1,1,0,0,,0,validation
2023-10-15,5.17,6.0,23,3.87,0.091,7.79,1.69,-0.62,-0.56,24.36,18.0,64.8,1008.1,0.0,rocklea,2023,10,6,288,2844,1,1,0,0,,0,validation
2023-10-16,9.22,16.67,23,3.78,0.101,8.66,1.63,-0.93,-0.94,24.57,20.1,68.3,1005.2,0.4,rocklea,2023,10,0,289,2845,1,0,0,0,,0,validation
2023-10-17,10.78,20.67,23,2.35,0.16,22.0,2.41,-1.07,1.67,22.14,19.3,51.5,1011.5,0.0,rocklea,2023,10,1,290,2846,1,0,0,0,,0,validation
2023-10-18,13.26,17.67,23,4.39,0.158,13.05,2.46,-0.67,2.03,20.41,16.3,58.0,1015.6,0.0,rocklea,2023,10,2,291,2847,1,0,0,0,,0,validation
2023-10-19,14.13,18.33,23,3.5,0.14,6.82,1.73,-0.44,1.39,20.82,16.1,56.9,1012.7,0.0,rocklea,2023,10,3,292,2848,1,0,0,0,,0,validation
2023-10-20,10.43,17.67,23,3.7,0.122,5.96,1.58,-0.53,0.21,21.71,16.8,62.7,1010.0,0.0,rocklea,2023,10,4,293,2849,1,0,0,0,,0,validation
2023-10-21,7.26,7.0,23,2.78,0.103,6.02,1.72,-0.85,-0.67,22.96,18.0,64.4,1009.0,0.0,rocklea,2023,10,5,294,2850,1,1,0,0,,0,validation
2023-10-22,2.48,3.0,23,1.48,0.071,9.26,2.03,-1.28,-1.35,24.35,20.6,64.1,1006.0,0.0,rocklea,2023,10,6,295,2851,1,1,0,0,,0,validation
2023-10-23,5.91,16.0,23,2.61,0.082,9.76,2.13,-1.48,-1.38,24.97,20.8,65.0,1004.4,0.2,rocklea,2023,10,0,296,2852,1,0,0,0,,0,validation
2023-10-24,5.35,14.67,23,1.96,0.054,6.57,2.38,-1.71,-1.58,24.76,21.5,67.3,1006.6,0.0,rocklea,2023,10,1,297,2853,1,0,0,0,,0,validation
2023-10-25,6.13,13.67,23,2.22,0.06,6.91,2.34,-1.51,-1.66,24.98,21.2,66.4,1005.8,0.1,rocklea,2023,10,2,298,2854,1,0,0,0,,0,validation
2023-10-26,9.96,17.0,23,3.13,0.1,9.65,1.74,-0.85,0.47,24.18,19.3,67.9,1005.9,1.6,rocklea,2023,10,3,299,2855,1,0,0,0,,0,validation
2023-10-27,13.22,13.67,23,3.7,0.155,3.24,2.12,1.05,1.65,19.43,17.0,68.6,1011.0,11.3,rocklea,2023,10,4,300,2856,1,0,0,0,,0,validation
2023-10-28,5.78,6.33,23,1.17,0.107,4.53,2.7,-0.47,2.17,19.64,15.7,58.4,1014.6,0.0,rocklea,2023,10,5,301,2857,1,1,0,0,,0,validation
2023-10-29,4.74,4.0,23,1.91,0.116,10.62,1.58,-0.58,0.02,19.99,15.5,61.0,1012.1,0.0,rocklea,2023,10,6,302,2858,1,1,0,0,,0,validation
2023-10-30,10.04,17.0,23,5.39,0.131,8.28,1.82,-0.54,-0.69,22.22,17.1,59.9,1008.9,0.0,rocklea,2023,10,0,303,2859,1,0,0,0,,0,validation
2023-10-31,13.26,20.0,23,5.17,0.146,11.58,1.49,-1.03,-0.61,24.52,17.9,62.0,1004.6,0.0,rocklea,2023,10,1,304,2860,1,0,0,0,,0,validation
2023-11-01,11.13,17.33,23,3.0,0.115,14.1,2.37,-0.85,1.9,23.08,19.1,59.3,1007.7,0.0,rocklea,2023,11,2,305,2861,1,0,0,0,,0,validation
2023-11-02,9.91,17.33,23,4.22,0.126,8.78,1.66,-0.83,-0.05,21.4,17.4,58.0,1010.5,0.0,rocklea,2023,11,3,306,2862,1,0,0,0,,0,validation
2023-11-03,13.74,15.67,23,4.83,0.153,6.05,1.49,-0.63,-0.21,20.7,16.9,72.7,1010.0,5.1,rocklea,2023,11,4,307,2863,1,0,0,0,,0,validation
2023-11-04,6.22,9.0,23,2.48,0.09,7.28,1.84,-1.03,-0.69,22.7,18.9,69.0,1009.9,0.0,rocklea,2023,11,5,308,2864,1,1,0,0,,0,validation
2023-11-05,5.22,4.0,23,1.09,0.061,5.36,1.48,-0.79,0.98,20.62,18.4,83.3,1012.0,12.5,rocklea,2023,11,6,309,2865,1,1,0,0,,0,validation
2023-11-06,10.65,17.0,23,2.57,0.114,4.99,1.47,-0.57,0.76,20.08,17.7,74.9,1013.0,0.1,rocklea,2023,11,0,310,2866,1,0,0,0,,0,validation
2023-11-07,10.57,14.67,21,4.0,0.116,4.58,1.54,-0.65,0.5,20.33,15.5,72.7,1011.8,0.1,rocklea,2023,11,1,311,2867,1,0,0,0,,0,validation
2023-11-08,9.61,16.67,23,2.3,0.118,4.32,1.62,-1.23,-0.4,22.2,17.9,67.2,1010.9,0.0,rocklea,2023,11,2,312,2868,1,0,0,0,,0,validation
2023-11-09,9.61,14.33,23,2.83,0.12,4.18,1.62,-1.08,-0.55,22.74,16.9,61.4,1010.0,0.0,rocklea,2023,11,3,313,2869,1,0,0,0,,0,validation
2023-11-10,11.13,15.33,23,4.65,0.127,5.11,1.61,-0.9,-0.43,21.84,18.0,74.2,1010.5,21.4,rocklea,2023,11,4,314,2870,1,0,0,0,,0,validation
2023-11-11,7.3,9.33,23,2.57,0.108,5.55,1.68,-0.72,-0.03,21.5,17.0,72.8,1012.2,0.1,rocklea,2023,11,5,315,2871,1,1,0,0,,0,validation
2023-11-12,5.83,7.67,23,2.35,0.104,5.46,1.76,-0.84,-0.72,23.23,18.1,68.1,1011.0,0.0,rocklea,2023,11,6,316,2872,1,1,0,0,,0,validation
2023-11-13,7.04,14.33,23,3.87,0.072,6.55,1.92,-1.12,-0.6,24.42,20.5,64.8,1007.1,0.0,rocklea,2023,11,0,317,2873,1,0,0,0,,0,validation
2023-11-14,6.0,11.67,22,1.61,0.064,9.32,1.73,-1.38,-0.66,24.26,20.9,69.7,1006.2,0.0,rocklea,2023,11,1,318,2874,1,0,0,0,,0,validation
2023-11-15,7.7,12.33,23,3.48,0.087,9.58,1.74,-0.95,-1.23,26.22,21.7,69.2,1003.0,0.0,rocklea,2023,11,2,319,2875,1,0,0,0,,0,validation
2023-11-16,11.35,16.33,23,5.04,0.126,13.48,1.37,-0.93,-0.59,27.6,24.1,72.5,1000.0,0.0,rocklea,2023,11,3,320,2876,1,0,0,0,,0,validation
2023-11-17,9.91,17.67,23,3.7,0.1,10.46,2.43,-1.57,1.35,25.74,21.0,67.1,1002.7,0.0,rocklea,2023,11,4,321,2877,1,0,0,0,,0,validation
2023-11-18,3.22,4.33,23,0.74,0.078,7.05,2.16,-1.49,0.94,22.82,19.5,57.0,1011.1,0.0,rocklea,2023,11,5,322,2878,1,1,0,0,,0,validation
2023-11-19,3.3,3.33,23,1.61,0.063,7.22,2.1,-1.23,-0.47,23.09,17.7,64.0,1012.4,0.0,rocklea,2023,11,6,323,2879,1,1,0,0,,0,validation
2023-11-20,9.78,12.67,23,1.09,0.102,7.0,1.55,-1.18,-0.84,21.48,19.6,77.1,1011.5,12.7,rocklea,2023,11,0,324,2880,1,0,0,0,,0,validation
2023-11-21,8.87,17.33,23,0.65,0.089,5.65,1.51,-1.38,-0.52,22.48,19.3,84.1,1010.7,12.5,rocklea,2023,11,1,325,2881,1,0,0,0,,0,validation
2023-11-22,8.39,14.33,23,0.35,0.111,7.26,1.51,-1.09,-0.91,24.15,22.5,75.9,1010.0,2.2,rocklea,2023,11,2,326,2882,1,0,0,0,,0,validation
2023-11-23,7.17,7.67,23,0.78,0.07,5.54,1.53,-1.39,-0.33,23.57,20.7,72.0,1010.5,0.2,rocklea,2023,11,3,327,2883,1,0,0,0,,0,validation
2023-11-24,6.0,8.67,23,0.87,0.073,6.42,1.83,-1.58,-0.1,23.92,20.7,64.4,1009.8,0.0,rocklea,2023,11,4,328,2884,1,0,0,0,,0,validation
2023-11-25,6.13,7.0,23,1.22,0.084,5.14,1.28,-0.97,-0.27,22.71,20.0,76.3,1007.2,0.3,rocklea,2023,11,5,329,2885,1,1,0,0,,0,validation
2023-11-26,4.17,4.0,23,2.48,0.073,4.96,1.48,-0.68,-0.84,24.47,19.7,68.8,1004.7,0.0,rocklea,2023,11,6,330,2886,1,1,0,0,,0,validation
2023-11-27,8.48,12.33,23,3.96,0.102,5.98,1.35,-0.63,-0.82,25.19,20.7,73.6,1003.7,6.9,rocklea,2023,11,0,331,2887,1,0,0,0,,0,validation
2023-11-28,12.39,20.33,23,4.78,0.14,5.52,1.14,-0.16,0.41,22.09,20.5,85.8,1003.7,14.9,rocklea,2023,11,1,332,2888,1,0,0,0,,0,validation
2023-11-29,10.09,12.33,23,3.3,0.124,4.88,1.33,-0.26,-0.16,25.11,20.9,78.3,998.8,0.0,rocklea,2023,11,2,333,2889,1,0,0,0,,0,validation
2023-11-30,19.0,18.33,23,6.04,0.212,6.71,1.5,1.2,0.2,28.57,21.9,54.5,997.4,0.0,rocklea,2023,11,3,334,2890,1,0,0,0,,0,validation
2023-12-01,18.91,26.33,23,,0.213,8.48,1.22,0.01,-0.16,27.99,21.7,53.0,998.7,8.7,rocklea,2023,12,4,335,2891,1,0,0,0,,0,validation
2023-12-02,9.26,7.0,23,,0.151,8.67,1.51,0.17,-0.14,26.94,20.6,70.8,1000.3,6.4,rocklea,2023,12,5,336,2892,1,1,0,0,,0,validation
2023-12-03,6.35,6.67,23,,0.106,5.66,1.61,-0.26,0.17,28.14,23.1,62.4,1003.5,0.0,rocklea,2023,12,6,337,2893,1,1,0,0,,0,validation
2023-12-04,8.26,17.67,23,,0.088,7.05,1.53,-0.86,0.32,26.8,22.9,72.9,1006.3,2.8,rocklea,2023,12,0,338,2894,1,0,0,0,,0,validation
2023-12-05,6.1,8.0,21,1.3,,4.9,1.87,-1.5,-0.07,26.43,22.7,70.6,1008.8,0.0,rocklea,2023,12,1,339,2895,1,0,0,0,,0,validation
2023-12-06,9.48,16.67,23,3.39,,5.43,1.6,-0.75,-0.84,27.48,23.7,67.9,1007.9,0.0,rocklea,2023,12,2,340,2896,1,0,0,0,,0,validation
2023-12-07,9.82,15.0,22,2.52,,4.48,1.49,-1.08,-0.68,26.85,22.3,68.7,1008.8,0.0,rocklea,2023,12,3,341,2897,1,0,0,0,,0,validation
2023-12-08,7.83,10.33,23,2.61,0.118,4.31,1.62,-1.06,-0.49,26.75,22.1,67.9,1009.9,0.0,rocklea,2023,12,4,342,2898,1,0,0,0,,0,validation
2023-12-09,4.22,4.33,23,0.65,0.074,5.46,1.77,-1.6,-0.71,26.38,24.0,66.0,1008.3,0.0,rocklea,2023,12,5,343,2899,1,1,0,1,,0,validation
2023-12-10,3.35,3.67,23,0.7,0.063,7.5,1.95,-1.59,-0.09,26.02,22.1,63.6,1008.1,0.0,rocklea,2023,12,6,344,2900,1,1,0,1,,0,validation
2023-12-11,4.86,8.67,22,0.35,0.035,7.97,1.9,-1.83,-0.04,26.1,23.0,57.7,1008.0,0.0,rocklea,2023,12,0,345,2901,1,0,0,1,,0,validation
2023-12-12,7.43,15.33,23,2.83,0.052,7.02,1.72,-1.53,0.02,26.37,23.7,61.1,1008.2,0.0,rocklea,2023,12,1,346,2902,1,0,0,1,,0,validation
2023-12-13,7.83,16.0,23,2.04,0.072,6.67,1.69,-1.24,-0.9,26.34,23.1,62.4,1007.4,0.0,rocklea,2023,12,2,347,2903,1,0,0,1,,0,validation
2023-12-14,8.04,16.0,23,3.13,0.087,9.7,1.7,-0.91,-1.14,27.5,23.0,66.9,1003.1,0.0,rocklea,2023,12,3,348,2904,1,0,0,1,,0,validation
2023-12-15,15.3,20.67,23,6.13,0.226,27.34,1.28,-0.57,-0.43,27.75,23.5,72.7,1000.7,21.1,rocklea,2023,12,4,349,2905,1,0,0,1,,0,validation
2023-12-16,9.04,9.67,23,3.22,0.168,18.4,1.45,-0.68,-0.31,27.38,22.9,74.2,999.3,6.2,rocklea,2023,12,5,350,2906,1,1,0,1,,0,validation
2023-12-17,6.04,7.67,23,2.04,0.111,10.01,1.76,-0.97,-0.43,29.13,24.8,67.7,1001.9,0.0,rocklea,2023,12,6,351,2907,1,1,0,1,,0,validation
2023-12-18,4.43,11.67,23,0.61,0.076,7.83,2.13,-1.58,-1.37,28.27,25.8,73.4,1006.0,0.0,rocklea,2023,12,0,352,2908,1,0,0,1,,0,validation
2023-12-19,4.96,9.33,23,1.7,0.062,5.75,1.99,-1.35,-1.19,27.4,24.2,68.4,1006.0,0.0,rocklea,2023,12,1,353,2909,1,0,0,1,,0,validation
2023-12-20,5.3,8.0,23,1.83,0.061,5.62,1.76,-1.08,-1.05,27.28,24.1,66.8,1003.4,3.6,rocklea,2023,12,2,354,2910,1,0,0,1,,0,validation
2023-12-21,11.78,13.0,23,5.3,0.14,6.14,1.08,0.16,0.48,24.82,21.1,79.5,1002.9,23.0,rocklea,2023,12,3,355,2911,1,0,0,1,,0,validation
2023-12-22,11.7,17.67,23,4.0,0.14,3.92,1.66,0.48,1.26,23.43,20.4,75.6,1003.5,0.0,rocklea,2023,12,4,356,2912,1,0,0,1,,0,validation
2023-12-23,4.09,4.67,23,1.91,0.067,6.09,1.64,-0.81,-0.24,24.8,19.3,66.2,1002.8,2.9,rocklea,2023,12,5,357,2913,1,1,0,1,,0,validation
2023-12-24,10.87,3.33,23,2.87,0.141,4.19,0.92,-0.13,-0.03,22.5,19.1,84.4,1000.2,12.1,rocklea,2023,12,6,358,2914,1,1,0,1,,0,validation
2023-12-25,2.91,4.67,23,1.7,0.081,5.63,1.68,-0.42,-0.18,26.23,20.6,75.6,998.6,4.1,rocklea,2023,12,0,359,2915,1,0,1,1,,0,validation
2023-12-26,6.83,4.0,23,2.55,0.098,5.67,1.16,-0.62,-0.4,25.38,20.7,78.9,1000.8,44.7,rocklea,2023,12,1,360,2916,1,0,1,1,,0,validation
2023-12-27,6.17,9.33,23,1.43,0.119,5.72,1.52,-1.0,-0.86,27.3,22.5,75.1,1002.1,0.0,rocklea,2023,12,2,361,2917,1,0,0,1,,0,validation
2023-12-28,10.35,12.0,23,3.09,0.153,9.48,1.31,-0.16,-0.06,29.97,23.0,62.7,1002.3,0.0,rocklea,2023,12,3,362,2918,1,0,0,1,,0,validation
2023-12-29,10.7,16.67,23,3.09,0.17,15.38,1.57,-0.32,-0.22,30.41,24.0,64.1,1002.0,0.0,rocklea,2023,12,4,363,2919,1,0,0,1,,0,validation
2023-12-30,8.17,8.0,23,2.22,0.145,9.33,1.46,-0.25,0.12,25.19,22.5,77.2,1001.8,2.2,rocklea,2023,12,5,364,2920,1,1,0,1,,0,validation
2023-12-31,4.52,5.67,23,1.48,0.112,7.36,1.75,-1.13,0.39,26.1,21.0,71.7,1006.1,0.4,rocklea,2023,12,6,365,2921,1,1,0,1,,0,validation
2024-01-01,10.04,5.33,23,2.22,0.147,4.74,1.45,0.16,1.25,22.49,20.9,88.9,1009.6,22.2,rocklea,2024,1,0,1,2922,1,0,1,1,,0,validation
2024-01-02,10.48,16.67,21,1.5,0.141,6.43,2.02,-0.44,1.79,23.02,21.3,82.6,1007.2,13.2,rocklea,2024,1,1,2,2923,1,0,0,1,,0,validation
2024-01-03,8.7,9.67,23,2.22,0.138,6.26,1.75,0.13,1.4,26.18,21.0,69.3,1005.3,0.1,rocklea,2024,1,2,3,2924,1,0,0,1,,0,validation
2024-01-04,5.43,10.33,23,1.83,0.125,4.22,1.3,-0.39,0.44,27.06,22.8,72.4,1005.1,0.0,rocklea,2024,1,3,4,2925,1,0,0,1,,0,validation
2024-01-05,8.9,10.33,20,2.52,0.152,5.06,2.02,-0.68,1.67,26.97,23.4,72.5,1006.6,0.2,rocklea,2024,1,4,5,2926,1,0,0,1,,0,validation
2024-01-06,4.65,5.0,23,1.61,0.091,5.44,2.72,-0.87,2.31,24.75,22.8,70.3,1008.5,0.0,rocklea,2024,1,5,6,2927,1,1,0,1,,0,validation
2024-01-07,4.0,3.0,23,1.61,0.09,6.45,1.88,-0.58,1.35,24.9,21.3,72.6,1008.8,0.0,rocklea,2024,1,6,7,2928,1,1,0,1,,0,validation
2024-01-08,8.17,14.0,23,1.35,0.171,5.78,1.26,-0.41,-0.22,25.17,21.9,85.1,1006.2,2.7,rocklea,2024,1,0,8,2929,1,0,0,1,,0,validation
2024-01-09,7.61,12.0,23,2.96,0.168,6.01,1.24,-0.56,-0.33,27.18,24.6,81.0,1004.4,3.1,rocklea,2024,1,1,9,2930,1,0,0,1,,0,validation
2024-01-10,6.96,10.67,23,1.96,0.14,6.45,1.33,-0.65,-0.0,27.65,24.2,77.7,1004.9,1.4,rocklea,2024,1,2,10,2931,1,0,0,1,,0,validation
2024-01-11,9.22,16.33,23,1.35,0.148,6.61,1.42,-0.73,0.85,26.14,23.0,74.0,1007.1,10.7,rocklea,2024,1,3,11,2932,1,0,0,1,,0,validation
2024-01-12,8.65,14.33,23,2.61,0.173,7.38,2.3,-0.57,1.95,24.89,21.7,78.7,1007.0,17.2,rocklea,2024,1,4,12,2933,1,0,0,1,,0,validation
2024-01-13,4.22,5.67,23,0.91,0.135,7.72,1.98,-0.76,1.38,26.28,22.4,74.4,1004.5,0.4,rocklea,2024,1,5,13,2934,1,1,0,1,,0,validation
2024-01-14,4.0,3.0,23,1.74,0.13,6.18,1.97,-0.4,1.55,27.44,21.9,66.0,1003.5,0.0,rocklea,2024,1,6,14,2935,1,1,0,1,,0,validation
2024-01-15,7.13,11.33,23,2.3,0.177,3.89,1.69,-0.41,1.16,25.52,23.4,78.0,1003.4,12.1,rocklea,2024,1,0,15,2936,1,0,0,1,,0,validation
2024-01-16,9.43,12.0,23,2.65,0.214,4.4,1.48,-0.47,1.23,24.7,23.0,84.9,1003.1,14.4,rocklea,2024,1,1,16,2937,1,0,0,1,,0,validation
2024-01-17,6.48,11.33,23,1.87,0.191,4.99,1.5,-0.77,0.05,27.0,22.7,81.0,1000.6,0.0,rocklea,2024,1,2,17,2938,1,0,0,1,,0,validation
2024-01-18,8.91,13.0,23,2.74,0.221,5.27,1.18,-0.25,-0.37,28.14,23.7,80.2,997.7,9.8,rocklea,2024,1,3,18,2939,1,0,0,1,,0,validation
2024-01-19,11.09,14.0,23,3.7,0.22,5.25,1.29,-0.34,-0.23,28.92,23.5,74.3,998.0,0.0,rocklea,2024,1,4,19,2940,1,0,0,1,,0,validation
2024-01-20,5.17,12.0,23,0.87,0.18,4.55,1.28,-0.84,0.38,27.83,24.8,78.5,1001.0,20.9,rocklea,2024,1,5,20,2941,1,1,0,1,,0,validation
2024-01-21,4.57,5.67,23,2.09,0.18,5.46,1.35,-0.58,-0.53,29.25,24.9,74.1,1000.4,0.0,rocklea,2024,1,6,21,2942,1,1,0,1,,0,validation
2024-01-22,8.0,12.67,22,3.43,0.203,8.32,1.83,-0.98,0.29,29.83,25.5,73.0,999.6,0.0,rocklea,2024,1,0,22,2943,1,0,0,0,,0,validation
2024-01-23,8.74,14.0,23,2.83,0.157,9.15,2.82,-1.47,2.38,25.8,24.4,67.2,1003.8,0.0,rocklea,2024,1,1,23,2944,1,0,0,0,,0,validation
2024-01-24,9.3,15.33,23,3.14,0.162,6.78,1.68,-0.79,0.74,26.33,22.5,62.1,1005.5,0.0,rocklea,2024,1,2,24,2945,1,0,0,0,,0,validation
2024-01-25,10.35,16.67,23,3.3,0.171,6.58,1.64,-0.69,-0.49,27.16,21.2,67.3,1004.8,0.0,rocklea,2024,1,3,25,2946,1,0,0,0,,0,validation
2024-01-26,5.13,7.33,23,3.04,0.167,6.69,1.31,-0.5,-0.59,27.68,23.6,80.4,1000.1,0.0,rocklea,2024,1,4,26,2947,1,0,1,0,,0,validation
2024-01-27,3.43,3.67,23,1.65,0.171,8.86,1.68,-1.09,-1.06,30.8,27.5,75.2,996.3,0.0,rocklea,2024,1,5,27,2948,1,1,0,0,,0,validation
2024-01-28,6.91,7.33,23,1.78,0.197,4.05,1.12,0.0,0.57,27.09,24.6,85.5,998.5,36.1,rocklea,2024,1,6,28,2949,1,1,0,0,,0,validation
2024-01-29,7.35,12.0,23,1.26,0.185,3.87,1.6,-0.95,1.08,28.5,26.3,82.6,1001.2,0.9,rocklea,2024,1,0,29,2950,1,0,0,0,,0,validation
2024-01-30,7.61,12.67,23,0.65,0.182,6.62,2.0,-1.15,1.58,27.08,25.7,81.7,1001.0,6.6,rocklea,2024,1,1,30,2951,1,0,0,0,,0,validation
2024-01-31,9.57,14.33,23,2.39,0.172,6.88,2.6,-1.0,2.22,27.16,23.6,65.3,1000.7,0.0,rocklea,2024,1,2,31,2952,1,0,0,0,,0,validation
2024-02-01,7.57,11.67,23,1.78,0.158,5.33,2.07,-0.77,1.6,27.12,22.9,67.8,1001.0,0.0,rocklea,2024,2,3,32,2953,1,0,0,0,,0,validation
2024-02-02,9.35,10.33,23,4.35,0.195,5.41,1.46,-0.32,-0.35,27.95,22.1,67.8,998.9,0.0,rocklea,2024,2,4,33,2954,1,0,0,0,,0,validation
2024-02-03,5.7,6.67,23,1.17,0.176,5.45,1.64,-1.22,-0.11,28.46,24.7,72.1,1002.8,0.0,rocklea,2024,2,5,34,2955,1,1,0,0,,0,validation
2024-02-04,4.61,6.0,23,1.7,0.161,7.64,1.42,-0.85,-0.25,27.83,24.7,77.4,1004.2,0.0,rocklea,2024,2,6,35,2956,1,1,0,0,,0,validation
2024-02-05,6.13,13.0,23,0.87,0.126,8.48,1.8,-1.52,-0.93,28.71,25.6,66.6,1002.9,0.1,rocklea,2024,2,0,36,2957,1,0,0,0,,0,validation
2024-02-06,6.43,12.33,23,1.96,0.157,6.36,1.59,-1.08,-0.85,29.32,25.8,71.3,1001.9,0.0,rocklea,2024,2,1,37,2958,1,0,0,0,,0,validation
2024-02-07,6.87,8.67,23,2.0,0.168,5.89,2.41,-1.34,1.69,27.41,25.3,74.7,1004.8,0.0,rocklea,2024,2,2,38,2959,1,0,0,0,,0,validation
2024-02-08,8.96,14.33,23,2.7,0.172,3.46,2.33,-0.23,1.9,26.54,22.2,70.6,1007.5,0.2,rocklea,2024,2,3,39,2960,1,0,0,0,,0,validation
2024-02-09,11.0,13.67,23,3.43,0.213,3.23,1.96,0.34,1.71,24.59,21.6,81.2,1008.3,1.0,rocklea,2024,2,4,40,2961,1,0,0,0,,0,validation
2024-02-10,7.09,8.33,23,2.39,0.19,3.3,1.53,-0.23,1.24,23.94,22.7,86.5,1007.8,0.2,rocklea,2024,2,5,41,2962,1,1,0,0,,0,validation
2024-02-11,4.22,4.67,23,1.09,0.119,5.85,2.31,-0.61,1.8,25.92,21.9,74.3,1008.2,0.8,rocklea,2024,2,6,42,2963,1,1,0,0,,0,validation
2024-02-12,9.09,13.0,23,2.22,0.162,6.78,1.59,-0.56,0.87,25.52,21.8,74.6,1009.5,1.8,rocklea,2024,2,0,43,2964,1,0,0,0,,0,validation
2024-02-13,9.17,15.33,23,2.71,0.149,7.64,1.45,-0.85,0.45,25.8,21.9,67.5,1008.0,0.0,rocklea,2024,2,1,44,2965,1,0,0,0,,0,validation
2024-02-14,11.87,16.0,23,3.78,0.195,7.56,1.3,-0.2,-0.3,27.3,22.2,70.2,1005.5,0.4,rocklea,2024,2,2,45,2966,1,0,0,0,,0,validation
2024-02-15,7.61,11.0,23,1.83,0.155,6.45,1.57,-1.07,0.8,27.02,24.2,73.1,1007.5,4.2,rocklea,2024,2,3,46,2967,1,0,0,0,,0,validation
2024-02-16,13.3,12.33,23,5.43,0.25,4.83,1.21,0.09,0.93,22.48,20.9,87.8,1010.1,50.0,rocklea,2024,2,4,47,2968,1,0,0,0,,0,validation
2024-02-17,6.35,6.0,23,1.78,0.164,5.93,1.7,-0.34,1.17,25.39,20.4,75.1,1010.8,2.8,rocklea,2024,2,5,48,2969,1,1,0,0,,0,validation
2024-02-18,4.91,4.67,23,1.26,0.133,5.62,1.45,-0.51,0.82,26.14,21.8,71.3,1008.8,0.0,rocklea,2024,2,6,49,2970,1,1,0,0,,0,validation
2024-02-19,10.91,11.67,23,4.48,0.218,4.9,1.04,0.02,0.45,24.63,21.8,78.1,1007.2,9.4,rocklea,2024,2,0,50,2971,1,0,0,0,,0,validation
2024-02-20,10.04,13.67,23,2.74,0.165,3.83,1.4,0.04,0.48,25.61,20.3,72.9,1005.4,0.0,rocklea,2024,2,1,51,2972,1,0,0,0,,0,validation
2024-02-21,12.36,16.0,22,4.09,0.205,4.37,1.15,-0.08,0.36,26.78,21.9,71.6,1005.2,0.0,rocklea,2024,2,2,52,2973,1,0,0,0,,0,validation
2024-02-22,10.87,14.33,23,4.22,0.204,4.8,1.27,-0.02,-0.12,27.82,22.8,71.9,1004.8,0.5,rocklea,2024,2,3,53,2974,1,0,0,0,,0,validation
2024-02-23,12.13,17.33,23,4.78,0.207,5.86,1.28,-0.59,-0.76,29.4,23.9,70.6,1003.1,0.0,rocklea,2024,2,4,54,2975,1,0,0,0,,0,validation
2024-02-24,13.13,12.67,23,5.13,0.29,7.37,1.17,0.67,0.26,27.34,23.4,80.4,1003.3,1.4,rocklea,2024,2,5,55,2976,1,1,0,0,,0,validation
2024-02-25,6.87,7.33,23,1.74,0.173,4.03,1.22,-0.12,0.65,25.8,23.0,80.0,1005.1,4.0,rocklea,2024,2,6,56,2977,1,1,0,0,,0,validation
2024-02-26,10.09,17.33,23,3.43,0.187,5.56,1.32,-0.57,0.12,27.83,23.3,73.0,1005.1,0.0,rocklea,2024,2,0,57,2978,1,0,0,0,,0,validation
2024-02-27,10.74,17.33,23,3.04,0.157,6.48,1.42,-0.99,0.72,27.67,24.9,69.9,1007.5,0.0,rocklea,2024,2,1,58,2979,1,0,0,0,,0,validation
2024-02-28,10.26,16.33,23,3.87,0.161,6.64,1.31,-0.74,0.38,27.07,22.5,69.4,1009.8,0.0,rocklea,2024,2,2,59,2980,1,0,0,0,,0,validation
2024-02-29,11.78,12.67,23,3.96,0.177,7.01,1.28,-0.42,-0.35,27.52,23.6,69.4,1008.4,0.0,rocklea,2024,2,3,60,2981,1,0,0,0,,0,validation
2024-03-01,11.17,17.33,23,3.7,0.173,5.84,1.25,-0.6,-0.69,27.56,23.8,69.0,1007.4,0.0,rocklea,2024,3,4,61,2982,1,0,0,0,,0,validation
2024-03-02,6.7,8.67,23,3.7,0.151,4.78,1.31,-0.32,-0.54,27.82,22.6,67.7,1005.6,0.0,rocklea,2024,3,5,62,2983,1,1,0,0,,0,validation
2024-03-03,10.35,8.33,23,3.09,0.225,6.61,1.14,0.47,0.43,27.5,24.7,79.6,1005.0,0.1,rocklea,2024,3,6,63,2984,1,1,0,0,,0,validation
2024-03-04,10.74,17.0,23,2.91,0.196,8.05,1.81,-0.55,1.12,27.43,22.7,76.0,1007.7,5.9,rocklea,2024,3,0,64,2985,1,0,0,0,,0,validation
2024-03-05,13.09,19.0,23,4.13,0.197,6.38,1.66,-0.32,1.36,23.7,22.0,80.4,1011.6,6.1,rocklea,2024,3,1,65,2986,1,0,0,0,,0,validation
2024-03-06,10.78,14.67,23,3.57,0.142,5.48,1.59,-0.53,1.0,25.13,20.7,66.1,1011.1,0.0,rocklea,2024,3,2,66,2987,1,0,0,0,,0,validation
2024-03-07,11.22,15.0,23,3.43,0.232,5.13,1.64,-0.38,1.03,25.36,20.6,68.0,1011.2,0.0,rocklea,2024,3,3,67,2988,1,0,0,0,,0,validation
2024-03-08,12.17,20.0,23,3.61,0.171,5.41,2.34,-0.91,1.84,25.16,21.7,67.0,1011.7,0.0,rocklea,2024,3,4,68,2989,1,0,0,0,,0,validation
2024-03-09,5.7,9.0,23,1.43,0.11,5.78,3.02,-1.4,2.52,25.35,21.8,66.9,1012.5,0.6,rocklea,2024,3,5,69,2990,1,1,0,0,,0,validation
2024-03-10,5.65,7.33,23,0.61,0.113,7.31,2.58,-1.01,2.04,24.85,21.0,64.8,1013.3,0.0,rocklea,2024,3,6,70,2991,1,1,0,0,,0,validation
2024-03-11,10.74,18.33,23,2.48,0.18,7.67,2.04,-0.64,1.64,23.76,21.9,77.0,1012.1,8.1,rocklea,2024,3,0,71,2992,1,0,0,0,,0,validation
2024-03-12,10.43,15.0,23,2.65,0.14,7.18,2.43,-0.82,1.88,25.48,20.6,61.6,1008.2,0.0,rocklea,2024,3,1,72,2993,1,0,0,0,,0,validation
2024-03-13,10.65,17.0,23,3.57,0.162,7.56,2.4,-0.85,1.92,25.54,21.3,65.9,1005.3,0.0,rocklea,2024,3,2,73,2994,1,0,0,0,,0,validation
2024-03-14,14.18,18.33,22,3.52,0.247,7.8,1.23,-0.19,0.57,24.99,21.4,74.0,1002.7,0.0,rocklea,2024,3,3,74,2995,1,0,0,0,,0,validation
2024-03-15,13.52,17.67,23,4.78,0.215,7.03,2.34,-0.36,2.05,25.01,20.2,71.3,1004.2,0.0,rocklea,2024,3,4,75,2996,1,0,0,0,,0,validation
2024-03-16,8.39,11.67,23,2.74,0.134,6.91,2.5,-0.43,2.11,24.07,21.2,63.3,1007.8,0.0,rocklea,2024,3,5,76,2997,1,1,0,0,,0,validation
2024-03-17,6.04,7.0,23,1.39,0.142,4.16,1.42,-0.35,0.7,23.24,20.0,79.2,1005.3,0.1,rocklea,2024,3,6,77,2998,1,1,0,0,,0,validation
2024-03-18,10.61,18.67,23,1.0,0.162,5.84,1.26,-0.98,-0.31,24.89,21.1,74.8,1005.7,0.0,rocklea,2024,3,0,78,2999,1,0,0,0,,0,validation
2024-03-19,11.09,19.67,23,2.35,0.177,4.9,1.33,-0.83,0.13,25.25,22.1,76.8,1007.6,1.5,rocklea,2024,3,1,79,3000,1,0,0,0,,0,validation
2024-03-20,11.83,15.33,23,3.91,0.195,6.3,1.29,-0.5,0.4,25.9,21.6,75.2,1008.1,0.0,rocklea,2024,3,2,80,3001,1,0,0,0,,0,validation
2024-03-21,13.91,18.33,23,3.78,0.19,6.18,2.62,-0.0,2.4,23.85,21.5,70.5,1011.3,0.1,rocklea,2024,3,3,81,3002,1,0,0,0,,0,validation
2024-03-22,12.48,21.67,23,3.61,0.125,6.69,2.7,-0.77,2.21,23.53,20.3,59.5,1012.3,0.0,rocklea,2024,3,4,82,3003,1,0,0,0,,0,validation
2024-03-23,8.35,11.0,23,3.09,0.133,5.05,1.52,-0.13,0.96,22.51,19.4,72.3,1012.1,0.1,rocklea,2024,3,5,83,3004,1,1,0,0,,0,validation
2024-03-24,11.43,8.0,23,4.13,0.201,4.88,1.18,0.52,0.92,20.52,19.3,86.2,1010.5,0.2,rocklea,2024,3,6,84,3005,1,1,0,0,,0,validation
2024-03-25,16.39,16.67,23,8.61,0.274,5.03,1.17,0.7,0.82,20.69,19.0,88.5,1010.1,1.5,rocklea,2024,3,0,85,3006,1,0,0,0,,0,validation
2024-03-26,15.39,19.67,23,5.3,0.25,3.03,1.41,0.1,1.29,21.86,20.6,90.0,1008.4,6.8,rocklea,2024,3,1,86,3007,1,0,0,0,,0,validation
2024-03-27,12.7,15.33,23,3.96,0.203,2.89,1.43,-0.76,0.91,22.48,21.0,88.4,1010.2,8.1,rocklea,2024,3,2,87,3008,1,0,0,0,,0,validation
2024-03-28,13.74,19.33,23,3.3,0.199,5.03,1.77,-0.59,1.26,24.53,21.0,71.8,1012.4,0.0,rocklea,2024,3,3,88,3009,1,0,0,0,,0,validation
2024-03-29,7.26,6.33,23,2.52,0.127,4.16,1.31,-0.19,0.43,23.35,19.0,76.1,1014.9,1.0,rocklea,2024,3,4,89,3010,1,0,1,1,,0,validation
2024-03-30,7.91,8.0,23,2.7,0.129,4.22,1.65,-0.1,1.19,24.08,20.5,70.9,1014.6,0.0,rocklea,2024,3,5,90,3011,1,1,1,1,,0,validation
2024-03-31,5.52,5.33,23,1.35,0.089,3.78,1.23,-0.37,0.75,23.67,19.8,69.8,1011.6,0.0,rocklea,2024,3,6,91,3012,1,1,1,1,,0,validation
2024-04-01,5.91,6.67,23,1.74,0.101,3.39,1.4,-0.43,0.89,23.28,20.8,73.4,1010.4,0.0,rocklea,2024,4,0,92,3013,1,0,1,1,,0,validation
2024-04-02,9.26,13.0,23,4.04,0.148,3.35,1.16,-0.36,-0.36,24.58,20.8,73.8,1008.4,0.0,rocklea,2024,4,1,93,3014,1,0,0,1,,0,validation
2024-04-03,10.48,13.67,23,4.22,0.156,4.2,1.11,-0.51,-0.51,26.33,21.4,72.6,1007.7,0.0,rocklea,2024,4,2,94,3015,1,0,0,1,,0,validation
2024-04-04,9.74,15.33,23,2.78,0.168,4.01,1.32,-0.18,0.53,24.5,20.7,81.3,1008.8,4.8,rocklea,2024,4,3,95,3016,1,0,0,1,,0,validation
2024-04-05,12.61,19.33,23,4.39,0.196,3.91,1.1,0.27,0.38,22.62,20.2,87.3,1007.7,0.3,rocklea,2024,4,4,96,3017,1,0,0,1,,0,validation
2024-04-06,6.22,6.67,23,1.96,0.125,4.01,1.31,0.18,0.27,24.58,19.7,78.5,1006.3,0.2,rocklea,2024,4,5,97,3018,1,1,0,1,,0,validation
2024-04-07,6.61,7.0,23,1.74,0.136,3.53,1.07,0.24,-0.33,25.16,22.4,81.4,1002.5,3.3,rocklea,2024,4,6,98,3019,1,1,0,1,,0,validation
2024-04-08,15.48,17.33,23,4.52,0.188,4.8,1.05,0.32,0.13,25.61,21.7,69.6,1001.5,0.0,rocklea,2024,4,0,99,3020,1,0,0,1,,0,validation
2024-04-09,17.09,19.67,23,7.17,0.186,6.13,1.67,1.41,0.66,24.85,21.5,61.2,998.7,0.0,rocklea,2024,4,1,100,3021,1,0,0,1,,0,validation
2024-04-10,12.74,15.33,23,4.74,0.111,3.88,2.14,1.89,0.76,22.17,17.4,49.3,1002.1,0.1,rocklea,2024,4,2,101,3022,1,0,0,1,,0,validation
2024-04-11,16.09,20.33,23,6.57,0.13,4.95,1.34,0.31,0.87,21.98,16.1,57.3,1008.1,0.0,rocklea,2024,4,3,102,3023,1,0,0,1,,0,validation
2024-04-12,13.26,17.67,23,4.91,0.139,5.98,1.55,0.12,1.01,22.27,17.1,66.4,1010.0,0.0,rocklea,2024,4,4,103,3024,1,0,0,1,,0,validation
2024-04-13,10.22,10.67,23,3.04,0.127,5.8,1.17,-0.41,0.04,22.46,17.5,72.3,1012.1,3.7,rocklea,2024,4,5,104,3025,1,1,0,1,,0,validation
2024-04-14,9.3,7.0,23,3.09,0.135,5.94,1.07,-0.2,-0.01,22.92,18.7,71.1,1013.8,0.0,rocklea,2024,4,6,105,3026,1,1,0,1,,0,validation
2024-04-15,14.96,15.33,23,5.0,0.168,5.6,1.14,-0.09,-0.04,23.07,18.0,72.6,1014.5,0.0,rocklea,2024,4,0,106,3027,1,0,0,0,,0,validation
2024-04-16,15.57,15.67,23,5.0,0.181,5.88,1.1,-0.04,-0.05,23.44,18.7,73.0,1013.7,0.0,rocklea,2024,4,1,107,3028,1,0,0,0,,0,validation
2024-04-17,14.1,18.67,21,6.3,0.174,5.23,1.2,-0.06,0.44,22.96,18.5,76.5,1012.5,0.0,rocklea,2024,4,2,108,3029,1,0,0,0,,0,validation
2024-04-18,14.74,17.67,23,4.74,0.192,4.8,1.02,-0.09,0.01,22.78,19.8,80.4,1008.2,0.0,rocklea,2024,4,3,109,3030,1,0,0,0,,0,validation
2024-04-19,16.57,18.33,23,5.09,0.19,6.18,1.0,0.05,0.42,23.06,19.3,71.9,1006.2,0.0,rocklea,2024,4,4,110,3031,1,0,0,0,,0,validation
2024-04-20,14.7,14.0,23,5.7,0.191,9.9,1.61,0.98,1.06,20.41,17.3,72.8,1008.8,2.2,rocklea,2024,4,5,111,3032,1,1,0,0,,0,validation
2024-04-21,9.43,6.67,23,2.74,0.133,3.91,1.7,0.97,1.24,19.09,17.4,86.1,1010.6,3.7,rocklea,2024,4,6,112,3033,1,1,0,0,,0,validation
2024-04-22,12.43,19.67,23,5.17,0.132,5.5,2.21,-0.27,1.79,20.6,17.1,76.1,1013.2,0.6,rocklea,2024,4,0,113,3034,1,0,0,0,,0,validation
2024-04-23,14.39,17.0,23,5.09,0.15,4.45,1.58,0.12,1.06,21.1,17.6,77.8,1013.0,1.5,rocklea,2024,4,1,114,3035,1,0,0,0,,0,validation
2024-04-24,15.57,13.67,23,4.7,0.187,4.95,1.11,0.69,0.4,22.32,17.7,72.8,1010.0,0.0,rocklea,2024,4,2,115,3036,1,0,0,0,,0,validation
2024-04-25,8.61,7.0,23,3.61,0.112,6.06,1.31,0.27,0.73,21.67,16.9,72.0,1007.5,0.0,rocklea,2024,4,3,116,3037,1,0,1,0,,0,validation
2024-04-26,15.91,21.33,23,5.87,0.147,6.45,1.66,-0.19,1.32,21.17,18.7,69.0,1010.5,0.0,rocklea,2024,4,4,117,3038,1,0,0,0,,0,validation
2024-04-27,9.57,9.33,23,3.61,0.113,4.88,1.97,0.21,1.48,20.57,16.5,71.1,1014.2,0.0,rocklea,2024,4,5,118,3039,1,1,0,0,,0,validation
2024-04-28,7.65,4.67,23,3.35,0.091,4.34,1.61,0.14,1.05,20.62,17.0,75.8,1015.5,0.0,rocklea,2024,4,6,119,3040,1,1,0,0,,0,validation
2024-04-29,14.39,17.67,23,3.57,0.143,4.38,1.2,-0.07,0.64,21.08,16.9,72.2,1014.5,0.0,rocklea,2024,4,0,120,3041,1,0,0,0,,0,validation
2024-04-30,16.22,16.33,23,5.78,0.195,4.95,1.0,0.25,0.36,20.96,16.5,75.0,1012.8,0.0,rocklea,2024,4,1,121,3042,1,0,0,0,,0,validation
2024-05-01,15.43,18.33,23,6.83,0.154,5.48,1.68,0.96,1.32,20.97,17.0,67.9,1013.7,0.0,rocklea,2024,5,2,122,3043,1,0,0,0,,0,validation
2024-05-02,14.52,19.67,23,4.74,0.102,5.12,2.39,-0.04,2.03,20.55,17.6,66.9,1014.9,0.0,rocklea,2024,5,3,123,3044,1,0,0,0,,0,validation
2024-05-03,15.13,20.0,23,6.91,0.138,4.72,1.73,0.1,1.4,20.06,17.4,70.7,1014.6,0.0,rocklea,2024,5,4,124,3045,1,0,0,0,,0,validation
2024-05-04,8.83,10.0,23,3.43,0.124,4.03,1.18,0.12,0.56,19.4,16.6,82.7,1011.4,0.0,rocklea,2024,5,5,125,3046,1,1,0,0,,0,validation
2024-05-05,9.43,6.67,23,3.13,0.146,4.57,1.05,0.38,0.45,21.08,17.9,79.1,1009.5,0.0,rocklea,2024,5,6,126,3047,1,1,0,0,,0,validation
2024-05-06,9.17,6.67,23,3.61,0.124,4.49,1.19,0.27,0.92,20.68,17.0,73.0,1010.7,0.0,rocklea,2024,5,0,127,3048,1,0,1,0,,0,validation
2024-05-07,12.04,17.33,23,4.96,0.132,3.76,2.29,0.2,1.75,19.7,16.9,81.3,1013.5,2.0,rocklea,2024,5,1,128,3049,1,0,0,0,,0,validation
2024-05-08,16.22,21.0,23,7.48,0.171,5.13,1.82,0.07,1.41,19.85,16.0,72.6,1016.0,0.0,rocklea,2024,5,2,129,3050,1,0,0,0,,0,validation
2024-05-09,14.17,20.67,23,5.7,0.159,4.62,1.63,0.02,1.18,19.59,17.0,81.2,1017.0,0.0,rocklea,2024,5,3,130,3051,1,0,0,0,,0,validation
2024-05-10,16.17,20.67,23,5.78,0.165,5.37,1.51,-0.13,1.08,20.3,16.9,71.6,1016.6,0.0,rocklea,2024,5,4,131,3052,1,0,0,0,,0,validation
2024-05-11,8.35,8.0,23,3.39,0.12,3.75,1.22,0.2,0.61,20.31,16.6,81.7,1013.4,0.0,rocklea,2024,5,5,132,3053,1,1,0,0,,0,validation
2024-05-12,9.91,6.67,23,4.3,0.158,5.37,1.01,0.63,0.11,20.82,18.2,80.6,1009.8,0.3,rocklea,2024,5,6,133,3054,1,1,0,0,,0,validation
2024-05-13,19.26,21.33,23,8.96,0.329,5.85,1.2,0.93,0.52,18.97,13.9,66.2,1009.8,0.0,rocklea,2024,5,0,134,3055,1,0,0,0,,0,validation
2024-05-14,17.3,17.67,23,7.0,0.173,6.72,1.24,0.33,0.86,19.73,14.1,67.2,1014.1,0.0,rocklea,2024,5,1,135,3056,1,0,0,0,,0,validation
2024-05-15,17.04,20.67,23,5.91,0.167,6.37,1.36,0.17,0.89,20.38,16.5,70.2,1016.8,0.0,rocklea,2024,5,2,136,3057,1,0,0,0,,0,validation
2024-05-16,17.39,23.0,23,10.39,0.223,5.77,1.31,0.95,0.79,18.88,17.2,87.0,1016.5,0.5,rocklea,2024,5,3,137,3058,1,0,0,0,,0,validation
2024-05-17,15.78,18.67,23,6.74,0.179,4.77,1.55,0.25,1.07,19.1,15.4,81.5,1012.6,0.0,rocklea,2024,5,4,138,3059,1,0,0,0,,0,validation
2024-05-18,11.09,10.33,23,3.61,0.148,5.6,1.46,1.0,0.88,19.72,14.9,69.0,1007.2,0.0,rocklea,2024,5,5,139,3060,1,1,0,0,,0,validation
2024-05-19,10.35,4.33,23,4.09,0.143,4.47,2.06,1.46,1.33,17.53,13.8,59.2,1008.2,0.0,rocklea,2024,5,6,140,3061,1,1,0,0,,0,validation
2024-05-20,19.65,19.0,23,7.3,0.2,4.46,1.37,1.06,0.67,17.19,11.6,58.2,1011.0,0.0,rocklea,2024,5,0,141,3062,1,0,0,0,,0,validation
2024-05-21,18.3,21.0,23,11.7,0.203,6.0,1.5,0.59,1.05,17.05,10.9,66.6,1013.0,0.0,rocklea,2024,5,1,142,3063,1,0,0,0,,0,validation
2024-05-22,16.22,19.33,23,6.83,0.173,5.51,1.55,0.88,0.92,18.18,14.8,67.6,1013.8,0.0,rocklea,2024,5,2,143,3064,1,0,0,0,,0,validation
2024-05-23,18.62,18.0,21,8.43,0.205,6.26,1.27,0.83,0.73,17.78,12.3,64.3,1015.3,0.1,rocklea,2024,5,3,144,3065,1,0,0,0,,0,validation
2024-05-24,15.17,18.33,23,6.48,0.159,5.28,1.2,0.38,0.67,18.3,12.4,69.6,1015.6,0.0,rocklea,2024,5,4,145,3066,1,0,0,0,,0,validation
2024-05-25,15.35,14.0,23,6.87,0.227,5.45,1.15,0.7,0.85,18.31,16.3,82.3,1016.0,0.0,rocklea,2024,5,5,146,3067,1,1,0,0,,0,validation
2024-05-26,11.52,9.0,23,3.43,0.2,6.26,0.96,0.33,0.45,18.94,15.3,80.5,1014.8,1.0,rocklea,2024,5,6,147,3068,1,1,0,0,,0,validation
2024-05-27,18.87,18.33,23,5.87,0.278,7.52,0.97,0.27,0.31,18.7,14.2,76.0,1014.8,0.0,rocklea,2024,5,0,148,3069,1,0,0,0,,0,validation
2024-05-28,21.52,21.67,23,7.35,0.257,9.04,1.05,0.48,0.61,18.67,15.2,74.3,1016.8,0.0,rocklea,2024,5,1,149,3070,1,0,0,0,,0,validation
2024-05-29,19.09,22.0,23,4.64,0.206,9.04,1.32,-0.01,0.83,19.32,15.0,72.8,1018.3,0.3,rocklea,2024,5,2,150,3071,1,0,0,0,,0,validation
2024-05-30,18.39,21.0,23,11.09,0.26,7.78,1.06,0.56,0.5,18.52,15.7,81.3,1017.4,0.0,rocklea,2024,5,3,151,3072,1,0,0,0,,0,validation
2024-05-31,14.65,17.33,23,8.3,0.204,7.74,1.2,0.3,-0.05,20.12,16.6,80.8,1014.2,0.5,rocklea,2024,5,4,152,3073,1,0,0,0,,0,validation
2024-06-01,12.96,12.33,23,5.13,0.207,5.6,1.01,0.28,-0.29,19.47,16.5,85.4,1008.5,0.1,rocklea,2024,6,5,153,3074,1,1,0,0,,0,validation
2024-06-02,9.96,6.0,23,2.61,0.145,3.38,1.94,1.8,0.47,18.22,14.9,67.1,1006.8,0.0,rocklea,2024,6,6,154,3075,1,1,0,0,,0,validation
2024-06-03,15.39,18.33,23,9.3,0.327,4.25,1.88,1.67,0.49,16.22,12.4,63.7,1005.7,0.0,rocklea,2024,6,0,155,3076,1,0,0,0,,0,validation
2024-06-04,22.74,22.33,23,10.39,0.486,6.55,0.95,0.44,0.46,15.24,10.1,62.7,1007.8,0.1,rocklea,2024,6,1,156,3077,1,0,0,0,,0,validation
2024-06-05,23.7,21.0,23,11.83,0.503,10.02,0.93,0.44,0.32,15.79,9.9,66.1,1008.1,0.0,rocklea,2024,6,2,157,3078,1,0,0,0,,0,validation
2024-06-06,16.26,21.67,23,10.61,0.336,7.83,1.66,1.48,0.69,17.4,13.2,60.4,1007.8,0.0,rocklea,2024,6,3,158,3079,1,0,0,0,,0,validation
2024-06-07,12.83,20.67,23,6.91,0.18,4.42,2.03,1.94,0.39,15.0,11.4,56.9,1007.0,0.1,rocklea,2024,6,4,159,3080,1,0,0,0,,0,validation
2024-06-08,15.09,19.33,23,6.09,0.347,6.1,1.64,1.49,0.49,16.38,11.3,62.4,1007.2,0.1,rocklea,2024,6,5,160,3081,1,1,0,0,,0,validation
2024-06-09,12.52,12.67,23,3.61,0.285,4.11,1.35,1.19,0.39,17.97,12.2,60.2,1009.3,0.0,rocklea,2024,6,6,161,3082,1,1,0,0,,0,validation
2024-06-10,20.04,24.67,23,12.22,0.337,5.88,1.38,1.19,0.59,16.74,11.5,60.0,1010.5,0.0,rocklea,2024,6,0,162,3083,1,0,0,0,,0,validation
2024-06-11,19.78,19.0,23,11.22,0.309,6.8,1.28,0.96,0.43,16.6,10.3,63.0,1011.0,0.0,rocklea,2024,6,1,163,3084,1,0,0,0,,0,validation
2024-06-12,15.35,28.0,23,10.43,0.19,4.42,2.26,2.11,0.49,18.97,12.6,49.2,1004.6,0.0,rocklea,2024,6,2,164,3085,1,0,0,0,,0,validation
2024-06-13,21.78,26.0,23,10.48,0.317,7.48,1.28,0.99,0.78,16.32,11.9,52.6,1008.2,0.0,rocklea,2024,6,3,165,3086,1,0,0,0,,0,validation
2024-06-14,25.22,20.0,23,13.17,0.375,9.2,1.18,0.64,0.55,16.21,9.6,61.0,1007.9,0.0,rocklea,2024,6,4,166,3087,1,0,0,0,,0,validation
2024-06-15,17.3,16.0,23,10.57,0.299,8.49,1.49,1.29,0.61,17.09,12.5,56.8,1003.7,0.0,rocklea,2024,6,5,167,3088,1,1,0,0,,0,validation
2024-06-16,9.26,10.0,23,4.17,0.176,3.81,1.8,1.59,0.68,16.21,11.5,56.1,1004.3,0.0,rocklea,2024,6,6,168,3089,1,1,0,0,,0,validation
2024-06-17,10.61,15.33,23,7.09,0.172,3.7,2.54,2.44,0.58,15.32,11.8,46.5,1004.8,0.0,rocklea,2024,6,0,169,3090,1,0,0,0,,0,validation
2024-06-18,14.43,22.0,23,8.91,0.22,10.13,1.83,1.62,0.66,15.62,10.2,50.5,1006.7,0.0,rocklea,2024,6,1,170,3091,1,0,0,0,,0,validation
2024-06-19,22.96,22.67,23,10.48,0.434,24.87,1.57,1.31,0.56,15.91,11.5,52.6,1007.8,0.0,rocklea,2024,6,2,171,3092,1,0,0,0,,0,validation
2024-06-20,32.52,25.0,23,15.85,0.461,32.68,0.79,0.43,0.3,16.28,10.7,55.0,1009.4,0.1,rocklea,2024,6,3,172,3093,1,0,0,0,,0,validation
2024-06-21,23.26,21.33,23,15.3,0.396,21.32,1.04,0.5,0.0,17.8,11.3,64.1,1009.7,0.0,rocklea,2024,6,4,173,3094,1,0,0,0,,0,validation
2024-06-22,15.96,15.0,23,8.83,0.313,9.46,1.32,1.02,0.63,16.3,11.5,61.5,1011.9,0.0,rocklea,2024,6,5,174,3095,1,1,0,1,,0,validation
2024-06-23,10.17,10.0,23,4.61,0.197,6.64,1.98,1.52,1.16,14.39,8.3,61.4,1010.4,0.2,rocklea,2024,6,6,175,3096,1,1,0,1,,0,validation
2024-06-24,17.83,22.33,23,8.22,0.291,6.04,1.29,0.63,0.57,16.12,10.3,67.4,1010.4,0.0,rocklea,2024,6,0,176,3097,1,0,0,1,,0,validation
2024-06-25,20.48,20.67,23,8.52,0.359,9.23,1.08,0.43,0.09,17.75,13.8,77.2,1013.0,0.5,rocklea,2024,6,1,177,3098,1,0,0,1,,0,validation
2024-06-26,22.61,22.67,23,8.86,0.377,8.43,0.88,0.21,0.15,18.52,13.5,76.5,1013.2,0.0,rocklea,2024,6,2,178,3099,1,0,0,1,,0,validation
2024-06-27,21.35,17.67,23,13.59,0.387,10.24,0.84,0.32,0.14,19.27,15.5,74.8,1012.0,0.0,rocklea,2024,6,3,179,3100,1,0,0,1,,0,validation
2024-06-28,17.78,18.33,23,5.48,0.302,9.08,1.1,0.0,0.64,18.42,13.7,73.3,1014.6,0.0,rocklea,2024,6,4,180,3101,1,0,0,1,,0,validation
2024-06-29,16.13,14.67,23,6.39,0.322,9.77,1.02,0.03,-0.2,18.2,13.1,73.7,1014.4,0.0,rocklea,2024,6,5,181,3102,1,1,0,1,,0,validation
2024-06-30,11.91,13.67,23,5.3,0.271,8.45,0.98,0.3,-0.35,21.21,15.5,75.5,1008.8,0.0,rocklea,2024,6,6,182,3103,1,1,0,1,,0,validation
2024-07-01,14.17,22.33,23,9.13,0.257,3.98,1.13,0.78,0.7,18.42,15.1,83.9,1009.8,0.4,rocklea,2024,7,0,183,3104,1,0,0,1,,0,validation
2024-07-02,14.09,19.0,23,6.83,0.237,3.49,1.75,1.27,1.16,15.15,14.0,87.1,1012.9,3.8,rocklea,2024,7,1,184,3105,1,0,0,1,,0,validation
2024-07-03,14.96,20.67,23,7.26,0.263,3.79,2.01,1.08,1.44,15.92,13.8,80.6,1015.8,0.9,rocklea,2024,7,2,185,3106,1,0,0,1,,0,validation
2024-07-04,16.13,23.0,23,5.39,0.129,4.35,2.26,0.17,1.86,16.43,13.5,67.8,1018.2,0.0,rocklea,2024,7,3,186,3107,1,0,0,1,,0,validation
2024-07-05,16.26,23.33,23,6.43,0.165,5.05,2.31,0.26,1.9,16.09,12.0,73.4,1020.5,0.0,rocklea,2024,7,4,187,3108,1,0,0,1,,0,validation
2024-07-06,11.74,14.67,23,3.09,0.167,5.42,2.53,-0.18,2.13,17.2,13.1,70.9,1021.3,0.0,rocklea,2024,7,5,188,3109,1,1,0,1,,0,validation
2024-07-07,10.26,8.33,23,3.87,0.082,4.89,1.74,-0.07,1.31,17.15,13.8,71.2,1019.5,0.0,rocklea,2024,7,6,189,3110,1,1,0,1,,0,validation
2024-07-08,20.13,22.33,23,7.43,0.31,5.38,0.95,0.44,0.39,16.3,13.0,82.4,1016.4,6.6,rocklea,2024,7,0,190,3111,1,0,0,0,,0,validation
2024-07-09,21.17,17.0,23,11.43,0.411,8.49,0.78,0.37,0.22,18.05,15.2,83.4,1013.2,0.0,rocklea,2024,7,1,191,3112,1,0,0,0,,0,validation
2024-07-10,16.83,18.33,23,9.3,0.34,8.68,1.15,0.69,0.7,18.99,16.0,81.1,1011.7,0.0,rocklea,2024,7,2,192,3113,1,0,0,0,,0,validation
2024-07-11,17.43,20.33,23,7.7,0.248,5.43,1.39,0.54,0.94,18.19,13.8,71.9,1009.7,0.0,rocklea,2024,7,3,193,3114,1,0,0,0,,0,validation
2024-07-12,20.0,19.33,23,12.39,0.316,6.36,1.45,1.22,0.41,18.07,12.5,66.6,1003.4,0.0,rocklea,2024,7,4,194,3115,1,0,0,0,,0,validation
2024-07-13,11.52,11.67,23,4.7,0.231,4.42,2.2,2.08,0.51,16.58,13.7,55.3,1001.5,0.0,rocklea,2024,7,5,195,3116,1,1,0,0,,0,validation
2024-07-14,6.61,4.67,23,3.48,0.181,2.35,2.52,2.43,0.48,15.34,12.2,56.1,1003.2,0.0,rocklea,2024,7,6,196,3117,1,1,0,0,,0,validation
2024-07-15,15.09,25.33,23,11.43,0.235,3.25,2.05,1.81,0.56,14.15,9.8,53.3,1002.2,0.0,rocklea,2024,7,0,197,3118,1,0,0,0,,0,validation
2024-07-16,13.74,24.0,23,7.48,0.214,2.82,2.43,2.4,-0.01,14.62,10.7,52.5,1001.7,0.1,rocklea,2024,7,1,198,3119,1,0,0,0,,0,validation
2024-07-17,10.26,18.33,23,6.1,0.198,2.79,3.14,3.1,0.03,13.43,11.1,54.5,1003.0,0.0,rocklea,2024,7,2,199,3120,1,0,0,0,,0,validation
2024-07-18,11.17,17.0,23,6.57,0.221,2.92,2.79,2.7,0.49,14.44,11.4,57.3,1005.4,0.0,rocklea,2024,7,3,200,3121,1,0,0,0,,0,validation
2024-07-19,18.52,27.33,23,9.65,0.294,4.45,1.84,1.73,0.24,15.3,9.4,54.9,1008.6,0.0,rocklea,2024,7,4,201,3122,1,0,0,0,,0,validation
2024-07-20,10.48,17.67,23,4.91,0.223,3.48,2.64,2.6,0.02,18.25,13.6,45.0,1006.1,0.0,rocklea,2024,7,5,202,3123,1,1,0,0,,0,validation
2024-07-21,9.57,6.67,23,3.78,0.224,6.56,2.88,2.71,0.81,16.16,12.0,38.0,1010.0,0.0,rocklea,2024,7,6,203,3124,1,1,0,0,,0,validation
2024-07-22,21.78,26.67,23,8.87,0.357,8.53,1.18,0.72,0.47,15.02,9.1,56.7,1016.2,0.0,rocklea,2024,7,0,204,3125,1,0,0,0,,0,validation
2024-07-23,24.8,27.33,20,9.17,0.31,10.81,1.15,0.47,0.51,15.23,8.7,63.6,1017.3,0.0,rocklea,2024,7,1,205,3126,1,0,0,0,,0,validation
2024-07-24,23.64,30.0,22,8.83,0.232,12.08,1.28,0.24,0.34,16.72,11.2,72.6,1015.7,0.0,rocklea,2024,7,2,206,3127,1,0,0,0,,0,validation
2024-07-25,23.43,29.67,23,7.22,0.164,9.7,1.3,-0.18,-0.34,18.21,13.5,72.2,1014.2,0.0,rocklea,2024,7,3,207,3128,1,0,0,0,,0,validation
2024-07-26,21.22,22.33,23,7.57,0.21,8.31,1.1,-0.32,-0.29,18.03,12.6,76.9,1013.6,0.1,rocklea,2024,7,4,208,3129,1,0,0,0,,0,validation
2024-07-27,16.57,14.67,23,7.09,0.223,8.29,1.01,0.05,-0.22,18.02,13.2,79.5,1011.8,0.0,rocklea,2024,7,5,209,3130,1,1,0,0,,0,validation
2024-07-28,7.83,7.33,23,2.78,0.086,3.04,2.62,2.58,0.23,17.91,12.9,51.4,1010.0,0.0,rocklea,2024,7,6,210,3131,1,1,0,0,,0,validation
2024-07-29,16.04,26.67,23,7.87,0.13,2.61,2.27,1.99,0.94,14.2,8.1,41.5,1014.2,0.0,rocklea,2024,7,0,211,3132,1,0,0,0,,0,validation
2024-07-30,23.17,29.0,23,10.04,0.214,7.03,1.65,1.05,1.19,14.25,8.0,49.2,1018.5,0.1,rocklea,2024,7,1,212,3133,1,0,0,0,,0,validation
2024-07-31,23.74,27.67,23,10.22,0.263,9.14,1.51,0.91,1.03,14.66,8.4,52.3,1019.9,0.0,rocklea,2024,7,2,213,3134,1,0,0,0,,0,validation
2024-08-01,23.65,27.67,23,10.61,0.247,7.77,1.47,0.78,0.92,14.94,8.8,55.2,1018.5,0.0,rocklea,2024,8,3,214,3135,1,0,0,0,,0,validation
2024-08-02,23.91,25.0,23,10.57,0.295,9.27,1.37,0.85,0.59,14.9,8.0,58.1,1017.1,0.0,rocklea,2024,8,4,215,3136,1,0,0,0,,0,validation
2024-08-03,14.0,15.33,23,4.7,0.178,7.64,1.42,0.52,0.81,15.91,10.1,64.1,1017.7,0.0,rocklea,2024,8,5,216,3137,1,1,0,0,,0,validation
2024-08-04,13.48,11.33,23,2.91,0.198,9.33,1.11,0.25,0.16,16.47,9.7,65.0,1017.8,0.0,rocklea,2024,8,6,217,3138,1,1,0,0,,0,validation
2024-08-05,23.52,26.33,23,8.74,0.25,6.35,1.04,0.04,-0.1,17.66,13.4,66.9,1015.4,0.0,rocklea,2024,8,0,218,3139,1,0,0,0,,1,policy
2024-08-06,22.17,28.67,23,9.26,0.277,6.97,1.23,0.92,0.22,18.58,15.5,70.4,1012.5,0.0,rocklea,2024,8,1,219,3140,1,0,0,0,,1,policy
2024-08-07,21.17,23.33,23,6.39,0.241,7.69,1.35,0.23,0.66,17.22,12.5,65.9,1015.0,0.0,rocklea,2024,8,2,220,3141,1,0,0,0,,1,policy
2024-08-08,22.7,24.67,23,9.7,0.264,8.3,1.45,0.43,0.95,15.88,12.2,70.6,1017.0,0.0,rocklea,2024,8,3,221,3142,1,0,0,0,,1,policy
2024-08-09,21.65,25.67,23,10.14,0.282,7.86,1.15,0.28,0.48,17.18,13.6,67.4,1016.6,0.0,rocklea,2024,8,4,222,3143,1,0,0,0,,1,policy
2024-08-10,16.61,17.33,23,3.3,0.223,7.39,1.52,-0.26,1.07,17.63,11.7,68.9,1016.3,0.0,rocklea,2024,8,5,223,3144,1,1,0,0,,1,policy
2024-08-11,11.0,9.0,23,2.74,0.172,4.83,2.17,0.39,1.7,18.55,14.9,70.9,1016.2,0.0,rocklea,2024,8,6,224,3145,1,1,0,0,,1,policy
2024-08-12,13.96,22.0,23,2.52,0.211,5.69,1.38,-0.25,0.26,18.54,15.7,80.5,1016.2,16.0,rocklea,2024,8,0,225,3146,1,0,0,0,,1,policy
2024-08-13,9.57,17.67,23,0.26,0.229,8.21,1.52,-1.48,0.2,18.9,17.8,79.8,1014.8,1.3,rocklea,2024,8,1,226,3147,1,0,0,0,,1,policy
2024-08-14,15.91,11.67,23,2.91,0.318,8.11,1.17,-0.84,-0.45,18.73,17.9,86.6,1009.2,4.9,rocklea,2024,8,2,227,3148,1,0,1,0,,1,policy
2024-08-15,20.0,25.0,23,5.0,0.403,5.67,1.03,0.27,0.35,20.88,17.9,86.7,1006.2,0.0,rocklea,2024,8,3,228,3149,1,0,0,0,,1,policy
2024-08-16,19.61,16.33,23,7.96,0.455,6.4,0.97,0.61,0.23,22.17,18.4,79.0,1004.0,0.0,rocklea,2024,8,4,229,3150,1,0,0,0,,1,policy
2024-08-17,14.48,15.33,23,6.96,0.283,4.76,1.67,1.54,-0.07,21.9,14.6,57.9,1002.2,0.0,rocklea,2024,8,5,230,3151,1,1,0,0,,1,policy
2024-08-18,15.04,15.0,23,3.52,0.241,4.26,1.71,1.38,0.62,18.88,13.4,50.7,1005.8,0.0,rocklea,2024,8,6,231,3152,1,1,0,0,,1,policy
2024-08-19,17.74,23.67,23,6.26,0.233,4.82,1.2,0.02,0.68,17.75,12.3,67.5,1013.4,0.0,rocklea,2024,8,0,232,3153,1,0,0,0,,1,policy
2024-08-20,19.17,24.33,23,5.83,0.249,6.2,1.26,-0.18,0.06,18.55,14.6,81.5,1015.6,0.0,rocklea,2024,8,1,233,3154,1,0,0,0,,1,policy
2024-08-21,15.78,20.33,23,7.35,0.24,6.57,1.33,-0.41,-0.6,19.66,14.6,78.1,1013.3,0.0,rocklea,2024,8,2,234,3155,1,0,0,0,,1,policy
2024-08-22,14.87,19.67,23,5.24,0.261,7.13,1.32,-0.67,-0.71,21.08,16.2,74.6,1011.3,0.1,rocklea,2024,8,3,235,3156,1,0,0,0,,1,policy
2024-08-23,18.5,23.67,22,6.17,0.222,9.76,1.33,-0.3,0.89,20.7,17.2,72.4,1013.5,0.0,rocklea,2024,8,4,236,3157,1,0,0,0,,1,policy
2024-08-24,15.22,18.33,23,5.52,0.177,8.76,1.08,0.08,-0.19,19.97,14.1,71.2,1013.8,0.0,rocklea,2024,8,5,237,3158,1,1,0,0,,1,policy
2024-08-25,10.74,12.67,23,5.22,0.19,11.76,1.34,-0.52,-0.33,21.23,15.7,75.2,1010.0,0.1,rocklea,2024,8,6,238,3159,1,1,0,0,,1,policy
2024-08-26,16.04,19.33,23,6.43,0.24,10.92,1.14,-0.7,-0.37,22.15,17.8,77.0,1008.7,0.0,rocklea,2024,8,0,239,3160,1,0,0,0,,1,policy
2024-08-27,16.78,20.67,23,3.39,0.278,13.9,1.27,-0.58,-0.46,22.7,19.3,79.4,1011.5,0.0,rocklea,2024,8,1,240,3161,1,0,0,0,,1,policy
2024-08-28,16.83,20.67,23,6.26,0.263,10.76,1.21,-0.7,-0.71,23.94,19.9,73.6,1008.7,0.0,rocklea,2024,8,2,241,3162,1,0,0,0,,1,policy
2024-08-29,24.65,27.33,23,5.52,0.375,17.28,0.94,-0.5,-0.24,23.9,19.5,72.2,1005.0,0.0,rocklea,2024,8,3,242,3163,1,0,0,0,,1,policy
2024-08-30,26.13,30.33,23,11.13,0.367,16.82,1.14,-0.32,-0.3,23.32,15.3,68.0,1002.9,0.0,rocklea,2024,8,4,243,3164,1,0,0,0,,1,policy
2024-08-31,20.74,28.0,23,4.91,0.318,18.34,1.06,-0.79,-0.25,25.47,19.0,69.5,1003.1,0.0,rocklea,2024,8,5,244,3165,1,1,0,0,,1,policy
2024-09-01,13.61,17.67,23,4.3,0.288,18.47,1.22,-0.86,-0.39,24.32,18.4,73.7,1006.9,0.0,rocklea,2024,9,6,245,3166,1,1,0,0,,1,policy
2024-09-02,18.0,23.0,23,6.78,0.214,10.04,1.61,1.01,-0.31,26.26,19.8,50.0,1007.9,0.0,rocklea,2024,9,0,246,3167,1,0,0,0,,1,policy
2024-09-03,17.96,33.67,23,6.61,0.162,9.4,1.8,-0.37,1.11,20.01,15.6,42.1,1016.3,0.0,rocklea,2024,9,1,247,3168,1,0,0,0,,1,policy
2024-09-04,17.48,26.67,23,5.04,0.188,11.18,1.57,-0.21,0.57,17.65,12.4,60.2,1019.4,0.0,rocklea,2024,9,2,248,3169,1,0,0,0,,1,policy
2024-09-05,19.91,26.33,23,7.61,0.257,14.9,1.33,0.0,-0.16,19.08,14.7,63.2,1018.8,0.0,rocklea,2024,9,3,249,3170,1,0,0,0,,1,policy
2024-09-06,16.65,25.33,23,7.3,0.211,8.83,1.51,-0.52,-0.69,19.83,13.6,66.9,1018.2,0.0,rocklea,2024,9,4,250,3171,1,0,0,0,,1,policy
2024-09-07,11.78,15.33,23,4.22,0.192,9.98,1.25,-0.55,-0.64,21.05,14.5,67.9,1015.9,0.0,rocklea,2024,9,5,251,3172,1,1,0,0,,1,policy
2024-09-08,10.26,14.33,23,4.35,0.216,16.98,1.42,-0.71,-0.51,21.19,15.1,71.0,1011.1,0.0,rocklea,2024,9,6,252,3173,1,1,0,0,,1,policy
2024-09-09,17.96,27.0,23,6.78,0.226,18.13,1.21,-0.64,-0.21,22.06,16.3,70.1,1009.0,0.0,rocklea,2024,9,0,253,3174,1,0,0,0,,1,policy
2024-09-10,13.78,25.67,23,3.3,0.081,11.1,1.65,-1.15,0.49,22.12,20.1,77.7,1013.5,0.2,rocklea,2024,9,1,254,3175,1,0,0,0,,1,policy
2024-09-11,14.09,26.67,23,4.61,0.096,7.72,1.57,-0.84,-0.01,21.68,17.8,72.8,1015.7,0.0,rocklea,2024,9,2,255,3176,1,0,0,0,,1,policy
2024-09-12,17.7,21.33,23,6.74,0.138,7.42,1.18,0.02,0.09,20.9,16.8,74.7,1010.4,4.1,rocklea,2024,9,3,256,3177,1,0,0,0,,1,policy
2024-09-13,17.96,24.33,23,4.35,0.121,4.73,2.43,0.68,2.07,19.15,15.8,62.5,1011.5,0.0,rocklea,2024,9,4,257,3178,1,0,0,0,,1,policy
2024-09-14,10.17,10.33,23,2.22,0.075,4.8,1.65,0.02,1.06,18.66,14.1,62.5,1012.7,0.0,rocklea,2024,9,5,258,3179,1,1,0,1,,1,policy
2024-09-15,10.17,12.67,23,3.26,0.084,7.75,1.98,-0.11,1.5,19.05,12.9,61.8,1011.5,0.0,rocklea,2024,9,6,259,3180,1,1,0,1,,1,policy
2024-09-16,16.04,22.0,23,3.83,0.099,5.21,1.5,-0.01,0.72,18.58,13.5,53.0,1014.5,0.0,rocklea,2024,9,0,260,3181,1,0,0,1,,1,policy
2024-09-17,16.61,20.33,23,5.04,0.118,7.62,1.32,-0.14,0.25,18.46,13.0,65.7,1014.2,0.0,rocklea,2024,9,1,261,3182,1,0,0,1,,1,policy
2024-09-18,13.83,22.33,23,5.13,0.11,8.28,1.58,-0.47,-0.57,20.09,14.7,64.7,1011.5,0.0,rocklea,2024,9,2,262,3183,1,0,0,1,,1,policy
2024-09-19,20.57,29.33,23,5.52,0.202,11.85,0.88,-0.49,-0.6,22.17,16.5,71.0,1004.8,0.0,rocklea,2024,9,3,263,3184,1,0,0,1,,1,policy
2024-09-20,20.83,25.33,23,6.48,0.227,14.67,1.31,-0.45,-0.18,22.52,15.5,58.2,1001.9,0.0,rocklea,2024,9,4,264,3185,1,0,0,1,,1,policy
2024-09-21,14.13,16.67,23,5.96,0.209,19.69,1.38,-0.04,0.5,21.89,15.9,59.1,1002.5,0.0,rocklea,2024,9,5,265,3186,1,1,0,1,,1,policy
2024-09-22,11.17,10.33,23,3.48,0.194,18.66,1.42,-0.29,0.3,20.78,14.7,58.9,1008.1,0.0,rocklea,2024,9,6,266,3187,1,1,0,1,,1,policy
2024-09-23,15.48,26.33,23,6.17,0.174,12.0,1.52,-0.23,-0.26,21.46,15.2,63.4,1012.0,0.0,rocklea,2024,9,0,267,3188,1,0,0,1,,1,policy
2024-09-24,14.61,21.67,23,5.09,0.164,8.08,1.38,-0.6,-0.57,21.6,16.4,68.8,1012.7,0.0,rocklea,2024,9,1,268,3189,1,0,0,1,,1,policy
2024-09-25,12.0,19.33,23,4.87,0.15,6.57,1.82,-0.86,-1.0,21.47,16.4,64.3,1010.3,0.0,rocklea,2024,9,2,269,3190,1,0,0,1,,1,policy
2024-09-26,15.65,30.33,23,5.17,0.193,8.3,1.27,-0.81,-0.45,22.07,17.4,67.9,1006.1,0.3,rocklea,2024,9,3,270,3191,1,0,0,1,,1,policy
2024-09-27,13.78,22.67,23,4.09,0.172,3.08,2.36,1.54,1.58,18.83,16.3,74.9,1005.9,4.7,rocklea,2024,9,4,271,3192,1,0,0,1,,1,policy
2024-09-28,5.91,6.0,23,1.87,0.097,1.48,3.82,2.83,2.4,18.46,14.8,73.3,1005.3,2.1,rocklea,2024,9,5,272,3193,1,1,0,1,,1,policy
2024-09-29,8.39,7.33,23,1.65,0.134,5.57,2.26,-0.34,1.78,21.57,17.1,71.4,1006.8,0.0,rocklea,2024,9,6,273,3194,1,1,0,1,,1,policy
2024-09-30,14.26,18.67,23,5.96,0.175,5.33,1.41,-0.29,0.3,21.88,16.5,70.4,1007.3,0.8,rocklea,2024,9,0,274,3195,1,0,0,0,,1,policy
2024-10-01,14.48,23.0,23,3.87,0.142,6.76,1.48,-0.31,0.87,20.61,16.7,64.4,1011.4,0.0,rocklea,2024,10,1,275,3196,1,0,0,0,,1,policy
2024-10-02,16.17,25.33,23,4.17,0.153,8.14,2.33,-0.47,1.76,19.68,15.7,61.4,1015.8,0.0,rocklea,2024,10,2,276,3197,1,0,0,0,,1,policy
2024-10-03,15.57,22.33,21,3.67,0.141,7.4,2.24,-0.7,1.69,19.15,15.1,60.5,1016.8,0.0,rocklea,2024,10,3,277,3198,1,0,0,0,,1,policy
2024-10-04,13.52,20.67,23,5.65,0.152,7.2,1.45,-0.32,-0.47,19.4,12.9,57.9,1011.2,0.0,rocklea,2024,10,4,278,3199,1,0,0,0,,1,policy
2024-10-05,8.13,11.67,23,3.3,0.135,6.62,1.68,-0.97,-1.13,22.68,15.5,64.0,1005.0,0.0,rocklea,2024,10,5,279,3200,1,1,0,0,,1,policy
2024-10-06,9.57,9.67,23,3.0,0.145,9.07,1.3,-0.57,-0.55,24.86,19.4,63.0,1006.7,0.0,rocklea,2024,10,6,280,3201,1,1,0,0,,1,policy
2024-10-07,9.3,12.0,23,2.74,0.184,11.51,1.44,-0.69,-0.02,24.94,19.2,66.4,1009.6,0.1,rocklea,2024,10,0,281,3202,1,0,1,0,,1,policy
2024-10-08,18.22,21.67,23,6.83,0.203,10.68,1.1,-0.43,0.16,24.11,20.2,74.8,1008.7,8.0,rocklea,2024,10,1,282,3203,1,0,0,0,,1,policy
2024-10-09,16.52,23.0,23,3.39,0.182,8.49,2.36,-0.61,2.06,20.62,17.0,77.6,1010.0,5.8,rocklea,2024,10,2,283,3204,1,0,0,0,,1,policy
2024-10-10,16.57,25.33,23,3.65,0.162,5.56,1.5,-0.2,0.96,19.53,17.0,77.6,1011.5,3.6,rocklea,2024,10,3,284,3205,1,0,0,0,,1,policy
2024-10-11,14.87,19.0,23,2.91,0.175,5.27,1.32,-0.57,-0.01,21.16,17.3,67.9,1013.7,0.0,rocklea,2024,10,4,285,3206,1,0,0,0,,1,policy
2024-10-12,13.26,12.67,23,4.43,0.176,5.62,1.33,-0.09,0.07,21.13,15.6,70.1,1012.1,3.5,rocklea,2024,10,5,286,3207,1,1,0,0,,1,policy
2024-10-13,9.0,5.33,23,1.09,0.118,6.61,1.8,-0.85,1.31,19.32,17.8,71.3,1014.2,0.5,rocklea,2024,10,6,287,3208,1,1,0,0,,1,policy
2024-10-14,13.04,22.67,23,3.83,0.133,6.48,1.39,-0.64,-0.3,21.03,17.5,63.3,1013.1,0.0,rocklea,2024,10,0,288,3209,1,0,0,0,,1,policy
2024-10-15,16.52,20.67,23,5.96,0.187,6.24,1.15,-0.38,-0.16,21.33,17.3,72.1,1011.6,2.4,rocklea,2024,10,1,289,3210,1,0,0,0,,1,policy
2024-10-16,13.22,19.67,23,4.52,0.167,5.9,1.31,-0.46,0.7,20.58,16.9,76.6,1010.8,0.0,rocklea,2024,10,2,290,3211,1,0,0,0,,1,policy
2024-10-17,11.43,17.67,23,4.0,0.163,5.91,1.61,-0.36,-0.51,22.88,18.3,73.9,1008.5,0.3,rocklea,2024,10,3,291,3212,1,0,0,0,,1,policy
2024-10-18,8.74,17.67,23,2.48,0.154,5.89,2.01,-1.34,-1.34,24.11,21.4,72.1,1005.8,0.0,rocklea,2024,10,4,292,3213,1,0,0,0,,1,policy
2024-10-19,10.91,8.67,23,2.91,0.192,9.22,1.49,-0.87,-0.47,25.62,20.7,71.3,1000.7,0.0,rocklea,2024,10,5,293,3214,1,1,0,0,,1,policy
2024-10-20,6.96,7.67,23,0.65,0.144,7.99,1.82,-1.21,1.04,23.38,20.8,66.1,1006.6,0.0,rocklea,2024,10,6,294,3215,1,1,0,0,,1,policy
2024-10-21,10.7,22.33,23,2.04,0.16,8.26,1.48,-0.75,0.45,23.26,20.6,61.2,1006.8,0.0,rocklea,2024,10,0,295,3216,1,0,0,0,,1,policy
2024-10-22,13.09,19.0,23,4.26,0.181,6.83,1.13,-0.54,-0.15,23.29,19.9,63.1,1005.4,0.0,rocklea,2024,10,1,296,3217,1,0,0,0,,1,policy
2024-10-23,11.13,18.0,23,3.74,0.174,8.6,1.52,-0.88,-0.73,24.21,19.8,71.6,1003.4,0.0,rocklea,2024,10,2,297,3218,1,0,0,0,,1,policy
2024-10-24,13.61,19.67,23,4.26,0.28,11.3,1.42,-0.16,-0.62,25.81,22.5,69.8,1000.5,1.4,rocklea,2024,10,3,298,3219,1,0,0,0,,1,policy
2024-10-25,12.78,19.67,23,2.7,0.186,5.84,1.88,0.17,0.79,24.56,20.5,54.8,1003.2,0.0,rocklea,2024,10,4,299,3220,1,0,0,0,,1,policy
2024-10-26,7.57,11.67,23,2.35,0.16,5.84,1.45,-0.79,0.19,22.14,18.0,64.0,1009.6,0.0,rocklea,2024,10,5,300,3221,1,1,0,0,,1,policy
2024-10-27,5.26,7.0,23,1.78,0.157,6.05,1.73,-1.19,-0.94,23.23,19.5,70.5,1010.8,0.0,rocklea,2024,10,6,301,3222,1,1,0,0,,1,policy
2024-10-28,16.91,23.33,23,8.22,0.251,7.53,1.17,0.57,-0.34,21.65,16.8,74.1,1010.2,7.7,rocklea,2024,10,0,302,3223,1,0,0,0,,1,policy
2024-10-29,12.78,23.67,23,4.57,0.209,7.14,1.47,-0.35,0.42,22.78,16.1,70.3,1010.8,0.0,rocklea,2024,10,1,303,3224,1,0,0,0,,1,policy
2024-10-30,8.74,19.0,23,1.82,0.179,8.72,1.84,-1.29,-0.17,23.92,21.1,68.8,1009.0,0.0,rocklea,2024,10,2,304,3225,1,0,0,0,,1,policy
2024-10-31,10.9,18.67,21,2.59,0.222,7.22,1.74,-0.98,-1.27,24.71,21.1,69.1,1003.1,0.0,rocklea,2024,10,3,305,3226,1,0,0,0,,1,policy
2024-11-01,16.43,23.0,21,4.52,0.267,7.83,1.4,-0.58,0.13,24.25,19.3,66.3,1004.0,1.9,rocklea,2024,11,4,306,3227,1,0,0,0,,1,policy
2024-11-02,6.96,9.67,23,0.57,0.197,5.92,1.84,-1.12,0.6,23.62,19.5,65.3,1011.4,0.0,rocklea,2024,11,5,307,3228,1,1,0,0,,1,policy
2024-11-03,4.09,1.33,23,0.35,0.175,5.89,1.79,-1.42,-0.87,24.36,20.8,67.8,1011.6,0.0,rocklea,2024,11,6,308,3229,1,1,0,0,,1,policy
2024-11-04,8.0,17.67,23,3.13,0.203,7.23,1.74,-1.11,-0.88,25.45,21.1,71.1,1007.8,0.0,rocklea,2024,11,0,309,3230,1,0,0,0,,1,policy
2024-11-05,9.22,16.33,23,3.04,0.2,8.68,1.8,-1.04,-1.09,25.97,21.9,68.7,1006.2,1.5,rocklea,2024,11,1,310,3231,1,0,0,0,,1,policy
2024-11-06,8.0,13.67,23,2.59,0.188,8.31,1.87,-1.23,-1.14,25.98,22.3,73.0,1006.2,0.0,rocklea,2024,11,2,311,3232,1,0,0,0,,1,policy
2024-11-07,9.74,20.0,23,3.61,0.223,8.52,1.9,-1.38,-1.18,27.24,23.1,66.9,1003.1,0.0,rocklea,2024,11,3,312,3233,1,0,0,0,,1,policy
2024-11-08,19.0,15.67,23,7.57,0.367,13.36,1.32,-0.94,-0.65,27.84,25.1,73.7,1002.5,0.1,rocklea,2024,11,4,313,3234,1,0,0,0,,1,policy
2024-11-09,6.13,8.33,23,1.13,0.207,10.22,1.65,-1.14,0.77,26.49,23.6,72.2,1007.7,0.0,rocklea,2024,11,5,314,3235,1,1,0,0,,1,policy
2024-11-10,5.91,5.33,23,1.3,0.212,9.54,1.48,-0.85,-0.57,25.74,22.3,74.7,1009.2,30.0,rocklea,2024,11,6,315,3236,1,1,0,0,,1,policy
2024-11-11,6.96,15.0,23,3.04,0.209,6.71,1.77,-0.97,-0.9,25.76,22.8,77.5,1008.2,6.0,rocklea,2024,11,0,316,3237,1,0,0,0,,1,policy
2024-11-12,13.52,17.0,23,4.39,0.269,8.0,1.05,-0.43,-0.55,25.47,22.2,78.2,1004.9,6.6,rocklea,2024,11,1,317,3238,1,0,0,0,,1,policy
2024-11-13,16.13,22.0,23,6.13,0.113,6.95,1.27,-0.25,-0.01,24.08,20.2,79.1,1003.8,14.8,rocklea,2024,11,2,318,3239,1,0,0,0,,1,policy
2024-11-14,15.3,21.0,23,4.52,0.105,5.65,1.36,-0.15,0.46,25.37,19.4,72.3,1004.6,1.0,rocklea,2024,11,3,319,3240,1,0,0,0,,1,policy
2024-11-15,10.83,19.33,23,2.39,0.06,5.2,1.62,-1.04,0.68,25.12,21.2,71.7,1009.1,0.0,rocklea,2024,11,4,320,3241,1,0,0,0,,1,policy
2024-11-16,10.3,6.33,23,0.52,0.073,4.41,1.24,-0.84,0.59,22.43,20.6,82.0,1011.6,25.5,rocklea,2024,11,5,321,3242,1,1,0,0,,1,policy
2024-11-17,5.96,6.67,23,0.39,0.042,4.81,1.81,-1.29,-0.57,24.24,19.8,69.6,1011.0,0.0,rocklea,2024,11,6,322,3243,1,1,0,0,,1,policy
2024-11-18,9.13,17.67,23,2.78,0.064,4.31,1.57,-0.79,-0.9,25.52,21.9,67.6,1007.9,0.0,rocklea,2024,11,0,323,3244,1,0,0,0,,1,policy
2024-11-19,14.87,16.67,23,4.13,0.097,3.59,1.45,-0.28,1.2,20.92,17.6,84.2,1009.5,3.8,rocklea,2024,11,1,324,3245,1,0,0,0,,1,policy
2024-11-20,15.52,25.33,23,5.13,0.126,5.24,1.4,0.17,0.95,19.73,17.9,83.3,1012.1,1.1,rocklea,2024,11,2,325,3246,1,0,0,0,,1,policy
2024-11-21,13.22,19.0,23,2.52,0.099,4.83,2.09,-0.6,1.72,21.28,18.7,73.7,1013.1,0.0,rocklea,2024,11,3,326,3247,1,0,0,0,,1,policy
2024-11-22,13.43,20.33,23,3.83,0.144,4.06,1.35,-0.21,0.52,20.75,19.0,85.6,1013.2,40.3,rocklea,2024,11,4,327,3248,1,0,0,0,,1,policy
2024-11-23,7.0,8.33,23,1.17,0.071,3.58,1.2,-0.59,0.25,22.56,18.9,74.1,1012.0,0.0,rocklea,2024,11,5,328,3249,1,1,0,0,,1,policy
2024-11-24,4.78,5.33,23,1.26,0.057,4.45,1.48,-0.78,-0.11,23.17,18.0,69.8,1010.1,0.0,rocklea,2024,11,6,329,3250,1,1,0,0,,1,policy
2024-11-25,8.17,13.67,23,2.55,0.064,4.95,1.52,-0.96,-0.12,23.86,19.1,68.3,1008.3,0.0,rocklea,2024,11,0,330,3251,1,0,0,0,,1,policy
2024-11-26,8.78,12.67,23,2.26,0.078,5.77,1.72,-1.11,-0.47,24.5,19.7,72.4,1006.4,0.0,rocklea,2024,11,1,331,3252,1,0,0,0,,1,policy
2024-11-27,8.48,14.0,23,3.17,0.112,5.14,1.64,-0.75,-0.82,25.59,21.8,76.7,1005.2,0.1,rocklea,2024,11,2,332,3253,1,0,0,0,,1,policy
2024-11-28,8.0,10.33,23,1.04,0.08,5.05,1.43,-0.99,-0.78,26.6,23.9,78.5,1006.4,0.1,rocklea,2024,11,3,333,3254,1,0,0,0,,1,policy
2024-11-29,4.87,5.0,23,0.43,0.058,4.27,1.5,-1.38,0.14,25.82,23.4,76.4,1006.1,1.8,rocklea,2024,11,4,334,3255,1,0,0,0,,1,policy
2024-11-30,3.52,3.0,23,0.22,0.053,4.89,2.22,-1.75,-1.22,24.47,23.0,85.9,1002.8,14.5,rocklea,2024,11,5,335,3256,1,1,0,0,,1,policy
2024-12-01,3.96,3.33,23,1.09,0.073,3.83,1.24,-0.75,-0.79,25.39,23.4,85.9,1001.2,5.9,rocklea,2024,12,6,336,3257,1,1,0,0,,1,policy
2024-12-02,5.61,9.33,23,2.3,0.123,4.39,1.49,-0.91,-0.74,27.0,23.3,76.4,1002.6,0.0,rocklea,2024,12,0,337,3258,1,0,0,0,,1,policy
2024-12-03,5.4,6.67,20,0.83,,3.87,1.74,-1.25,-1.19,26.95,23.8,72.7,1003.9,0.1,rocklea,2024,12,1,338,3259,1,0,0,0,,1,policy
2024-12-04,,13.0,7,1.48,,4.63,1.4,-0.9,-0.91,26.95,24.6,78.2,1006.4,2.5,rocklea,2024,12,2,339,3260,1,0,0,0,,1,policy
2024-12-05,6.05,8.67,20,0.35,,6.05,1.69,-1.48,-0.67,26.71,24.0,75.2,1009.5,4.3,rocklea,2024,12,3,340,3261,1,0,0,0,,1,policy
2024-12-06,8.48,10.0,23,1.43,0.108,4.59,1.56,-1.15,-0.5,26.95,22.9,70.9,1009.3,0.1,rocklea,2024,12,4,341,3262,1,0,0,0,,1,policy
2024-12-07,5.17,5.67,23,2.04,0.081,3.84,1.69,-0.83,-1.09,27.0,23.6,69.6,1005.5,0.0,rocklea,2024,12,5,342,3263,1,1,0,0,,1,policy
2024-12-08,5.91,4.0,23,2.39,0.092,5.5,1.43,-0.28,-0.37,28.89,23.0,69.6,1001.4,2.6,rocklea,2024,12,6,343,3264,1,1,0,0,,1,policy
2024-12-09,8.7,16.33,23,2.35,0.103,6.46,1.56,-1.11,-0.02,27.83,25.6,77.6,1002.9,0.1,rocklea,2024,12,0,344,3265,1,0,0,0,,1,policy
2024-12-10,13.5,13.0,22,6.65,0.18,4.58,1.05,0.06,-0.48,24.83,20.9,82.6,1001.5,19.0,rocklea,2024,12,1,345,3266,1,0,0,0,,1,policy
2024-12-11,13.22,17.0,23,2.48,0.104,5.88,1.8,-1.09,1.06,23.61,21.2,78.0,999.2,4.9,rocklea,2024,12,2,346,3267,1,0,0,0,,1,policy
2024-12-12,10.35,16.33,23,2.13,0.104,6.98,1.44,-0.81,0.27,25.73,20.2,69.8,1000.6,0.0,rocklea,2024,12,3,347,3268,1,0,0,0,,1,policy
2024-12-13,9.7,16.0,23,2.17,0.114,4.31,1.52,-0.8,0.11,26.73,21.8,72.4,1000.4,0.0,rocklea,2024,12,4,348,3269,1,0,0,0,,1,policy
2024-12-14,10.57,7.0,23,3.3,0.18,3.52,1.13,-0.48,0.75,24.9,23.2,85.2,1000.8,35.9,rocklea,2024,12,5,349,3270,1,1,0,1,,1,policy
2024-12-15,5.17,5.33,23,1.17,0.083,4.57,2.5,-1.06,2.02,26.33,22.1,77.0,1000.8,0.0,rocklea,2024,12,6,350,3271,1,1,0,1,,1,policy
2024-12-16,6.39,9.67,23,0.7,0.077,4.26,2.98,-1.7,2.36,25.66,24.0,83.4,1001.6,10.4,rocklea,2024,12,0,351,3272,1,0,0,1,,1,policy
2024-12-17,8.22,10.67,23,0.39,0.143,4.14,1.42,-1.09,-0.53,26.9,24.0,80.4,1000.5,16.1,rocklea,2024,12,1,352,3273,1,0,0,1,,1,policy
2024-12-18,11.61,12.33,23,3.52,0.165,3.72,1.46,-0.37,1.01,25.25,22.1,82.7,1000.6,18.5,rocklea,2024,12,2,353,3274,1,0,0,1,,1,policy
2024-12-19,10.65,15.0,23,2.3,0.134,7.56,2.65,-0.84,2.22,23.98,20.4,56.0,1004.2,0.1,rocklea,2024,12,3,354,3275,1,0,0,1,,1,policy
2024-12-20,8.87,13.67,23,2.22,0.124,6.31,1.34,-0.5,0.09,24.19,19.1,63.8,1002.2,0.0,rocklea,2024,12,4,355,3276,1,0,0,1,,1,policy
2024-12-21,7.83,8.0,23,3.09,0.13,6.35,1.4,-0.63,-0.66,26.5,22.2,64.6,1000.5,0.3,rocklea,2024,12,5,356,3277,1,1,0,1,,1,policy
2024-12-22,5.61,5.67,23,1.74,0.105,4.75,1.55,-0.94,-0.84,26.19,21.5,69.0,999.1,0.0,rocklea,2024,12,6,357,3278,1,1,0,1,,1,policy
2024-12-23,5.91,9.33,23,3.3,0.102,4.4,1.64,-0.62,-0.99,27.01,23.7,68.2,996.0,0.0,rocklea,2024,12,0,358,3279,1,0,0,1,,1,policy
2024-12-24,8.04,13.33,23,2.09,0.118,8.05,1.86,-0.55,1.11,26.03,21.9,65.1,999.5,0.0,rocklea,2024,12,1,359,3280,1,0,0,1,,1,policy
2024-12-25,3.22,3.67,23,0.74,0.086,6.02,1.54,-0.72,0.8,24.94,20.6,60.3,1006.8,0.0,rocklea,2024,12,2,360,3281,1,0,1,1,,1,policy
2024-12-26,3.65,3.67,23,1.39,0.106,4.73,1.55,-0.68,-0.34,25.02,19.5,64.3,1006.7,0.0,rocklea,2024,12,3,361,3282,1,0,1,1,,1,policy
2024-12-27,4.78,5.33,23,2.26,0.112,5.24,1.62,-0.81,-1.03,26.43,20.5,66.3,1002.2,0.0,rocklea,2024,12,4,362,3283,1,0,0,1,,1,policy
2024-12-28,5.13,4.67,23,2.13,0.13,6.58,1.6,-0.95,-0.84,28.06,24.5,69.9,1000.0,12.3,rocklea,2024,12,5,363,3284,1,1,0,1,,1,policy
2024-12-29,4.65,4.67,23,1.39,0.133,7.55,1.58,-0.86,0.32,27.52,24.3,75.0,1003.2,0.0,rocklea,2024,12,6,364,3285,1,1,0,1,,1,policy
2024-12-30,6.96,10.0,23,1.35,0.137,6.72,1.72,-0.85,1.15,26.72,23.3,67.2,1006.4,1.1,rocklea,2024,12,0,365,3286,1,0,0,1,,1,policy
2024-12-31,7.17,14.33,23,1.7,0.143,5.42,1.39,-0.71,0.5,25.48,21.6,71.4,1004.7,0.0,rocklea,2024,12,1,366,3287,1,0,0,1,,1,policy
2025-01-01,6.22,4.0,23,1.0,0.147,6.08,1.46,-0.87,0.8,25.94,21.9,65.8,1004.1,0.0,springwood,2025,1,2,1,3288,1,0,1,1,,1,policy
2025-01-02,8.22,13.0,23,2.04,0.149,4.1,1.82,-0.82,1.37,24.61,22.2,72.4,1005.6,0.2,springwood,2025,1,3,2,3289,1,0,0,1,,1,policy
2025-01-03,7.74,10.0,23,2.0,0.146,4.3,1.7,-0.78,0.89,24.32,20.3,72.1,1008.0,8.4,springwood,2025,1,4,3,3290,1,0,0,1,,1,policy
2025-01-04,5.43,6.0,23,1.13,0.12,5.2,1.72,-0.8,1.15,24.56,20.5,69.9,1009.0,1.1,springwood,2025,1,5,4,3291,1,1,0,1,,1,policy
2025-01-05,4.35,5.33,23,1.48,0.118,4.66,1.55,-0.77,-0.08,24.4,19.5,66.3,1009.3,0.0,springwood,2025,1,6,5,3292,1,1,0,1,,1,policy
2025-01-06,6.83,10.0,23,1.74,0.139,3.84,1.54,-0.84,-0.25,25.13,20.0,66.3,1008.8,0.0,springwood,2025,1,0,6,3293,1,0,0,1,,1,policy
2025-01-07,8.04,13.67,23,2.61,0.133,3.81,1.47,-0.59,-0.1,25.39,19.8,65.9,1007.3,0.0,springwood,2025,1,1,7,3294,1,0,0,1,,1,policy
2025-01-08,7.91,12.0,23,3.0,0.122,3.4,1.38,-0.59,-0.46,25.87,20.9,66.9,1005.1,1.4,springwood,2025,1,2,8,3295,1,0,0,1,,1,policy
2025-01-09,11.83,18.0,23,3.91,0.153,3.7,1.27,-0.12,0.17,23.1,18.9,78.9,1004.2,0.7,springwood,2025,1,3,9,3296,1,0,0,1,,1,policy
2025-01-10,8.78,13.67,23,1.43,0.138,3.38,1.53,-0.82,0.09,24.48,21.3,78.7,1004.5,8.5,springwood,2025,1,4,10,3297,1,0,0,1,,1,policy
2025-01-11,10.13,9.0,23,2.35,0.145,3.18,0.99,-0.08,0.38,22.6,21.2,84.9,1002.3,5.9,springwood,2025,1,5,11,3298,1,1,0,1,,1,policy
2025-01-12,5.74,6.67,23,0.65,0.083,2.4,1.3,-0.49,0.72,23.66,20.8,83.6,1000.5,20.9,springwood,2025,1,6,12,3299,1,1,0,1,,1,policy
2025-01-13,8.74,13.33,23,2.13,0.117,3.48,1.22,-0.29,0.45,25.55,21.1,79.6,999.6,1.8,springwood,2025,1,0,13,3300,1,0,0,1,,1,policy
2025-01-14,9.0,12.33,23,2.35,0.126,3.79,1.32,-0.44,0.05,26.63,22.0,75.4,999.3,0.0,springwood,2025,1,1,14,3301,1,0,0,1,,1,policy
2025-01-15,8.83,13.33,23,2.35,0.117,4.1,1.46,-0.39,-0.7,28.3,23.8,71.1,996.1,0.0,springwood,2025,1,2,15,3302,1,0,0,1,,1,policy
2025-01-16,14.68,13.67,22,2.61,0.145,5.75,1.66,-0.43,-0.05,29.67,23.4,66.4,990.8,0.0,springwood,2025,1,3,16,3303,1,0,0,1,,1,policy
2025-01-17,16.7,22.0,23,4.17,0.169,3.41,1.24,0.43,0.67,25.71,20.4,59.0,995.5,0.0,springwood,2025,1,4,17,3304,1,0,0,1,,1,policy
2025-01-18,10.09,9.0,23,2.61,0.128,3.05,1.89,0.77,1.45,25.68,22.0,68.9,996.8,26.2,springwood,2025,1,5,18,3305,1,1,0,1,,1,policy
2025-01-19,6.04,5.0,23,1.0,0.078,6.58,2.55,-0.82,2.16,24.53,21.2,66.3,1001.2,2.0,springwood,2025,1,6,19,3306,1,1,0,1,,1,policy
2025-01-20,11.65,15.0,23,1.96,0.123,5.99,1.46,0.05,0.45,25.04,20.2,60.2,1002.0,0.0,springwood,2025,1,0,20,3307,1,0,0,1,,1,policy
2025-01-21,12.7,19.0,23,4.17,0.138,7.05,1.35,-0.36,-0.57,26.58,21.8,70.2,1002.2,0.0,springwood,2025,1,1,21,3308,1,0,0,1,,1,policy
2025-01-22,15.57,14.0,23,4.04,0.171,7.5,1.03,0.05,-0.16,30.43,24.2,68.3,999.2,0.4,springwood,2025,1,2,22,3309,1,0,0,1,,1,policy
2025-01-23,14.39,23.33,23,4.13,0.147,7.89,1.71,-0.73,-0.1,28.04,24.8,66.6,998.3,0.0,springwood,2025,1,3,23,3310,1,0,0,1,,1,policy
2025-01-24,17.35,20.33,23,5.17,0.187,8.6,1.28,-0.32,-0.12,29.53,25.5,70.2,995.9,4.2,springwood,2025,1,4,24,3311,1,0,0,1,,1,policy
2025-01-25,4.48,7.0,23,0.61,0.055,8.49,1.99,-1.41,1.05,27.22,25.0,66.2,1003.8,0.0,springwood,2025,1,5,25,3312,1,1,0,1,,1,policy
2025-01-26,5.13,6.33,23,0.87,0.065,6.81,1.21,-0.83,-0.04,26.7,23.5,70.5,1005.2,0.0,springwood,2025,1,6,26,3313,1,1,0,1,,1,policy
2025-01-27,4.04,6.33,23,0.96,0.045,5.12,1.44,-1.23,-0.02,26.48,24.0,72.6,1006.9,0.0,springwood,2025,1,0,27,3314,1,0,1,1,,1,policy
2025-01-28,8.13,13.0,23,2.13,0.096,4.5,1.45,-0.82,-0.59,27.05,21.9,65.9,1006.1,0.0,springwood,2025,1,1,28,3315,1,0,0,0,,1,policy
2025-01-29,,14.33,10,2.13,,,,,,,,68.5,1004.3,0.0,springwood,2025,1,2,29,3316,1,0,0,0,,1,policy
2025-01-30,,,0,1.43,,,,,,,,68.1,1002.8,0.0,springwood,2025,1,3,30,3317,1,0,0,0,,1,policy
2025-01-31,,,0,1.74,,,,,,,,70.4,1004.4,0.0,springwood,2025,1,4,31,3318,1,0,0,0,,1,policy
2025-02-01,,,0,0.5,,,,,,,,72.6,1007.2,0.0,springwood,2025,2,5,32,3319,1,1,0,0,,1,policy
2025-02-02,,,0,0.87,0.086,5.23,2.37,-1.06,1.77,25.46,21.8,65.9,1006.9,0.6,springwood,2025,2,6,33,3320,1,1,0,0,,1,policy
2025-02-03,,,0,0.48,0.062,6.08,1.9,-1.32,1.24,25.65,23.1,72.9,1006.0,1.4,springwood,2025,2,0,34,3321,1,0,0,0,,1,policy
2025-02-04,,,0,1.26,0.083,6.33,1.62,-1.01,0.22,25.83,22.2,75.6,1004.5,1.0,springwood,2025,2,1,35,3322,1,0,0,0,,1,policy
2025-02-05,,,0,4.17,0.165,6.62,1.17,-0.36,0.76,25.23,24.0,82.0,1002.7,8.4,springwood,2025,2,2,36,3323,1,0,0,0,,1,policy
2025-02-06,,,11,3.74,0.155,6.07,1.32,-0.18,0.49,25.05,22.6,74.2,1003.0,0.0,springwood,2025,2,3,37,3324,1,0,0,0,,1,policy
2025-02-07,10.74,14.67,23,2.65,0.132,5.21,1.43,-0.53,0.62,25.14,21.4,72.1,1002.0,3.1,springwood,2025,2,4,38,3325,1,0,0,0,,1,policy
2025-02-08,7.26,9.0,23,1.78,0.122,4.31,1.44,-0.62,0.23,25.17,20.5,68.9,1000.7,0.0,springwood,2025,2,5,39,3326,1,1,0,0,,1,policy
2025-02-09,5.57,6.33,23,1.39,0.085,3.9,1.47,-0.85,0.32,25.89,21.7,68.9,1001.1,0.0,springwood,2025,2,6,40,3327,1,1,0,0,,1,policy
2025-02-10,6.91,10.33,23,1.04,0.063,3.94,1.5,-1.24,-0.29,26.5,22.9,69.0,1002.1,3.1,springwood,2025,2,0,41,3328,1,0,0,0,,1,policy
2025-02-11,9.78,17.0,23,2.83,0.102,4.8,1.59,-0.72,-0.19,26.27,22.1,72.9,1002.0,0.0,springwood,2025,2,1,42,3329,1,0,0,0,,1,policy
2025-02-12,8.43,13.33,23,2.04,0.151,6.67,1.6,-0.8,-0.23,26.75,22.9,71.4,1002.6,0.0,springwood,2025,2,2,43,3330,1,0,0,0,,1,policy
2025-02-13,9.83,15.67,23,2.3,0.087,8.21,1.58,-1.02,0.42,26.35,23.3,73.5,1002.2,0.6,springwood,2025,2,3,44,3331,1,0,0,0,,1,policy
2025-02-14,9.96,15.0,23,2.57,0.1,6.55,1.74,-0.78,-0.08,26.18,22.3,73.6,999.2,0.2,springwood,2025,2,4,45,3332,1,0,0,0,,1,policy
2025-02-15,7.91,9.33,23,2.83,0.083,4.47,1.26,-0.29,-0.67,27.27,24.2,75.3,994.2,0.0,springwood,2025,2,5,46,3333,1,1,0,0,,1,policy
2025-02-16,6.83,11.33,23,1.65,0.073,6.08,1.9,-0.3,0.89,27.49,24.2,66.6,997.4,0.0,springwood,2025,2,6,47,3334,1,1,0,0,,1,policy
2025-02-17,10.82,21.0,22,2.0,0.079,7.26,1.88,-0.99,1.0,24.5,21.6,57.9,1006.1,0.0,springwood,2025,2,0,48,3335,1,0,0,0,,1,policy
2025-02-18,11.26,18.0,23,3.09,0.089,5.4,1.49,-0.88,-0.17,25.21,21.7,64.0,1005.0,0.0,springwood,2025,2,1,49,3336,1,0,0,0,,1,policy
2025-02-19,10.65,19.33,23,3.17,0.1,4.4,1.35,-0.78,0.12,25.58,23.4,69.3,1004.8,0.0,springwood,2025,2,2,50,3337,1,0,0,0,,1,policy
2025-02-20,13.39,19.33,23,2.7,0.117,5.12,1.43,-0.76,0.53,25.12,20.9,62.0,1007.8,0.0,springwood,2025,2,3,51,3338,1,0,0,0,,1,policy
2025-02-21,13.91,18.67,23,3.7,0.137,5.06,2.15,-1.15,1.32,24.67,20.9,66.6,1011.7,0.7,springwood,2025,2,4,52,3339,1,0,0,0,,1,policy
2025-02-22,8.74,10.33,23,2.43,0.113,5.43,2.08,-0.95,1.34,24.73,20.6,66.8,1011.9,1.0,springwood,2025,2,5,53,3340,1,1,0,0,,1,policy
2025-02-23,5.87,7.33,23,0.74,0.066,4.99,1.99,-0.79,1.22,24.43,19.5,70.4,1010.0,0.6,springwood,2025,2,6,54,3341,1,1,0,0,,1,policy
2025-02-24,9.09,16.33,23,1.78,0.093,5.47,1.49,-1.01,0.52,26.15,22.5,69.0,1010.2,0.0,springwood,2025,2,0,55,3342,1,0,0,0,,1,policy
2025-02-25,10.65,14.33,23,2.35,0.117,5.05,2.12,-1.04,1.39,25.53,20.9,66.8,1011.0,0.0,springwood,2025,2,1,56,3343,1,0,0,0,,1,policy
2025-02-26,11.87,17.0,23,2.0,0.127,4.97,1.98,-1.13,1.3,25.39,21.9,66.0,1010.3,0.0,springwood,2025,2,2,57,3344,1,0,0,0,,1,policy
2025-02-27,12.13,17.33,23,3.48,0.129,4.54,1.64,-0.82,0.83,24.91,20.7,65.6,1008.5,0.0,springwood,2025,2,3,58,3345,1,0,0,0,,1,policy
2025-02-28,11.52,17.33,23,3.09,0.131,4.44,1.62,-0.82,0.7,25.24,20.7,65.4,1007.1,0.0,springwood,2025,2,4,59,3346,1,0,0,0,,1,policy
2025-03-01,8.0,10.0,23,1.7,0.115,5.45,2.23,-1.07,1.55,25.34,20.7,67.0,1005.3,0.0,springwood,2025,3,5,60,3347,1,1,0,0,,1,policy
2025-03-02,6.48,6.67,23,1.17,0.108,6.28,3.01,-1.29,2.37,25.7,21.3,64.9,1002.3,0.0,springwood,2025,3,6,61,3348,1,1,0,0,,1,policy
2025-03-03,11.04,16.33,23,2.52,0.167,4.18,2.56,0.42,2.36,25.84,23.7,62.9,1000.8,0.0,springwood,2025,3,0,62,3349,1,0,0,0,,1,policy
2025-03-04,10.78,12.67,23,3.09,0.165,3.63,2.28,0.83,2.07,25.8,23.0,61.3,1003.2,0.0,springwood,2025,3,1,63,3350,1,0,0,0,,1,policy
2025-03-05,7.87,12.0,23,2.61,0.117,,3.12,1.79,2.47,24.53,22.1,72.0,999.0,0.6,springwood,2025,3,2,64,3351,1,0,0,0,cyclone_alfred_2025,1,unused
2025-03-06,3.78,4.67,23,1.74,0.079,,2.87,1.17,2.27,23.8,21.9,79.7,997.6,1.4,springwood,2025,3,3,65,3352,1,0,0,0,cyclone_alfred_2025,1,unused
2025-03-07,1.83,2.33,23,0.87,0.06,,4.44,3.48,2.66,24.08,21.1,79.8,993.0,20.5,springwood,2025,3,4,66,3353,1,0,0,0,cyclone_alfred_2025,1,unused
2025-03-08,1.35,1.67,23,,0.042,,4.24,-2.82,2.95,23.11,21.9,83.9,1005.0,,,2025,3,5,67,3354,1,1,0,0,cyclone_alfred_2025,1,unused
2025-03-09,1.61,1.0,23,0.0,0.028,,2.73,-2.65,-0.38,22.2,20.9,83.1,1006.6,132.4,springwood,2025,3,6,68,3355,1,1,0,0,cyclone_alfred_2025,1,unused
2025-03-10,8.57,5.33,23,0.39,0.119,,1.62,-1.24,-0.71,22.92,22.0,76.7,1008.7,12.0,springwood,2025,3,0,69,3356,1,0,0,0,cyclone_alfred_2025,1,unused
2025-03-11,8.78,13.0,23,0.4,0.097,,1.12,-0.93,-0.13,24.38,21.9,69.0,1009.6,0.2,springwood,2025,3,1,70,3357,1,0,0,0,,1,policy
2025-03-12,10.7,14.67,23,1.87,0.137,4.11,1.27,-0.56,0.49,24.31,22.0,75.6,1009.6,1.6,springwood,2025,3,2,71,3358,1,0,0,0,,1,policy
2025-03-13,10.04,14.67,23,2.35,0.145,4.15,1.29,-0.65,0.28,24.24,20.3,70.7,1010.2,0.0,springwood,2025,3,3,72,3359,1,0,0,0,,1,policy
2025-03-14,10.74,14.33,23,2.48,0.141,4.0,1.27,-0.54,0.46,24.11,20.0,71.6,1011.6,0.0,springwood,2025,3,4,73,3360,1,0,0,0,,1,policy
2025-03-15,8.61,10.0,23,2.35,0.141,3.65,1.32,-0.44,0.17,23.98,20.1,77.4,1011.8,1.1,springwood,2025,3,5,74,3361,1,1,0,0,,1,policy
2025-03-16,7.26,7.0,23,3.22,0.123,4.27,1.3,-0.24,-0.43,24.24,19.8,72.5,1007.7,0.0,springwood,2025,3,6,75,3362,1,1,0,0,,1,policy
2025-03-17,11.09,14.67,23,3.14,0.125,7.52,2.12,-0.61,1.41,25.2,20.9,70.8,1006.0,0.0,springwood,2025,3,0,76,3363,1,0,0,0,,1,policy
2025-03-18,12.36,19.67,22,2.09,0.113,6.65,2.65,-1.39,2.04,23.6,21.6,63.6,1012.0,0.2,springwood,2025,3,1,77,3364,1,0,0,0,,1,policy
2025-03-19,12.7,21.0,23,3.22,0.125,5.0,1.79,-0.99,1.2,23.81,20.9,65.9,1012.8,0.0,springwood,2025,3,2,78,3365,1,0,0,0,,1,policy
2025-03-20,12.43,17.0,23,3.7,0.19,5.15,1.13,-0.09,0.31,22.96,20.7,83.3,1011.1,7.9,springwood,2025,3,3,79,3366,1,0,0,0,,1,policy
2025-03-21,10.83,15.67,23,3.61,0.157,4.13,,,,,,77.6,1007.5,0.0,springwood,2025,3,4,80,3367,1,0,0,0,,1,policy
2025-03-22,9.87,9.67,23,2.7,0.12,3.59,1.18,-0.28,-0.35,26.54,23.5,75.8,1006.0,0.0,springwood,2025,3,5,81,3368,1,1,0,0,,1,policy
2025-03-23,7.87,8.67,23,1.22,0.099,3.85,0.96,-0.46,0.02,25.68,23.5,82.5,1007.9,1.5,springwood,2025,3,6,82,3369,1,1,0,0,,1,policy
2025-03-24,9.52,16.0,23,1.43,0.084,3.22,1.29,-0.99,0.04,24.64,21.5,76.7,1008.0,1.3,springwood,2025,3,0,83,3370,1,0,0,0,,1,policy
2025-03-25,12.7,19.33,23,2.7,0.155,4.32,1.12,-0.61,0.71,23.34,21.5,81.0,1008.8,0.5,springwood,2025,3,1,84,3371,1,0,0,0,,1,policy
2025-03-26,12.35,18.33,23,1.61,0.107,5.21,1.8,-0.98,1.36,23.64,21.1,78.2,1008.5,2.7,springwood,2025,3,2,85,3372,1,0,0,0,,1,policy
2025-03-27,,,0,4.39,0.155,4.53,1.86,-0.37,1.61,22.28,20.6,84.9,1008.3,3.2,springwood,2025,3,3,86,3373,1,0,0,0,,1,policy
2025-03-28,10.04,15.67,23,1.57,0.117,5.35,1.3,-0.66,0.36,23.04,21.1,87.8,1006.6,3.4,springwood,2025,3,4,87,3374,1,0,0,0,,1,policy
2025-03-29,9.17,10.33,23,1.87,0.113,5.34,1.36,-0.26,-0.38,23.46,22.5,88.6,1001.0,15.5,springwood,2025,3,5,88,3375,1,1,0,0,,1,policy
2025-03-30,10.7,8.33,23,3.74,0.16,2.88,1.44,1.35,0.26,26.62,22.5,71.1,997.5,0.0,springwood,2025,3,6,89,3376,1,1,0,0,,1,policy
2025-03-31,11.78,18.33,23,3.74,0.096,4.03,1.21,-0.5,0.36,25.62,22.8,69.1,999.5,0.0,springwood,2025,3,0,90,3377,1,0,0,0,,1,policy
2025-04-01,13.04,19.67,23,3.91,0.089,4.89,1.95,-0.92,1.53,23.5,21.7,75.4,1001.8,0.0,springwood,2025,4,1,91,3378,1,0,0,0,,1,policy
2025-04-02,14.26,21.0,23,5.7,0.159,3.11,1.25,0.27,1.03,21.0,19.7,89.3,998.9,15.3,springwood,2025,4,2,92,3379,1,0,0,0,,1,policy
2025-04-03,13.43,14.33,23,3.87,0.124,2.62,0.88,0.22,0.38,22.35,19.8,86.2,1000.8,0.0,springwood,2025,4,3,93,3380,1,0,0,0,,1,policy
2025-04-04,16.52,19.0,23,4.65,0.14,3.05,1.62,-0.21,1.38,22.67,20.0,76.9,1005.3,0.0,springwood,2025,4,4,94,3381,1,0,0,0,,1,policy
2025-04-05,13.3,10.33,23,2.87,0.161,4.84,1.25,0.66,0.51,24.37,20.2,70.8,1006.2,0.0,springwood,2025,4,5,95,3382,1,1,0,1,,1,policy
2025-04-06,10.3,8.67,23,2.26,0.122,6.78,1.28,-0.15,0.15,23.24,19.4,73.0,1009.3,0.0,springwood,2025,4,6,96,3383,1,1,0,1,,1,policy
2025-04-07,17.83,17.0,23,5.7,0.172,5.82,1.12,0.59,0.46,23.46,18.6,65.0,1009.6,0.0,springwood,2025,4,0,97,3384,1,0,0,1,,1,policy
2025-04-08,18.35,21.0,23,4.7,0.184,5.25,1.18,-0.24,0.25,22.46,18.3,64.0,1012.0,0.0,springwood,2025,4,1,98,3385,1,0,0,1,,1,policy
2025-04-09,15.48,22.67,23,5.52,0.1,4.06,1.64,-0.33,1.06,21.83,18.7,70.5,1012.5,0.0,springwood,2025,4,2,99,3386,1,0,0,1,,1,policy
2025-04-10,13.09,18.33,23,4.83,0.109,3.33,1.62,-0.28,0.99,22.18,18.0,70.8,1011.5,0.0,springwood,2025,4,3,100,3387,1,0,0,1,,1,policy
2025-04-11,13.22,18.0,23,3.83,0.123,3.88,1.49,-0.35,0.96,22.92,19.0,72.7,1012.8,0.0,springwood,2025,4,4,101,3388,1,0,0,1,,1,policy
2025-04-12,11.35,11.67,23,3.96,0.105,4.9,1.4,-0.12,0.83,21.18,19.8,84.2,1015.2,14.0,springwood,2025,4,5,102,3389,1,1,0,1,,1,policy
2025-04-13,9.13,11.0,23,2.09,0.07,5.0,2.01,-0.51,1.43,21.85,18.8,72.8,1015.1,1.8,springwood,2025,4,6,103,3390,1,1,0,1,,1,policy
2025-04-14,15.04,18.33,23,4.43,0.114,3.65,1.78,-0.16,1.41,20.5,18.1,81.3,1012.5,1.2,springwood,2025,4,0,104,3391,1,0,0,1,,1,policy
2025-04-15,14.3,20.33,23,4.96,0.113,3.6,2.02,0.15,1.71,21.32,18.2,71.6,1010.2,0.4,springwood,2025,4,1,105,3392,1,0,0,1,,1,policy
2025-04-16,15.83,19.33,23,5.57,0.22,3.92,1.84,0.82,1.51,21.47,18.2,63.7,1006.0,0.0,springwood,2025,4,2,106,3393,1,0,0,1,,1,policy
2025-04-17,14.45,16.0,22,5.87,0.126,4.73,1.5,0.67,0.74,21.9,16.7,63.5,1003.0,0.0,springwood,2025,4,3,107,3394,1,0,0,1,,1,policy
2025-04-18,10.0,9.67,23,2.91,0.117,5.9,1.05,0.23,0.32,22.52,18.6,65.4,1003.9,0.0,springwood,2025,4,4,108,3395,1,0,1,1,,1,policy
2025-04-19,10.3,10.0,23,4.0,0.126,7.67,1.06,-0.01,-0.24,22.87,18.2,72.6,1005.4,0.0,springwood,2025,4,5,109,3396,1,1,1,1,,1,policy
2025-04-20,8.09,7.67,23,3.57,0.108,8.0,1.12,-0.12,-0.38,23.62,19.3,74.7,1006.6,0.0,springwood,2025,4,6,110,3397,1,1,1,1,,1,policy
2025-04-21,8.65,7.33,23,3.43,0.1,6.38,1.01,-0.25,-0.23,22.72,19.3,79.6,1005.2,8.6,springwood,2025,4,0,111,3398,1,0,1,1,,1,policy
2025-04-22,16.61,18.33,23,6.26,0.159,4.74,1.34,0.72,0.84,21.67,17.8,66.5,1003.6,0.0,springwood,2025,4,1,112,3399,1,0,0,0,,1,policy
2025-04-23,15.96,18.67,23,9.13,0.136,3.87,1.52,0.56,1.16,20.4,15.7,71.5,1005.8,0.0,springwood,2025,4,2,113,3400,1,0,0,0,,1,policy
2025-04-24,15.22,19.67,23,3.91,0.138,5.16,1.79,-0.16,1.36,20.2,18.3,83.4,1007.3,14.5,springwood,2025,4,3,114,3401,1,0,0,0,,1,policy
2025-04-25,9.52,11.0,23,2.52,0.079,2.93,1.64,0.45,1.26,19.94,18.5,85.5,1005.8,11.1,springwood,2025,4,4,115,3402,1,0,1,0,,1,policy
2025-04-26,9.78,6.33,23,2.0,0.111,3.26,1.25,0.43,0.32,22.32,18.4,80.9,1003.5,0.0,springwood,2025,4,5,116,3403,1,1,0,0,,1,policy
2025-04-27,10.91,8.33,23,5.83,0.128,4.07,1.41,1.28,0.3,23.67,20.0,65.3,1001.2,0.0,springwood,2025,4,6,117,3404,1,1,0,0,,1,policy
2025-04-28,16.04,16.0,23,5.17,0.127,3.52,1.92,1.58,0.44,22.21,19.2,64.4,1001.9,0.0,springwood,2025,4,0,118,3405,1,0,0,0,,1,policy
2025-04-29,15.09,17.33,23,6.95,0.127,4.76,1.08,0.0,0.19,22.02,17.4,70.2,1006.1,0.0,springwood,2025,4,1,119,3406,1,0,0,0,,1,policy
2025-04-30,14.74,19.33,23,5.83,0.121,5.75,1.32,0.26,0.56,22.61,19.2,68.5,1008.2,0.9,springwood,2025,4,2,120,3407,1,0,0,0,,1,policy
2025-05-01,17.09,21.33,23,9.29,0.159,3.88,1.61,0.85,1.31,19.99,16.8,66.3,1012.1,0.0,springwood,2025,5,3,121,3408,1,0,0,0,,1,policy
2025-05-02,14.74,19.67,23,5.74,0.122,3.91,2.49,-0.14,2.05,18.88,15.4,65.1,1016.6,0.0,springwood,2025,5,4,122,3409,1,0,0,0,,1,policy
2025-05-03,10.35,10.67,23,3.26,0.11,4.15,2.01,-0.05,1.58,18.85,15.7,74.3,1019.3,7.1,springwood,2025,5,5,123,3410,1,1,0,0,,1,policy
2025-05-04,9.09,7.67,23,3.0,0.101,4.45,1.7,-0.22,1.14,19.44,16.0,78.0,1019.2,0.3,springwood,2025,5,6,124,3411,1,1,0,0,,1,policy
2025-05-05,9.48,7.67,23,3.17,0.104,4.86,1.51,-0.0,0.99,19.72,16.4,73.7,1016.4,0.0,springwood,2025,5,0,125,3412,1,0,1,0,,1,policy
2025-05-06,15.17,15.67,23,5.0,0.149,5.12,1.46,-0.19,0.96,20.41,16.4,72.6,1013.6,0.0,springwood,2025,5,1,126,3413,1,0,0,0,,1,policy
2025-05-07,15.43,16.67,23,7.17,0.169,4.29,1.18,0.25,0.6,20.4,16.0,72.3,1011.5,0.0,springwood,2025,5,2,127,3414,1,0,0,0,,1,policy
2025-05-08,18.35,21.33,23,8.26,0.171,5.06,1.71,0.14,1.32,20.69,15.5,65.3,1011.8,0.0,springwood,2025,5,3,128,3415,1,0,0,0,,1,policy
2025-05-09,15.0,22.33,23,2.74,0.119,4.5,2.68,-0.54,2.38,19.47,16.6,73.6,1016.1,0.4,springwood,2025,5,4,129,3416,1,0,0,0,,1,policy
2025-05-10,11.04,13.33,23,3.61,0.089,3.39,1.86,-0.03,1.43,17.87,15.9,80.8,1015.8,1.6,springwood,2025,5,5,130,3417,1,1,0,0,,1,policy
2025-05-11,10.74,10.33,23,3.74,0.098,4.1,1.73,0.14,1.41,18.38,16.1,84.2,1014.2,0.6,springwood,2025,5,6,131,3418,1,1,0,0,,1,policy
2025-05-12,15.87,19.33,23,8.09,0.161,3.61,1.63,0.19,1.32,19.01,16.5,86.3,1013.1,3.3,springwood,2025,5,0,132,3419,1,0,0,0,,1,policy
2025-05-13,13.52,18.33,23,5.65,0.13,3.7,1.61,-0.0,1.12,20.22,17.1,80.2,1012.2,0.1,springwood,2025,5,1,133,3420,1,0,0,0,,1,policy
2025-05-14,15.64,20.67,22,7.09,0.178,4.2,1.92,0.17,1.57,20.08,17.8,75.9,1009.9,0.8,springwood,2025,5,2,134,3421,1,0,0,0,,1,policy
2025-05-15,15.13,18.0,23,9.04,0.222,2.9,1.52,1.24,0.83,19.68,17.4,77.3,1007.7,2.1,springwood,2025,5,3,135,3422,1,0,0,0,,1,policy
2025-05-16,15.52,15.67,23,8.91,0.231,4.29,0.98,0.26,0.42,19.95,16.0,81.3,1007.0,0.0,springwood,2025,5,4,136,3423,1,0,0,0,,1,policy
2025-05-17,15.26,15.0,23,4.87,0.236,4.88,1.07,0.76,0.52,20.78,18.2,81.9,1005.0,1.0,springwood,2025,5,5,137,3424,1,1,0,0,,1,policy
2025-05-18,11.57,6.67,23,4.43,0.154,4.58,1.29,0.22,0.89,19.9,15.9,73.9,1007.3,0.0,springwood,2025,5,6,138,3425,1,1,0,0,,1,policy
2025-05-19,14.74,18.67,23,7.26,0.177,3.67,1.97,1.16,1.51,18.84,16.4,66.1,1009.7,0.0,springwood,2025,5,0,139,3426,1,0,0,0,,1,policy
2025-05-20,16.0,18.0,23,6.78,0.174,3.5,1.53,0.88,1.01,19.38,15.2,69.5,1010.7,0.0,springwood,2025,5,1,140,3427,1,0,0,0,,1,policy
2025-05-21,19.3,16.33,23,7.48,0.227,4.5,1.12,0.67,0.38,20.21,15.5,76.7,1008.9,0.0,springwood,2025,5,2,141,3428,1,0,0,0,,1,policy
2025-05-22,19.91,18.0,23,13.35,0.243,5.15,1.33,1.14,0.36,20.47,15.8,65.0,1004.7,0.0,springwood,2025,5,3,142,3429,1,0,0,0,,1,policy
2025-05-23,20.65,24.0,23,10.04,0.229,6.07,1.58,1.37,0.33,20.22,15.4,58.3,1005.0,0.0,springwood,2025,5,4,143,3430,1,0,0,0,,1,policy
2025-05-24,18.09,19.67,23,6.57,0.225,6.0,0.97,0.37,0.12,20.6,16.5,63.4,1008.5,0.0,springwood,2025,5,5,144,3431,1,1,0,0,,1,policy
2025-05-25,14.35,10.0,23,6.13,0.213,9.26,0.96,0.08,-0.0,20.9,15.7,71.5,1010.3,0.0,springwood,2025,5,6,145,3432,1,1,0,0,,1,policy
2025-05-26,18.13,21.67,23,7.9,0.217,10.55,1.22,-0.19,-0.29,21.68,17.7,74.9,1009.9,0.0,springwood,2025,5,0,146,3433,1,0,0,0,,1,policy
2025-05-27,11.48,19.33,23,7.04,0.128,6.41,2.21,1.84,0.36,22.29,17.7,66.4,1005.7,0.0,springwood,2025,5,1,147,3434,1,0,0,0,,1,policy
2025-05-28,13.96,21.67,23,10.57,0.13,3.99,2.31,2.1,0.73,18.42,15.1,44.4,1007.1,0.0,springwood,2025,5,2,148,3435,1,0,0,0,,1,policy
2025-05-29,19.3,24.0,23,12.04,0.222,4.37,1.25,0.86,0.82,18.23,15.8,59.5,1008.8,0.0,springwood,2025,5,3,149,3436,1,0,0,0,,1,policy
2025-05-30,14.91,18.0,23,12.22,0.19,4.82,1.52,1.06,1.07,16.77,16.2,80.5,1011.5,0.3,springwood,2025,5,4,150,3437,1,0,0,0,,1,policy
2025-05-31,13.7,12.67,23,4.83,0.138,4.1,1.76,0.16,1.5,17.21,16.4,87.1,1013.5,23.3,springwood,2025,5,5,151,3438,1,1,0,0,,1,policy
2025-06-01,9.7,6.0,23,4.78,0.111,3.46,2.11,0.59,1.59,18.72,16.5,77.0,1012.6,0.0,springwood,2025,6,6,152,3439,1,1,0,0,,1,policy
2025-06-02,14.91,20.0,23,8.43,0.143,3.45,1.55,0.49,1.08,19.03,16.0,81.2,1007.1,0.0,springwood,2025,6,0,153,3440,1,0,0,0,,1,policy
2025-06-03,12.65,22.67,23,9.09,0.122,2.87,2.1,2.0,0.39,19.84,17.0,66.7,1000.2,1.4,springwood,2025,6,1,154,3441,1,0,0,0,,1,policy
2025-06-04,10.52,14.67,23,9.52,0.115,3.38,2.78,2.42,1.3,17.39,13.8,58.9,1003.0,0.0,springwood,2025,6,2,155,3442,1,0,0,0,,1,policy
2025-06-05,17.17,19.67,23,11.96,0.204,3.94,1.89,1.24,1.33,15.85,11.8,60.8,1010.1,0.0,springwood,2025,6,3,156,3443,1,0,0,0,,1,policy
2025-06-06,20.04,17.67,23,12.04,0.249,5.78,1.2,0.74,0.48,16.69,11.1,70.3,1011.6,0.0,springwood,2025,6,4,157,3444,1,0,0,0,,1,policy
2025-06-07,21.39,15.67,23,11.0,0.323,8.52,1.08,0.89,0.03,18.82,13.6,64.6,1006.5,0.0,springwood,2025,6,5,158,3445,1,1,0,0,,1,policy
2025-06-08,15.35,15.67,23,6.39,0.166,4.1,1.32,1.18,-0.24,18.42,14.2,48.6,1002.5,0.0,springwood,2025,6,6,159,3446,1,1,0,0,,1,policy
2025-06-09,13.87,22.0,23,9.0,0.13,3.29,1.94,1.86,0.18,15.45,12.8,54.1,1002.0,0.0,springwood,2025,6,0,160,3447,1,0,0,0,,1,policy
2025-06-10,11.7,18.67,23,9.61,0.102,2.29,2.32,2.23,0.35,14.85,11.6,46.9,1003.7,0.0,springwood,2025,6,1,161,3448,1,0,0,0,,1,policy
2025-06-11,16.59,23.67,22,12.09,0.154,2.7,1.99,1.79,0.67,14.49,10.7,48.0,1006.3,0.0,springwood,2025,6,2,162,3449,1,0,0,0,,1,policy
2025-06-12,19.96,26.0,23,14.17,0.197,3.91,1.37,1.07,0.77,12.88,7.9,58.2,1009.9,0.0,springwood,2025,6,3,163,3450,1,0,0,0,,1,policy
2025-06-13,19.52,26.67,23,13.74,0.219,4.6,1.4,1.06,0.79,12.38,7.0,57.7,1010.8,0.0,springwood,2025,6,4,164,3451,1,0,0,0,,1,policy
2025-06-14,18.96,16.33,23,9.39,0.265,9.22,1.28,0.91,0.74,13.45,8.3,59.8,1011.1,0.0,springwood,2025,6,5,165,3452,1,1,0,0,,1,policy
2025-06-15,16.78,8.33,23,7.43,0.316,10.1,1.27,0.9,0.83,14.69,9.0,67.8,1012.7,0.0,springwood,2025,6,6,166,3453,1,1,0,0,,1,policy
2025-06-16,23.65,19.33,23,12.78,0.279,8.88,1.06,0.59,0.46,15.28,9.6,66.4,1013.9,0.0,springwood,2025,6,0,167,3454,1,0,0,0,,1,policy
2025-06-17,21.7,22.33,23,20.65,0.26,10.16,1.1,0.79,0.76,14.82,12.0,70.8,1013.9,0.0,springwood,2025,6,1,168,3455,1,0,0,0,,1,policy
2025-06-18,19.87,18.67,23,13.91,0.188,7.41,1.32,0.7,1.0,16.12,13.3,65.8,1013.8,0.0,springwood,2025,6,2,169,3456,1,0,0,0,,1,policy
2025-06-19,17.78,22.67,23,11.13,0.137,5.88,1.61,0.8,1.26,16.49,11.8,67.2,1015.2,0.0,springwood,2025,6,3,170,3457,1,0,0,0,,1,policy
2025-06-20,21.22,20.33,23,11.09,0.174,6.33,1.45,0.41,1.1,16.73,12.7,68.0,1017.4,0.0,springwood,2025,6,4,171,3458,1,0,0,0,,1,policy
2025-06-21,13.48,12.67,23,6.83,0.131,5.21,1.4,0.18,1.1,16.08,13.5,81.3,1019.1,0.0,springwood,2025,6,5,172,3459,1,1,0,0,,1,policy
2025-06-22,12.0,10.33,23,4.26,0.095,4.49,1.38,0.16,0.88,17.38,14.1,80.9,1018.6,0.2,springwood,2025,6,6,173,3460,1,1,0,0,,1,policy
2025-06-23,21.0,22.67,23,8.87,0.174,5.75,0.95,0.35,0.12,17.97,15.2,83.6,1015.3,0.0,springwood,2025,6,0,174,3461,1,0,0,0,,1,policy
2025-06-24,17.0,17.67,22,10.13,0.124,6.77,0.96,0.23,-0.03,18.77,15.4,82.6,1010.0,0.5,springwood,2025,6,1,175,3462,1,0,0,0,,1,policy
2025-06-25,13.3,17.0,23,7.74,0.067,4.1,1.99,1.85,-0.03,18.96,16.5,55.7,1007.2,0.0,springwood,2025,6,2,176,3463,1,0,0,0,,1,policy
2025-06-26,21.39,30.33,23,8.7,0.188,5.05,1.15,0.48,0.85,14.96,10.5,53.8,1013.5,0.0,springwood,2025,6,3,177,3464,1,0,0,0,,1,policy
2025-06-27,19.35,24.33,23,11.96,0.131,5.28,1.44,0.31,1.14,15.08,9.8,61.0,1017.0,0.0,springwood,2025,6,4,178,3465,1,0,0,0,,1,policy
2025-06-28,13.09,13.0,23,7.09,0.098,4.39,1.61,0.43,1.27,16.58,14.2,72.3,1016.1,0.0,springwood,2025,6,5,179,3466,1,1,0,1,,1,policy
2025-06-29,10.61,6.0,23,4.57,0.087,3.88,1.48,0.72,1.12,15.63,13.5,81.6,1014.7,2.1,springwood,2025,6,6,180,3467,1,1,0,1,,1,policy
2025-06-30,12.57,18.67,23,9.95,0.09,3.09,1.89,1.47,1.15,15.38,14.5,86.8,1009.7,3.4,springwood,2025,6,0,181,3468,1,0,0,1,,1,policy
2025-07-01,11.0,15.0,23,6.64,0.021,3.03,2.72,2.53,0.62,15.84,13.4,60.4,1003.6,0.0,springwood,2025,7,1,182,3469,1,0,0,1,,1,policy
2025-07-02,8.09,13.67,23,4.04,0.062,2.84,4.19,4.11,0.71,14.83,11.1,50.3,999.8,0.0,springwood,2025,7,2,183,3470,1,0,0,1,,1,policy
2025-07-03,11.22,17.67,23,5.52,0.128,2.29,2.92,2.78,0.64,15.93,12.9,43.6,1003.8,0.0,springwood,2025,7,3,184,3471,1,0,0,1,,1,policy
2025-07-04,22.09,26.0,23,8.35,0.317,5.81,1.51,1.15,0.57,15.51,11.7,56.1,1011.1,0.0,springwood,2025,7,4,185,3472,1,0,0,1,,1,policy
2025-07-05,19.35,17.67,23,7.96,0.32,11.12,1.22,0.26,0.2,15.33,8.9,71.6,1015.0,0.0,springwood,2025,7,5,186,3473,1,1,0,1,,1,policy
2025-07-06,13.13,13.0,23,5.96,0.187,9.84,1.06,-0.03,-0.19,18.36,14.9,76.6,1011.8,0.0,springwood,2025,7,6,187,3474,1,1,0,1,,1,policy
2025-07-07,19.13,20.67,23,10.96,0.22,5.57,1.45,1.28,0.41,17.78,13.1,64.2,1009.2,0.9,springwood,2025,7,0,188,3475,1,0,0,1,,1,policy
2025-07-08,22.09,18.33,23,11.09,0.247,4.8,1.15,0.62,0.34,15.29,8.7,62.6,1007.2,0.0,springwood,2025,7,1,189,3476,1,0,0,1,,1,policy
2025-07-09,23.7,21.67,23,15.48,0.293,9.82,0.8,0.11,-0.17,16.79,11.1,73.2,1004.5,0.0,springwood,2025,7,2,190,3477,1,0,0,1,,1,policy
2025-07-10,15.96,25.67,23,9.61,0.214,7.87,2.02,1.76,0.41,18.85,15.0,55.9,1004.1,0.1,springwood,2025,7,3,191,3478,1,0,0,1,,1,policy
2025-07-11,18.14,19.33,21,10.96,0.18,3.59,2.15,1.79,1.07,15.86,11.8,43.6,1011.5,0.0,springwood,2025,7,4,192,3479,1,0,0,1,,1,policy
2025-07-12,19.83,20.33,23,5.35,0.29,8.15,1.11,0.65,0.54,14.86,10.3,56.0,1014.4,0.0,springwood,2025,7,5,193,3480,1,1,0,1,,1,policy
2025-07-13,20.13,11.67,23,6.04,0.253,9.81,1.24,0.65,0.66,14.5,8.0,66.5,1012.4,0.0,springwood,2025,7,6,194,3481,1,1,0,1,,1,policy
2025-07-14,26.04,32.67,23,11.35,0.307,7.21,1.21,0.93,0.2,15.43,8.9,59.8,1006.8,0.0,springwood,2025,7,0,195,3482,1,0,0,0,,1,policy
2025-07-15,31.35,23.0,23,17.78,0.457,11.86,0.89,0.46,0.31,14.5,8.6,60.9,1005.9,0.0,springwood,2025,7,1,196,3483,1,0,0,0,,1,policy
2025-07-16,21.91,23.33,23,10.13,0.273,12.19,1.07,0.22,0.48,16.15,10.4,67.1,1007.9,0.0,springwood,2025,7,2,197,3484,1,0,0,0,,1,policy
2025-07-17,26.52,28.0,23,8.52,0.301,13.94,1.11,0.11,0.0,16.96,11.8,73.6,1008.4,0.0,springwood,2025,7,3,198,3485,1,0,0,0,,1,policy
2025-07-18,22.87,24.0,23,11.35,0.253,11.51,0.95,0.48,0.6,16.59,14.1,82.6,1004.2,6.9,springwood,2025,7,4,199,3486,1,0,0,0,,1,policy
2025-07-19,15.57,14.67,23,7.7,0.197,5.68,1.79,1.18,1.28,15.7,11.8,68.5,1005.3,0.0,springwood,2025,7,5,200,3487,1,1,0,0,,1,policy
2025-07-20,14.83,9.33,23,7.39,0.173,5.37,1.53,0.94,1.13,15.89,10.9,69.8,1008.2,0.0,springwood,2025,7,6,201,3488,1,1,0,0,,1,policy
2025-07-21,17.96,27.67,23,6.39,0.12,4.54,1.7,-0.18,1.29,17.24,14.4,71.6,1011.1,0.0,springwood,2025,7,0,202,3489,1,0,0,0,,1,policy
2025-07-22,21.83,22.0,23,7.48,0.208,5.42,1.27,0.21,0.08,16.94,12.9,79.9,1009.9,0.1,springwood,2025,7,1,203,3490,1,0,0,0,,1,policy
2025-07-23,21.26,26.0,23,10.13,0.196,6.62,1.08,0.18,0.3,16.95,14.4,81.8,1007.0,35.0,springwood,2025,7,2,204,3491,1,0,0,0,,1,policy
2025-07-24,21.74,26.0,23,7.26,0.312,5.44,1.45,0.85,0.86,14.8,10.5,62.2,1010.3,0.1,springwood,2025,7,3,205,3492,1,0,0,0,,1,policy
2025-07-25,21.35,22.67,23,9.17,0.302,7.9,1.4,0.26,0.43,13.65,7.5,69.5,1013.2,0.0,springwood,2025,7,4,206,3493,1,0,0,0,,1,policy
2025-07-26,17.78,18.33,23,9.17,0.207,8.98,1.13,0.37,0.01,15.87,12.1,79.4,1007.3,12.9,springwood,2025,7,5,207,3494,1,1,0,0,,1,policy
2025-07-27,9.87,7.0,23,3.52,0.097,3.05,1.95,1.82,0.25,17.65,15.5,59.1,1003.4,0.0,springwood,2025,7,6,208,3495,1,1,0,0,,1,policy
2025-07-28,13.39,23.33,23,6.87,0.099,2.31,3.02,2.78,0.95,16.12,13.9,50.8,1005.3,0.0,springwood,2025,7,0,209,3496,1,0,0,0,,1,policy
2025-07-29,22.91,33.33,23,10.76,0.197,3.39,1.18,0.57,0.34,15.99,10.1,56.2,1007.3,0.0,springwood,2025,7,1,210,3497,1,0,0,0,,1,policy
2025-07-30,21.22,26.67,23,13.22,0.219,5.6,1.45,1.14,0.15,18.81,13.6,52.6,1003.7,0.0,springwood,2025,7,2,211,3498,1,0,0,0,,1,policy
2025-07-31,11.74,15.67,23,7.22,0.107,2.82,2.35,2.12,0.83,14.96,12.4,54.4,1006.8,0.0,springwood,2025,7,3,212,3499,1,0,0,0,,1,policy
2025-08-01,19.65,21.33,23,9.83,0.177,4.58,1.44,0.85,0.89,15.2,12.8,70.8,1008.5,3.2,springwood,2025,8,4,213,3500,1,0,0,0,,1,policy
2025-08-02,13.04,16.33,23,4.22,0.131,3.64,1.87,1.75,0.48,14.22,11.4,63.0,1003.7,0.0,springwood,2025,8,5,214,3501,1,1,0,0,,1,policy
2025-08-03,7.87,6.67,23,2.43,0.087,3.14,2.9,2.21,1.66,14.67,8.8,64.5,1001.2,0.0,springwood,2025,8,6,215,3502,1,1,0,0,,1,policy
2025-08-04,20.3,30.67,23,7.13,0.163,4.71,1.79,0.73,1.56,19.05,15.6,64.9,1007.5,0.0,springwood,2025,8,0,216,3503,1,0,0,0,,1,policy
2025-08-05,22.83,21.67,23,8.65,0.227,6.0,1.29,0.83,0.71,18.0,12.3,67.5,1008.7,0.0,springwood,2025,8,1,217,3504,1,0,0,0,,1,policy
2025-08-06,23.78,27.33,23,8.39,0.265,6.59,1.08,0.37,0.57,17.69,12.1,66.7,1010.1,0.0,springwood,2025,8,2,218,3505,1,0,0,0,,1,policy
2025-08-07,21.0,23.67,23,7.43,0.171,7.23,2.05,-0.59,1.44,17.15,12.2,61.7,1013.7,0.0,springwood,2025,8,3,219,3506,1,0,0,0,,1,policy
2025-08-08,20.87,28.0,23,6.61,0.156,6.3,1.79,-0.39,1.4,16.5,14.5,73.7,1016.5,1.1,springwood,2025,8,4,220,3507,1,0,0,0,,1,policy
2025-08-09,15.61,17.67,23,3.3,0.128,4.48,2.06,-0.29,1.69,15.95,13.5,79.2,1014.6,8.3,springwood,2025,8,5,221,3508,1,1,0,0,,1,policy
2025-08-10,11.26,8.0,23,2.52,0.086,3.08,2.32,-0.2,1.84,15.98,12.6,73.0,1013.1,0.0,springwood,2025,8,6,222,3509,1,1,0,0,,1,policy
2025-08-11,16.74,20.33,23,5.74,0.132,3.7,1.69,0.21,1.27,15.66,11.5,68.5,1014.0,0.0,springwood,2025,8,0,223,3510,1,0,0,0,,1,policy
2025-08-12,18.73,22.33,22,6.78,0.198,4.66,1.22,0.11,0.42,15.52,10.8,71.9,1014.8,0.0,springwood,2025,8,1,224,3511,1,0,0,0,,1,policy
2025-08-13,17.26,21.0,23,8.48,0.16,5.41,1.21,0.2,0.41,15.42,11.5,75.2,1014.7,2.8,springwood,2025,8,2,225,3512,1,0,1,0,,1,policy
2025-08-14,20.04,19.67,23,10.96,0.172,6.1,1.4,0.08,1.02,14.76,10.8,74.0,1012.5,0.1,springwood,2025,8,3,226,3513,1,0,0,0,,1,policy
2025-08-15,17.74,21.67,23,5.39,0.158,4.47,1.5,0.39,0.9,16.18,11.4,68.9,1009.5,0.0,springwood,2025,8,4,227,3514,1,0,0,0,,1,policy
2025-08-16,22.57,13.33,23,8.57,0.354,9.41,1.28,1.07,0.39,17.0,10.9,64.5,1007.0,0.0,springwood,2025,8,5,228,3515,1,1,0,0,,1,policy
2025-08-17,13.3,15.33,23,6.96,0.148,6.53,1.62,1.31,0.75,15.91,11.1,47.8,1008.3,0.0,springwood,2025,8,6,229,3516,1,1,0,0,,1,policy
2025-08-18,17.57,23.0,23,6.96,0.131,5.25,1.51,0.28,0.78,14.7,8.9,55.3,1013.0,0.0,springwood,2025,8,0,230,3517,1,0,0,0,,1,policy
2025-08-19,21.48,29.0,23,9.48,0.157,8.57,1.59,0.16,1.28,14.39,12.0,71.4,1017.2,0.0,springwood,2025,8,1,231,3518,1,0,0,0,,1,policy
2025-08-20,20.52,27.0,23,5.43,0.166,5.42,0.91,0.04,0.44,15.21,12.5,83.2,1016.2,1.4,springwood,2025,8,2,232,3519,1,0,0,0,,1,policy
2025-08-21,20.96,27.0,23,0.96,0.147,5.5,0.79,-0.14,0.01,16.92,13.9,84.1,1014.2,0.3,springwood,2025,8,3,233,3520,1,0,0,0,,1,policy
2025-08-22,21.7,21.33,23,8.13,0.207,8.15,1.15,0.51,0.45,18.65,15.4,76.6,1011.3,0.0,springwood,2025,8,4,234,3521,1,0,0,0,,1,policy
2025-08-23,17.39,13.67,23,6.22,0.214,6.41,1.64,1.0,0.8,18.2,12.1,63.6,1008.5,0.0,springwood,2025,8,5,235,3522,1,1,0,0,,1,policy
2025-08-24,12.48,7.67,23,3.0,0.13,7.03,1.52,0.58,0.75,18.18,13.6,64.2,1009.1,0.0,springwood,2025,8,6,236,3523,1,1,0,0,,1,policy
2025-08-25,17.87,20.67,23,7.17,0.126,5.63,1.8,0.92,1.47,18.45,12.5,61.0,1007.8,0.0,springwood,2025,8,0,237,3524,1,0,0,0,,1,policy
2025-08-26,16.74,19.67,23,5.65,0.14,7.46,1.36,-0.18,0.21,19.05,15.5,70.2,1007.8,0.0,springwood,2025,8,1,238,3525,1,0,0,0,,1,policy
2025-08-27,18.48,25.0,23,7.35,0.176,11.51,1.08,0.06,-0.37,19.65,12.9,74.0,1002.1,0.0,springwood,2025,8,2,239,3526,1,0,0,0,,1,policy
2025-08-28,20.26,22.33,23,8.7,0.163,11.32,1.83,1.48,0.79,21.19,17.0,49.6,1001.8,0.0,springwood,2025,8,3,240,3527,1,0,0,0,,1,policy
2025-08-29,21.74,23.0,23,10.74,0.206,9.33,1.94,1.71,0.61,18.71,11.3,39.2,1004.6,0.0,springwood,2025,8,4,241,3528,1,0,0,0,,1,policy
2025-08-30,10.83,13.0,23,5.22,0.129,4.93,3.07,2.62,1.42,16.59,12.3,36.8,1007.2,0.0,springwood,2025,8,5,242,3529,1,1,0,0,,1,policy
2025-08-31,8.13,8.33,23,2.26,0.063,4.79,1.48,0.21,0.62,15.95,10.2,52.3,1014.8,0.0,springwood,2025,8,6,243,3530,1,1,0,0,,1,policy
2025-09-01,19.0,27.33,23,7.04,0.157,9.39,1.38,0.45,1.16,16.42,13.6,70.8,1013.4,0.0,springwood,2025,9,0,244,3531,1,0,0,0,,1,policy
2025-09-02,16.04,19.33,23,5.57,0.117,4.5,1.25,-0.07,0.62,17.55,13.2,71.6,1012.6,0.0,springwood,2025,9,1,245,3532,1,0,0,0,,1,policy
2025-09-03,18.87,21.33,23,6.04,0.198,6.45,1.19,0.12,0.12,18.58,13.8,70.1,1012.9,0.0,springwood,2025,9,2,246,3533,1,0,0,0,,1,policy
2025-09-04,18.52,22.33,23,6.17,0.13,6.23,1.25,-0.09,-0.3,19.48,14.8,70.4,1012.6,0.0,springwood,2025,9,3,247,3534,1,0,0,0,,1,policy
2025-09-05,19.39,23.67,23,6.22,0.134,9.3,1.92,-0.37,1.33,20.6,16.9,63.3,1014.2,0.0,springwood,2025,9,4,248,3535,1,0,0,0,,1,policy
2025-09-06,11.0,14.33,23,2.17,0.056,8.7,1.93,-0.89,1.14,18.34,15.5,61.8,1019.5,0.1,springwood,2025,9,5,249,3536,1,1,0,0,,1,policy
2025-09-07,10.26,8.67,23,1.52,0.073,6.34,1.42,-0.35,-0.1,17.55,12.3,63.8,1018.9,0.0,springwood,2025,9,6,250,3537,1,1,0,0,,1,policy
2025-09-08,14.18,24.0,22,6.26,0.112,7.11,1.48,-0.31,-0.6,17.95,12.1,67.5,1015.1,0.0,springwood,2025,9,0,251,3538,1,0,0,0,,1,policy
2025-09-09,14.48,23.0,23,6.78,0.096,6.88,1.2,-0.32,-0.52,20.4,14.4,68.6,1009.8,0.0,springwood,2025,9,1,252,3539,1,0,0,0,,1,policy
2025-09-10,16.48,25.67,23,5.0,0.129,11.95,1.21,-0.34,-0.82,22.41,19.1,68.8,1002.2,0.9,springwood,2025,9,2,253,3540,1,0,0,0,,1,policy
2025-09-11,8.13,9.33,23,4.57,0.073,2.6,4.37,3.82,1.99,18.42,14.6,46.3,1003.4,0.0,springwood,2025,9,3,254,3541,1,0,0,0,,1,policy
2025-09-12,15.35,20.0,23,5.57,0.122,3.71,1.42,-0.23,0.68,16.98,11.5,62.1,1012.1,0.0,springwood,2025,9,4,255,3542,1,0,0,0,,1,policy
2025-09-13,14.3,13.0,23,4.43,0.16,8.82,1.35,-0.15,0.29,17.51,13.8,73.0,1016.5,0.0,springwood,2025,9,5,256,3543,1,1,0,0,,1,policy
2025-09-14,11.3,11.0,23,2.22,0.11,5.87,1.33,-0.26,-0.11,18.29,13.3,69.4,1016.6,0.0,springwood,2025,9,6,257,3544,1,1,0,0,,1,policy
2025-09-15,15.74,19.67,23,5.04,0.13,5.61,1.3,-0.18,-0.4,18.77,13.4,66.9,1015.2,0.0,springwood,2025,9,0,258,3545,1,0,0,0,,1,policy
2025-09-16,11.65,21.0,23,6.39,0.082,5.47,1.78,-0.55,-0.64,19.12,13.1,69.8,1013.1,0.0,springwood,2025,9,1,259,3546,1,0,0,0,,1,policy
2025-09-17,12.52,24.0,23,3.48,0.084,7.16,1.35,-0.68,-1.03,22.64,19.7,72.6,1010.6,0.0,springwood,2025,9,2,260,3547,1,0,0,0,,1,policy
2025-09-18,12.35,19.0,23,4.22,0.108,12.15,1.4,-0.83,-0.02,22.6,18.8,75.0,1012.1,0.0,springwood,2025,9,3,261,3548,1,0,0,0,,1,policy
2025-09-19,11.52,22.33,23,4.39,0.089,9.95,1.64,-0.85,-1.02,22.43,19.4,75.6,1010.7,0.0,springwood,2025,9,4,262,3549,1,0,0,0,,1,policy
2025-09-20,15.26,9.67,23,4.74,0.159,6.14,1.33,0.82,-0.26,21.83,19.6,66.6,1005.2,0.0,springwood,2025,9,5,263,3550,1,1,0,1,,1,policy
2025-09-21,12.52,10.67,23,2.61,0.132,6.21,1.22,0.05,0.22,20.79,15.9,64.8,1007.5,0.0,springwood,2025,9,6,264,3551,1,1,0,1,,1,policy
2025-09-22,16.52,20.33,23,5.74,0.137,7.91,1.53,0.46,0.68,21.83,16.0,60.7,1008.2,0.0,springwood,2025,9,0,265,3552,1,0,0,1,,1,policy
2025-09-23,15.48,21.0,23,5.26,0.113,6.89,2.0,-0.18,1.48,19.29,16.0,58.2,1010.7,0.0,springwood,2025,9,1,266,3553,1,0,0,1,,1,policy
2025-09-24,14.83,20.0,23,5.17,0.136,7.77,1.41,0.23,0.24,18.52,12.8,55.1,1010.8,0.0,springwood,2025,9,2,267,3554,1,0,0,1,,1,policy
2025-09-25,21.43,28.67,23,9.3,0.195,11.28,1.21,0.17,0.39,20.12,12.9,54.0,1008.7,0.0,springwood,2025,9,3,268,3555,1,0,0,1,,1,policy
2025-09-26,18.22,27.33,23,8.35,0.171,12.8,1.67,-0.52,-0.65,20.42,13.8,56.2,1010.8,0.0,springwood,2025,9,4,269,3556,1,0,0,1,,1,policy
2025-09-27,8.65,15.0,23,1.96,0.097,7.16,1.66,-0.72,-1.25,21.06,16.2,64.4,1011.2,0.0,springwood,2025,9,5,270,3557,1,1,0,1,,1,policy
2025-09-28,6.48,8.67,23,2.48,0.07,5.4,1.46,-0.58,-0.85,21.52,15.9,67.7,1008.8,0.0,springwood,2025,9,6,271,3558,1,1,0,1,,1,policy
2025-09-29,11.22,15.0,23,3.74,0.079,5.52,1.58,-0.33,-0.64,22.48,17.2,72.1,1006.8,0.0,springwood,2025,9,0,272,3559,1,0,0,1,,1,policy
2025-09-30,10.83,23.0,23,2.0,0.093,5.75,1.71,-0.75,-1.08,22.92,19.6,70.3,1006.4,0.0,springwood,2025,9,1,273,3560,1,0,0,1,,1,policy
2025-10-01,10.26,17.33,23,3.35,0.095,4.6,1.47,-0.59,-1.14,23.4,21.1,77.2,1003.2,0.0,springwood,2025,10,2,274,3561,1,0,0,1,,1,policy
2025-10-02,16.22,17.33,23,7.76,0.164,8.65,1.46,0.16,-0.18,25.1,19.6,60.6,1002.4,0.0,springwood,2025,10,3,275,3562,1,0,0,1,,1,policy
2025-10-03,14.7,21.67,23,4.83,0.158,6.96,1.42,-0.31,-0.22,22.28,16.5,47.7,1007.6,0.0,springwood,2025,10,4,276,3563,1,0,0,1,,1,policy
2025-10-04,9.43,11.0,23,3.74,0.107,6.83,1.64,-0.55,0.58,20.39,14.6,60.8,1012.6,0.0,springwood,2025,10,5,277,3564,1,1,0,1,,1,policy
2025-10-05,6.65,5.67,23,2.13,0.085,8.85,1.54,-0.2,-0.54,21.07,15.5,61.7,1013.7,0.0,springwood,2025,10,6,278,3565,1,1,0,1,,1,policy
2025-10-06,5.0,7.33,23,3.26,0.087,11.08,1.48,-0.63,-0.94,22.79,16.0,64.7,1009.7,0.0,springwood,2025,10,0,279,3566,1,0,1,1,,1,policy
2025-10-07,13.09,21.33,23,4.96,0.164,16.18,1.52,-0.72,-0.6,23.6,18.0,66.4,1008.1,0.0,springwood,2025,10,1,280,3567,1,0,0,0,,1,policy
2025-10-08,10.17,16.67,23,2.87,0.104,9.14,1.95,-1.01,-1.29,22.95,18.8,71.0,1009.1,0.0,springwood,2025,10,2,281,3568,1,0,0,0,,1,policy
2025-10-09,8.52,17.0,23,2.39,0.075,7.12,2.2,-1.0,-1.77,23.35,19.7,71.2,1009.4,0.0,springwood,2025,10,3,282,3569,1,0,0,0,,1,policy
2025-10-10,8.78,16.33,23,1.91,0.086,8.04,2.03,-1.01,-1.65,23.98,20.8,70.6,1009.1,0.0,springwood,2025,10,4,283,3570,1,0,0,0,,1,policy
2025-10-11,4.61,7.33,23,2.0,0.067,9.45,1.91,-1.1,-1.47,24.92,21.2,68.4,1006.5,0.0,springwood,2025,10,5,284,3571,1,1,0,0,,1,policy
2025-10-12,5.91,4.33,23,2.48,0.093,11.59,1.32,-0.61,-0.92,25.9,22.9,68.2,1005.3,0.2,springwood,2025,10,6,285,3572,1,1,0,0,,1,policy
2025-10-13,13.78,25.67,23,5.43,0.133,8.15,1.48,-0.35,-0.02,24.16,20.8,70.9,1006.5,4.5,springwood,2025,10,0,286,3573,1,0,0,0,,1,policy
2025-10-14,7.5,15.0,22,0.74,0.06,8.83,2.0,-1.66,-0.43,22.8,21.0,65.1,1010.6,0.0,springwood,2025,10,1,287,3574,1,0,0,0,,1,policy
2025-10-15,8.52,16.33,23,1.39,0.081,9.54,1.7,-1.35,-0.8,23.35,20.9,69.2,1012.5,0.0,springwood,2025,10,2,288,3575,1,0,0,0,,1,policy
2025-10-16,9.39,14.67,23,1.35,0.084,5.04,1.6,-1.31,-0.49,22.14,19.5,62.0,1013.6,0.0,springwood,2025,10,3,289,3576,1,0,0,0,,1,policy
2025-10-17,11.0,15.33,23,5.65,0.132,4.84,1.77,-0.48,-0.93,22.42,17.7,62.3,1009.2,0.0,springwood,2025,10,4,290,3577,1,0,0,0,,1,policy
2025-10-18,7.78,7.67,23,3.17,0.173,6.82,1.4,-0.51,-0.75,23.92,19.8,67.4,1004.4,7.1,springwood,2025,10,5,291,3578,1,1,0,0,,1,policy
2025-10-19,3.96,5.67,23,1.61,0.103,7.8,1.6,-0.85,0.33,23.25,19.3,71.8,1006.6,0.0,springwood,2025,10,6,292,3579,1,1,0,0,,1,policy
2025-10-20,8.57,16.67,23,2.3,0.098,5.36,1.68,-0.94,-1.1,23.9,20.3,68.6,1006.3,0.0,springwood,2025,10,0,293,3580,1,0,0,0,,1,policy
2025-10-21,7.13,13.67,23,2.43,0.068,4.47,1.77,-0.84,-1.42,24.16,21.1,67.4,1005.0,0.0,springwood,2025,10,1,294,3581,1,0,0,0,,1,policy
2025-10-22,7.43,14.33,23,2.35,0.07,5.35,1.85,-0.69,-1.54,24.26,21.3,71.3,1003.0,0.0,springwood,2025,10,2,295,3582,1,0,0,0,,1,policy
2025-10-23,10.61,18.0,23,4.09,0.112,9.41,1.3,-0.89,-0.07,25.35,21.4,65.4,1001.8,0.0,springwood,2025,10,3,296,3583,1,0,0,0,,1,policy
2025-10-24,11.39,18.33,23,3.26,0.126,15.47,1.52,-0.43,-0.6,25.13,22.0,65.5,1003.2,0.0,springwood,2025,10,4,297,3584,1,0,0,0,,1,policy
2025-10-25,4.57,6.33,23,0.83,0.08,11.07,1.99,-1.32,0.4,24.3,22.4,66.2,1006.1,0.0,springwood,2025,10,5,298,3585,1,1,0,0,,1,policy
2025-10-26,5.96,6.33,23,2.52,0.103,8.73,1.55,-0.63,-0.68,24.55,21.0,75.9,1000.3,13.6,springwood,2025,10,6,299,3586,1,1,0,0,,1,policy
2025-10-27,20.09,21.0,23,7.43,0.242,19.49,2.02,1.23,0.45,29.99,21.9,50.0,996.1,0.0,springwood,2025,10,0,300,3587,1,0,0,0,,1,policy
2025-10-28,12.57,18.67,23,3.61,0.122,5.07,2.05,-0.95,1.42,19.6,17.5,83.9,1004.9,24.2,springwood,2025,10,1,301,3588,1,0,0,0,,1,policy
2025-10-29,9.35,15.33,23,2.74,0.094,2.92,1.73,0.06,0.6,21.32,17.0,75.5,1004.9,0.0,springwood,2025,10,2,302,3589,1,0,0,0,,1,policy
2025-10-30,12.35,15.33,23,4.65,0.118,4.8,1.45,-0.56,-0.82,23.25,19.6,74.0,1006.8,0.0,springwood,2025,10,3,303,3590,1,0,0,0,,1,policy
2025-10-31,11.39,16.33,23,2.83,0.126,7.3,1.23,-0.7,-0.42,24.17,21.7,76.9,1008.5,8.2,springwood,2025,10,4,304,3591,1,0,0,0,,1,policy
2025-11-01,9.48,12.0,23,2.3,0.12,7.18,1.28,-0.47,-0.37,23.07,21.1,79.4,1006.9,26.1,springwood,2025,11,5,305,3592,1,1,0,0,,1,policy
2025-11-02,4.43,6.0,23,1.74,0.084,7.94,1.75,-0.95,-1.27,25.21,21.6,75.8,1002.9,4.2,springwood,2025,11,6,306,3593,1,1,0,0,,1,policy
2025-11-03,5.48,11.0,23,1.52,0.079,10.84,2.16,-1.02,-1.69,26.61,24.1,77.9,1000.5,0.1,springwood,2025,11,0,307,3594,1,0,0,0,,1,policy
2025-11-04,14.61,20.67,23,6.14,0.163,6.12,1.63,1.5,0.06,25.56,22.5,67.2,1001.7,0.3,springwood,2025,11,1,308,3595,1,0,0,0,,1,policy
2025-11-05,14.74,22.0,23,4.91,0.116,4.24,1.25,-0.41,0.32,23.45,18.3,49.2,1004.9,0.0,springwood,2025,11,2,309,3596,1,0,0,0,,1,policy
2025-11-06,10.96,17.67,23,3.17,0.08,4.93,1.56,-0.76,0.16,22.42,17.7,63.7,1007.8,0.0,springwood,2025,11,3,310,3597,1,0,0,0,,1,policy
2025-11-07,11.52,16.33,23,3.22,0.1,4.95,1.57,-0.6,-0.72,22.71,17.7,63.3,1006.8,0.0,springwood,2025,11,4,311,3598,1,0,0,0,,1,policy
2025-11-08,7.65,9.33,23,2.61,0.092,5.95,1.72,-0.67,-0.91,23.91,19.0,70.6,1003.2,2.3,springwood,2025,11,5,312,3599,1,1,0,0,,1,policy
2025-11-09,13.52,11.33,23,6.09,0.171,9.35,1.0,0.7,-0.12,24.5,22.8,71.8,1001.1,0.1,springwood,2025,11,6,313,3600,1,1,0,0,,1,policy
2025-11-10,11.13,18.0,23,3.83,0.079,5.27,1.66,-0.57,0.97,21.04,17.1,71.9,1004.4,17.5,springwood,2025,11,0,314,3601,1,0,0,0,,1,policy
2025-11-11,10.22,13.0,23,4.57,0.1,5.1,1.57,-0.25,-0.55,21.36,15.7,68.6,1004.4,0.0,springwood,2025,11,1,315,3602,1,0,0,0,,1,policy
2025-11-12,9.13,16.67,23,3.3,0.072,7.73,1.74,-0.97,0.47,21.45,17.2,61.9,1007.0,0.0,springwood,2025,11,2,316,3603,1,0,0,0,,1,policy
2025-11-13,8.91,16.67,23,2.43,0.068,7.51,1.88,-0.83,-1.27,22.57,18.3,61.0,1007.0,0.0,springwood,2025,11,3,317,3604,1,0,0,0,,1,policy
2025-11-14,15.43,21.33,23,5.61,0.146,7.0,1.09,-0.2,-0.66,22.3,19.7,78.4,1003.0,14.5,springwood,2025,11,4,318,3605,1,0,0,0,,1,policy
2025-11-15,6.83,7.33,23,2.91,0.095,7.11,1.45,-0.3,-0.65,23.64,19.6,78.9,1002.7,16.4,springwood,2025,11,5,319,3606,1,1,0,0,,1,policy
2025-11-16,7.91,3.33,23,3.39,0.136,5.94,1.13,-0.2,-1.03,23.75,21.3,82.2,999.5,0.0,springwood,2025,11,6,320,3607,1,1,0,0,,1,policy
2025-11-17,13.43,14.33,23,6.0,0.155,5.09,2.11,1.79,0.91,27.42,22.0,48.7,995.0,0.0,springwood,2025,11,0,321,3608,1,0,0,0,,1,policy
2025-11-18,10.39,19.33,23,3.35,0.077,6.14,1.57,-0.84,0.17,23.26,20.3,58.4,1000.7,0.0,springwood,2025,11,1,322,3609,1,0,0,0,,1,policy
2025-11-19,12.48,16.67,23,3.0,0.083,6.48,1.58,-0.65,-0.59,23.32,19.0,65.7,1004.2,0.0,springwood,2025,11,2,323,3610,1,0,0,0,,1,policy
2025-11-20,10.7,15.33,23,2.43,0.069,6.11,1.53,-0.61,-0.69,24.92,21.0,66.5,1004.8,0.0,springwood,2025,11,3,324,3611,1,0,0,0,,1,policy
2025-11-21,7.82,13.0,22,2.39,0.073,7.46,1.44,-0.93,-0.08,25.4,22.9,75.5,1005.7,0.0,springwood,2025,11,4,325,3612,1,0,0,0,,1,policy
2025-11-22,4.78,7.0,23,0.7,0.053,5.68,1.5,-1.1,0.42,24.74,22.1,75.2,1005.8,0.0,springwood,2025,11,5,326,3613,1,1,0,0,,1,policy
2025-11-23,6.74,5.0,23,2.39,0.071,4.02,1.18,-0.32,-0.58,25.08,20.0,75.0,1000.9,12.6,springwood,2025,11,6,327,3614,1,1,0,0,,1,policy
2025-11-24,15.26,24.0,23,5.74,0.147,7.66,1.22,-0.51,-0.39,26.1,22.5,75.7,996.8,19.9,springwood,2025,11,0,328,3615,1,0,0,0,,1,policy
2025-11-25,10.39,16.0,23,4.78,0.113,8.81,1.53,-0.5,-0.72,26.28,21.8,76.8,996.9,8.6,springwood,2025,11,1,329,3616,1,0,0,0,,1,policy
2025-11-26,13.48,25.67,23,4.78,0.132,6.72,1.4,-0.51,-0.78,26.73,22.8,75.4,997.3,6.0,springwood,2025,11,2,330,3617,1,0,0,0,,1,policy
2025-11-27,14.61,15.33,23,4.96,0.142,5.7,1.57,-0.15,-0.32,27.5,22.1,72.6,996.2,11.3,springwood,2025,11,3,331,3618,1,0,0,0,,1,policy
2025-11-28,15.52,21.0,23,3.48,0.135,8.45,1.81,-0.66,-0.39,28.6,25.7,60.7,998.6,0.0,springwood,2025,11,4,332,3619,1,0,0,0,,1,policy
2025-11-29,10.48,7.33,23,3.0,0.15,8.0,1.21,-0.25,-0.93,27.05,24.7,79.4,996.6,0.1,springwood,2025,11,5,333,3620,1,1,0,0,,1,policy
2025-11-30,6.17,3.67,23,2.57,0.096,8.18,1.51,-0.69,-0.33,27.25,24.0,70.7,996.3,0.0,springwood,2025,11,6,334,3621,1,1,0,0,,1,policy
2025-12-01,9.43,18.0,23,2.09,0.084,8.19,1.83,-0.6,-0.51,25.78,21.4,61.2,997.3,0.0,springwood,2025,12,0,335,3622,1,0,0,0,,1,policy
2025-12-02,9.22,12.67,23,3.57,0.092,4.15,2.43,1.23,1.29,23.52,20.6,45.8,1001.1,0.0,springwood,2025,12,1,336,3623,1,0,0,0,,1,policy
2025-12-03,10.61,15.67,23,3.48,0.08,5.25,1.51,-0.66,0.33,22.71,17.9,56.8,1010.0,0.0,springwood,2025,12,2,337,3624,1,0,0,0,,1,policy
2025-12-04,10.48,13.33,23,3.18,0.085,5.92,1.66,-0.94,-0.58,24.0,20.1,62.7,1011.1,0.0,springwood,2025,12,3,338,3625,1,0,0,0,,1,policy
2025-12-05,8.52,10.0,23,3.52,0.085,4.81,1.72,-0.61,-1.02,24.25,20.0,63.2,1009.0,0.0,springwood,2025,12,4,339,3626,1,0,0,0,,1,policy
2025-12-06,4.3,5.0,23,2.09,0.052,4.34,1.98,-0.72,-1.61,25.48,21.9,63.5,1005.0,0.0,springwood,2025,12,5,340,3627,1,1,0,0,,1,policy
2025-12-07,3.48,3.67,23,1.57,0.04,4.52,1.95,-0.79,-0.74,25.9,20.0,64.7,1002.3,25.5,springwood,2025,12,6,341,3628,1,1,0,0,,1,policy
2025-12-08,10.96,20.0,23,1.7,0.088,4.32,1.5,-0.66,-0.11,23.88,19.4,77.1,1004.6,5.0,springwood,2025,12,0,342,3629,1,0,0,0,,1,policy
2025-12-09,11.17,19.0,23,3.74,0.095,5.33,1.56,-0.48,-0.72,26.05,21.3,70.5,1006.0,0.0,springwood,2025,12,1,343,3630,1,0,0,0,,1,policy
2025-12-10,6.74,9.0,23,0.57,0.056,4.29,1.53,-1.09,-0.74,26.41,23.4,67.3,1008.1,0.0,springwood,2025,12,2,344,3631,1,0,0,0,,1,policy
2025-12-11,7.48,15.0,23,2.52,0.068,4.31,1.45,-0.85,0.1,25.15,21.5,66.9,1007.2,0.0,springwood,2025,12,3,345,3632,1,0,0,0,,1,policy
2025-12-12,9.13,15.67,23,2.91,0.101,4.27,1.35,-0.54,-0.05,23.65,21.4,72.2,1005.1,0.0,springwood,2025,12,4,346,3633,1,0,0,0,,1,policy
2025-12-13,5.35,5.67,23,1.17,0.049,3.85,1.45,-0.65,-0.66,25.0,21.0,67.5,1002.4,0.0,springwood,2025,12,5,347,3634,1,1,0,1,,1,policy
2025-12-14,4.74,4.33,23,2.17,0.049,5.2,1.44,-0.33,-0.99,26.35,23.1,70.8,1000.2,0.0,springwood,2025,12,6,348,3635,1,1,0,1,,1,policy
2025-12-15,7.52,14.0,23,2.48,0.065,11.2,1.64,-0.83,-0.19,27.85,24.4,69.3,1001.8,0.0,springwood,2025,12,0,349,3636,1,0,0,1,,1,policy
2025-12-16,8.87,17.67,23,2.0,0.071,9.55,3.14,-1.72,2.42,24.52,22.5,65.9,1008.8,0.0,springwood,2025,12,1,350,3637,1,0,0,1,,1,policy
2025-12-17,8.65,14.0,23,2.13,0.061,7.96,2.34,-1.51,1.6,23.69,21.8,63.2,1012.2,0.0,springwood,2025,12,2,351,3638,1,0,0,1,,1,policy
2025-12-18,8.96,13.67,23,2.17,0.075,5.85,1.53,-0.7,0.37,24.35,20.1,61.6,1009.5,0.0,springwood,2025,12,3,352,3639,1,0,0,1,,1,policy
2025-12-19,8.0,9.67,23,3.87,0.077,6.07,1.92,-0.4,-0.56,25.35,19.9,64.4,1004.7,0.0,springwood,2025,12,4,353,3640,1,0,0,1,,1,policy
2025-12-20,3.39,4.67,23,1.65,0.057,5.11,1.87,-0.72,-1.47,26.9,23.0,65.3,1002.2,0.0,springwood,2025,12,5,354,3641,1,1,0,1,,1,policy
2025-12-21,2.17,3.33,23,1.09,0.045,5.0,2.2,-0.86,-1.66,27.4,23.3,65.0,1001.5,0.0,springwood,2025,12,6,355,3642,1,1,0,1,,1,policy
2025-12-22,3.09,6.0,23,1.61,0.048,6.36,2.02,-1.04,-1.58,28.64,24.7,70.9,1000.0,0.0,springwood,2025,12,0,356,3643,1,0,0,1,,1,policy
2025-12-23,11.14,6.5,22,4.74,0.122,5.64,1.14,-0.09,0.13,27.29,25.1,80.1,1000.6,3.0,springwood,2025,12,1,357,3644,1,0,0,1,,1,policy
2025-12-24,11.3,12.67,23,3.57,0.141,7.98,1.28,0.13,0.22,26.3,23.3,79.9,1000.8,0.1,springwood,2025,12,2,358,3645,1,0,0,1,,1,policy
2025-12-25,3.83,5.0,23,1.74,0.06,7.09,1.61,-0.35,0.6,26.73,21.8,69.2,998.2,0.0,springwood,2025,12,3,359,3646,1,0,1,1,,1,policy
2025-12-26,2.52,3.67,23,0.22,0.023,9.67,2.12,-1.28,1.27,25.28,22.8,67.5,999.7,0.1,springwood,2025,12,4,360,3647,1,0,1,1,,1,policy
2025-12-27,3.96,4.33,23,0.65,0.027,2.61,2.45,-1.0,1.73,22.35,19.5,63.8,1003.7,0.0,springwood,2025,12,5,361,3648,1,1,0,1,,1,policy
2025-12-28,3.35,3.67,23,0.65,0.025,4.68,2.01,-0.75,1.38,22.72,19.5,57.1,1006.4,0.0,springwood,2025,12,6,362,3649,1,1,0,1,,1,policy
2025-12-29,5.09,6.33,23,1.0,0.029,6.29,2.05,-0.36,1.48,23.04,18.4,50.5,1006.6,0.0,springwood,2025,12,0,363,3650,1,0,0,1,,1,policy
2025-12-30,4.65,7.33,23,1.87,0.04,7.14,1.65,-0.14,0.2,23.21,18.0,56.1,1003.3,0.0,springwood,2025,12,1,364,3651,1,0,0,1,,1,policy
2025-12-31,6.87,7.0,23,3.09,0.054,7.91,1.58,-0.09,-0.31,24.57,19.7,66.4,1000.2,0.5,springwood,2025,12,2,365,3652,1,0,0,1,,1,policy
